-- MySQL dump 10.16  Distrib 10.2.10-MariaDB, for Linux (x86_64)
--
-- Host: localhost    Database: linkonyou
-- ------------------------------------------------------
-- Server version	10.2.10-MariaDB

/*!40101 SET @OLD_CHARACTER_SET_CLIENT=@@CHARACTER_SET_CLIENT */;
/*!40101 SET @OLD_CHARACTER_SET_RESULTS=@@CHARACTER_SET_RESULTS */;
/*!40101 SET @OLD_COLLATION_CONNECTION=@@COLLATION_CONNECTION */;
/*!40101 SET NAMES utf8 */;
/*!40103 SET @OLD_TIME_ZONE=@@TIME_ZONE */;
/*!40103 SET TIME_ZONE='+00:00' */;
/*!40014 SET @OLD_UNIQUE_CHECKS=@@UNIQUE_CHECKS, UNIQUE_CHECKS=0 */;
/*!40014 SET @OLD_FOREIGN_KEY_CHECKS=@@FOREIGN_KEY_CHECKS, FOREIGN_KEY_CHECKS=0 */;
/*!40101 SET @OLD_SQL_MODE=@@SQL_MODE, SQL_MODE='NO_AUTO_VALUE_ON_ZERO' */;
/*!40111 SET @OLD_SQL_NOTES=@@SQL_NOTES, SQL_NOTES=0 */;

--
-- Table structure for table `admin_users`
--

DROP TABLE IF EXISTS `admin_users`;
/*!40101 SET @saved_cs_client     = @@character_set_client */;
/*!40101 SET character_set_client = utf8 */;
CREATE TABLE `admin_users` (
  `id` int(10) unsigned NOT NULL AUTO_INCREMENT,
  `name` varchar(255) NOT NULL COMMENT '관리자 이름',
  `email` varchar(255) NOT NULL COMMENT '관리자 이메일',
  `password` varchar(255) NOT NULL COMMENT '비밀번호',
  `remember_token` varchar(100) DEFAULT NULL,
  `created_at` timestamp NULL DEFAULT NULL,
  `updated_at` timestamp NULL DEFAULT NULL,
  `deleted_at` timestamp NULL DEFAULT NULL,
  PRIMARY KEY (`id`)
) ENGINE=InnoDB AUTO_INCREMENT=3 DEFAULT CHARSET=utf8;
/*!40101 SET character_set_client = @saved_cs_client */;

--
-- Dumping data for table `admin_users`
--

LOCK TABLES `admin_users` WRITE;
/*!40000 ALTER TABLE `admin_users` DISABLE KEYS */;
INSERT INTO `admin_users` VALUES (1,'쥐드래곤','ybyun79@enjoyworks.co.kr','$2y$10$y39PWKsrpVparqBH7M.Y0OpKcJpYgX4o9EGq5Dx0kWCzRFomCU.JK',NULL,NULL,NULL,NULL),(2,'admin','admin@enjoyworks.co.kr','$2y$10$y39PWKsrpVparqBH7M.Y0OpKcJpYgX4o9EGq5Dx0kWCzRFomCU.JK','2nywIuPlp2sZx7xpeVK5WuA4nhYUoZwudiqdf59PHpNXoO47PRHS5Cjkg4EO',NULL,NULL,NULL);
/*!40000 ALTER TABLE `admin_users` ENABLE KEYS */;
UNLOCK TABLES;

--
-- Table structure for table `authorization`
--

DROP TABLE IF EXISTS `authorization`;
/*!40101 SET @saved_cs_client     = @@character_set_client */;
/*!40101 SET character_set_client = utf8 */;
CREATE TABLE `authorization` (
  `id` int(11) NOT NULL AUTO_INCREMENT,
  `user_type` varchar(50) DEFAULT NULL COMMENT '요청자 타입',
  `user_id` int(11) DEFAULT NULL COMMENT '요청자 아이디',
  `phone` varchar(50) DEFAULT NULL,
  `authorize_num` varchar(50) DEFAULT NULL,
  `confirm` enum('Y','N') DEFAULT 'N',
  `expired_at` datetime DEFAULT NULL,
  `created_at` datetime DEFAULT NULL,
  `updated_at` datetime DEFAULT NULL,
  `deleted_at` datetime DEFAULT NULL,
  PRIMARY KEY (`id`)
) ENGINE=InnoDB AUTO_INCREMENT=72 DEFAULT CHARSET=utf8 COMMENT='휴대폰 인증';
/*!40101 SET character_set_client = @saved_cs_client */;

--
-- Dumping data for table `authorization`
--

LOCK TABLES `authorization` WRITE;
/*!40000 ALTER TABLE `authorization` DISABLE KEYS */;
INSERT INTO `authorization` VALUES (54,'sales_users',15,'01092700650','257849','N','2019-01-18 00:09:19','2019-01-18 00:06:19','2019-01-18 00:06:19',NULL),(55,'store_users',1,'01024271977','492602','N','2019-01-28 01:00:57','2019-01-28 00:57:57','2019-01-28 00:57:57',NULL),(56,'store_users',1,'01024271977','606582','N','2019-01-28 07:24:24','2019-01-28 07:21:24','2019-01-28 07:21:24',NULL),(57,'store_users',1,'01024271977','922525','N','2019-01-28 07:28:02','2019-01-28 07:25:03','2019-01-28 07:25:03',NULL),(58,'store_users',1,'01024271977','194081','N','2019-01-28 07:31:36','2019-01-28 07:28:36','2019-01-28 07:28:36',NULL),(59,'store_users',1,'01024271977','745508','Y','2019-01-28 07:49:20','2019-01-28 07:46:20','2019-01-28 07:46:34',NULL),(60,'store_users',1,'01024271977','188528','N','2019-02-11 07:39:14','2019-02-11 07:36:14','2019-02-11 07:36:14',NULL),(61,'store_users',1,'01092700650','099630','N','2019-02-14 07:34:23','2019-02-14 07:31:23','2019-02-14 07:31:23',NULL),(62,'store_users',1,'01030809636','615967','Y','2019-02-23 06:18:22','2019-02-23 06:15:22','2019-02-23 06:15:43',NULL),(63,'store_users',1,'01024271977','548612','N','2019-03-21 08:24:12','2019-03-21 08:21:12','2019-03-21 08:21:12',NULL),(64,'store_users',1,'01030809636','368395','Y','2019-03-21 08:24:34','2019-03-21 08:21:34','2019-03-21 08:21:51',NULL),(65,'store_users',1,'01024271977','244684','N','2019-03-21 08:45:40','2019-03-21 08:42:40','2019-03-21 08:42:40',NULL),(66,'store_users',1,'01024271977','625053','N','2019-03-26 09:01:28','2019-03-26 08:58:28','2019-03-26 08:58:28',NULL),(67,'store_users',1,'01024271977','217584','N','2019-03-26 09:01:36','2019-03-26 08:58:36','2019-03-26 08:58:36',NULL),(68,'admin_users',2,'01092700650','700417','N','2019-03-29 04:55:31','2019-03-29 04:52:31','2019-03-29 04:52:31',NULL),(69,'store_users',1,'01024271977','366584','N','2019-05-15 07:13:12','2019-05-15 07:10:12','2019-05-15 07:10:12',NULL),(70,'store_users',1,'01024271977','765364','N','2019-05-15 07:13:21','2019-05-15 07:10:21','2019-05-15 07:10:21',NULL),(71,'store_users',18,'01030809636','461209','N','2019-05-22 06:31:27','2019-05-22 06:28:27','2019-05-22 06:28:27',NULL);
/*!40000 ALTER TABLE `authorization` ENABLE KEYS */;
UNLOCK TABLES;

--
-- Table structure for table `board_faq`
--

DROP TABLE IF EXISTS `board_faq`;
/*!40101 SET @saved_cs_client     = @@character_set_client */;
/*!40101 SET character_set_client = utf8 */;
CREATE TABLE `board_faq` (
  `id` int(11) NOT NULL AUTO_INCREMENT,
  `admin_users_id` int(11) DEFAULT NULL COMMENT '작성자 id',
  `title` varchar(250) DEFAULT NULL COMMENT '제목',
  `contents` text DEFAULT NULL COMMENT '내용',
  `created_at` datetime DEFAULT NULL,
  `updated_at` datetime DEFAULT NULL,
  `deleted_at` datetime DEFAULT NULL,
  PRIMARY KEY (`id`)
) ENGINE=InnoDB AUTO_INCREMENT=12 DEFAULT CHARSET=utf8 COMMENT='자주묻는 질문';
/*!40101 SET character_set_client = @saved_cs_client */;

--
-- Dumping data for table `board_faq`
--

LOCK TABLES `board_faq` WRITE;
/*!40000 ALTER TABLE `board_faq` DISABLE KEYS */;
INSERT INTO `board_faq` VALUES (1,1,'녹차 우리기','모릅니다ㄴㄴㄴ','2018-12-10 06:00:54','2018-12-10 07:34:06',NULL),(2,1,'정수기 찬 물ss','모릅니다','2018-12-10 06:01:05','2018-12-11 07:57:32',NULL),(3,1,'영수증 출력 방법','이렇게하면됩니다~~~~~~~~','2018-12-07 14:47:57','2018-12-10 07:04:02',NULL),(4,1,'ss','sssssssssssssssssssss','2018-12-10 08:33:09','2018-12-10 08:34:08','2018-12-10 08:34:08'),(5,1,NULL,NULL,'2018-12-11 01:51:45','2018-12-11 07:57:23','2018-12-11 07:57:23'),(6,1,NULL,NULL,'2018-12-11 02:17:27','2018-12-11 07:57:23','2018-12-11 07:57:23'),(7,1,'test','1','2018-12-11 07:57:43','2018-12-11 07:57:43',NULL),(8,1,'강아지수제간식~~','<p align=\"center\" style=\"border: 0px; font-size: 16px; vertical-align: middle; line-height: 18px; background: rgb(255, 255, 255); color: rgb(70, 70, 70); font-family: 돋움;\">저희 테마파크에서는 이주일에 한번씩 강아지들의 건강을 위해 수제간식을 직접 만들어</p><p align=\"center\" style=\"border: 0px; font-size: 16px; vertical-align: middle; line-height: 18px; background: rgb(255, 255, 255); color: rgb(70, 70, 70); font-family: 돋움;\">배급해 주고있습니다.... 운영팀분들이 고생이 많으시죠 ㅜㅜ</p><p align=\"center\" style=\"border: 0px; font-size: 16px; vertical-align: middle; line-height: 18px; background: rgb(255, 255, 255); color: rgb(70, 70, 70); font-family: 돋움;\">평소에는 데코에 신경도 안쓰고 그냥 휘리릭 만들어서 배급해 주고 있지만</p><p align=\"center\" style=\"border: 0px; font-size: 16px; vertical-align: middle; line-height: 18px; background: rgb(255, 255, 255); color: rgb(70, 70, 70); font-family: 돋움;\">어제 저희 강아지들 생일 파티를 위해서 예쁘게 생일케이크를 만들었어요</p><p align=\"center\" style=\"border: 0px; font-size: 16px; vertical-align: middle; line-height: 18px; background: rgb(255, 255, 255); color: rgb(70, 70, 70); font-family: 돋움;\"><span style=\"margin: 0px; border: 0px; padding: 0px; vertical-align: middle; background: transparent;\">&nbsp;</span></p><p align=\"center\" style=\"border: 0px; font-size: 16px; vertical-align: middle; line-height: 18px; background: rgb(255, 255, 255); color: rgb(70, 70, 70); font-family: 돋움;\"><span style=\"margin: 0px; border: 0px; padding: 0px; vertical-align: middle; background: transparent;\">저희 테마파크야 강아지에 대해 전문지식을 가지신 분들이 많이 계셔&nbsp;</span><span style=\"margin: 0px; border: 0px; padding: 0px; vertical-align: middle; background: transparent;\">이런것들이 생활화 되어있지만,</span></p><p align=\"center\" style=\"border: 0px; font-size: 16px; vertical-align: middle; line-height: 18px; background: rgb(255, 255, 255); color: rgb(70, 70, 70); font-family: 돋움;\">강아지를 키우신지 얼마 되지 않은 반려인 분들은 강아지 간식만드는 법이 궁금하실것 같아,</p><p align=\"center\" style=\"border: 0px; font-size: 16px; vertical-align: middle; line-height: 18px; background: rgb(255, 255, 255); color: rgb(70, 70, 70); font-family: 돋움;\">운영팀장님과 상의해 이참에 수제간식 만드는 법을 포스팅 하기로 하였지요~</p><p align=\"center\" style=\"border: 0px; font-size: 16px; vertical-align: middle; line-height: 18px; background: rgb(255, 255, 255); color: rgb(70, 70, 70); font-family: 돋움;\"><br></p><p align=\"center\" style=\"border: 0px; font-size: 16px; vertical-align: middle; line-height: 18px; background: rgb(255, 255, 255); color: rgb(70, 70, 70); font-family: 돋움;\">강아지를 오래 키우셨던 분들은 다 아실지도 모르겠지만,&nbsp;</p><p align=\"center\" style=\"border: 0px; font-size: 16px; vertical-align: middle; line-height: 18px; background: rgb(255, 255, 255); color: rgb(70, 70, 70); font-family: 돋움;\">사람이 먹는 음식중에 강아지에게<span style=\"margin: 0px; border: 0px; padding: 0px; vertical-align: middle; background: transparent;\">주어도 되는 음식과 주면 안돼는 음식이 있다는것 다들 아시죠??</span></p><p align=\"center\" style=\"border: 0px; font-size: 16px; vertical-align: middle; line-height: 18px; background: rgb(255, 255, 255); color: rgb(70, 70, 70); font-family: 돋움;\"><br></p><p align=\"center\" style=\"border: 0px; font-size: 16px; vertical-align: middle; line-height: 18px; background: rgb(255, 255, 255); color: rgb(70, 70, 70); font-family: 돋움;\">그래서 준비했습니다! 사람과 강아지가 함께 먹을수 있는 수제간식만들기&nbsp;</p><p align=\"center\" style=\"border: 0px; font-size: 16px; vertical-align: middle; line-height: 18px; background: rgb(255, 255, 255); color: rgb(70, 70, 70); font-family: 돋움;\">함께 보실까요!!!!!!!!</p><p align=\"center\" style=\"border: 0px; font-size: 16px; vertical-align: middle; line-height: 18px; background: rgb(255, 255, 255); color: rgb(70, 70, 70); font-family: 돋움;\">출~발~</p><p align=\"center\" style=\"border: 0px; font-size: 16px; vertical-align: middle; line-height: 18px; background: rgb(255, 255, 255); color: rgb(70, 70, 70); font-family: 돋움;\"><br></p><p align=\"center\" style=\"border: 0px; font-size: 16px; vertical-align: middle; line-height: 18px; background: rgb(255, 255, 255); color: rgb(70, 70, 70); font-family: 돋움;\"><img src=\"http://themepark.phps.kr/editor/upload/img/1447318233.jpg\" border=\"0\" style=\"margin: 0px; border: 0px; padding: 0px; vertical-align: middle; line-height: 24px; background: transparent;\"></p><p align=\"center\" style=\"border: 0px; font-size: 16px; vertical-align: middle; line-height: 18px; background: rgb(255, 255, 255); color: rgb(70, 70, 70); font-family: 돋움;\"><br></p><p align=\"center\" style=\"border: 0px; font-size: 16px; vertical-align: middle; line-height: 18px; background: rgb(255, 255, 255); color: rgb(70, 70, 70); font-family: 돋움;\">짠 오늘의 수제간식 재료는</p><p align=\"center\" style=\"border: 0px; font-size: 16px; vertical-align: middle; line-height: 18px; background: rgb(255, 255, 255); color: rgb(70, 70, 70); font-family: 돋움;\"><span style=\"margin: 0px; border: 0px; padding: 0px; vertical-align: middle; background: transparent; color: rgb(255, 108, 0);\">닭가슴살, 단호박, 고구마, 브로콜리, 계란 노른자</span>&nbsp;입니다!!</p><p align=\"center\" style=\"border: 0px; font-size: 16px; vertical-align: middle; line-height: 18px; background: rgb(255, 255, 255); color: rgb(70, 70, 70); font-family: 돋움;\">위에있는 재료들은 강아지들 건강에 아주좋은 재료들인데요</p><p align=\"center\" style=\"border: 0px; font-size: 16px; vertical-align: middle; line-height: 18px; background: rgb(255, 255, 255); color: rgb(70, 70, 70); font-family: 돋움;\">강아지들도 사료만 먹다보면 영양 불균형이 되기 쉽기때문에 적당한 간식과&nbsp;</p><p align=\"center\" style=\"border: 0px; font-size: 16px; vertical-align: middle; line-height: 18px; background: rgb(255, 255, 255); color: rgb(70, 70, 70); font-family: 돋움;\">사료를 배급해 주는것이 강아지 장수의 비결이겠죠!!</p><p align=\"center\" style=\"border: 0px; font-size: 16px; vertical-align: middle; line-height: 18px; background: rgb(255, 255, 255); color: rgb(70, 70, 70); font-family: 돋움;\">&nbsp;&nbsp;&nbsp;</p><p align=\"center\" style=\"border: 0px; font-size: 16px; vertical-align: middle; line-height: 18px; background: rgb(255, 255, 255); color: rgb(70, 70, 70); font-family: 돋움;\"><br style=\"clear: both;\"><img src=\"http://themepark.phps.kr/editor/upload/img/1447318298.jpg\" border=\"0\" style=\"margin: 0px; border: 0px; padding: 0px; vertical-align: middle; line-height: 24px; background: transparent;\"><br style=\"clear: both;\"><img src=\"http://themepark.phps.kr/editor/upload/img/1447318309.jpg\" border=\"0\" style=\"margin: 0px; border: 0px; padding: 0px; vertical-align: middle; line-height: 24px; background: transparent;\"></p><p align=\"center\" style=\"border: 0px; font-size: 16px; vertical-align: middle; line-height: 18px; background: rgb(255, 255, 255); color: rgb(70, 70, 70); font-family: 돋움;\"><br></p><p align=\"center\" style=\"border: 0px; font-size: 16px; vertical-align: middle; line-height: 18px; background: rgb(255, 255, 255); color: rgb(70, 70, 70); font-family: 돋움;\">먼저 고구마를 박박 닦아줍니다!</p><p align=\"center\" style=\"border: 0px; font-size: 16px; vertical-align: middle; line-height: 18px; background: rgb(255, 255, 255); color: rgb(70, 70, 70); font-family: 돋움;\">그리고 껍질을 배껴주세요&nbsp;</p><p align=\"center\" style=\"border: 0px; font-size: 16px; vertical-align: middle; line-height: 18px; background: rgb(255, 255, 255); color: rgb(70, 70, 70); font-family: 돋움;\">(저 빠른 손놀림을보라.. 한두번 해본 솜씨가 아녀...)<br></p><p align=\"center\" style=\"border: 0px; font-size: 16px; vertical-align: middle; line-height: 18px; background: rgb(255, 255, 255); color: rgb(70, 70, 70); font-family: 돋움;\"><br></p><p align=\"center\" style=\"border: 0px; font-size: 16px; vertical-align: middle; line-height: 18px; background: rgb(255, 255, 255); color: rgb(70, 70, 70); font-family: 돋움;\">여기서 TIP!!</p><p align=\"center\" style=\"border: 0px; font-size: 16px; vertical-align: middle; line-height: 18px; background: rgb(255, 255, 255); color: rgb(70, 70, 70); font-family: 돋움;\"><br></p><p align=\"center\" style=\"border: 0px; font-size: 16px; vertical-align: middle; line-height: 18px; background: rgb(255, 255, 255); color: rgb(70, 70, 70); font-family: 돋움;\"><span style=\"margin: 0px; border: 0px; padding: 0px; vertical-align: middle; background: transparent; color: rgb(255, 108, 0);\">고구마</span></p><p align=\"center\" style=\"border: 0px; font-size: 16px; vertical-align: middle; line-height: 18px; background: rgb(255, 255, 255); color: rgb(70, 70, 70); font-family: 돋움;\"><span style=\"margin: 0px; border: 0px; padding: 0px; vertical-align: middle; background: transparent; color: rgb(255, 108, 0);\">반려견의</span><span style=\"margin: 0px; border: 0px; padding: 0px; vertical-align: middle; background: transparent; color: rgb(255, 108, 0);\">&nbsp;심혈관질환,</span><span style=\"margin: 0px; border: 0px; padding: 0px; vertical-align: middle; background: transparent; color: rgb(255, 108, 0);\">&nbsp;변비예방에 좋고,&nbsp;</span><span style=\"margin: 0px; border: 0px; padding: 0px; vertical-align: middle; background: transparent; color: rgb(255, 108, 0);\">항암효과</span><span style=\"margin: 0px; border: 0px; padding: 0px; vertical-align: middle; background: transparent; color: rgb(255, 108, 0);\">에 뛰어난 식품이라고 하네요</span></p><p align=\"center\" style=\"border: 0px; font-size: 16px; vertical-align: middle; line-height: 18px; background: rgb(255, 255, 255); color: rgb(70, 70, 70); font-family: 돋움;\"><span style=\"margin: 0px; border: 0px; padding: 0px; vertical-align: middle; background: transparent; color: rgb(255, 108, 0);\">고구마에 들어있는 칼륨이란 성분이 강아지의 심장을 튼튼하게 만들어 심장병또한 예방해 준다고 해요!</span></p><p align=\"center\" style=\"border: 0px; font-size: 16px; vertical-align: middle; line-height: 18px; background: rgb(255, 255, 255); color: rgb(70, 70, 70); font-family: 돋움;\"><span style=\"margin: 0px; border: 0px; padding: 0px; vertical-align: middle; background: transparent; color: rgb(255, 108, 0);\">고구마는 달달하고 부드러운 음식이라 강아지들이 잘먹는 음식이기도 해요&nbsp;</span></p>','2018-12-26 04:22:18','2018-12-26 04:22:44',NULL),(9,2,'설명서','<p>설명서입니다</p>','2019-04-05 00:26:59','2019-04-05 00:26:59',NULL),(10,2,'설명서등록','<p>테스트1</p>','2019-04-05 01:23:05','2019-04-05 03:48:36','2019-04-05 03:48:36'),(11,2,'설명서테스트1','<p>설명서테스트1</p><p><br></p>','2019-04-05 03:48:25','2019-04-05 03:48:25',NULL);
/*!40000 ALTER TABLE `board_faq` ENABLE KEYS */;
UNLOCK TABLES;

--
-- Table structure for table `board_notice`
--

DROP TABLE IF EXISTS `board_notice`;
/*!40101 SET @saved_cs_client     = @@character_set_client */;
/*!40101 SET character_set_client = utf8 */;
CREATE TABLE `board_notice` (
  `id` int(11) NOT NULL AUTO_INCREMENT,
  `admin_users_id` int(11) DEFAULT NULL COMMENT '작성자 id',
  `category` enum('대리점','가맹점') DEFAULT NULL COMMENT '분류',
  `title` varchar(250) DEFAULT NULL COMMENT '제목',
  `contents` text DEFAULT NULL COMMENT '공지내용',
  `push` enum('N','Y') DEFAULT NULL,
  `created_at` datetime DEFAULT NULL,
  `updated_at` datetime DEFAULT NULL,
  `deleted_at` datetime DEFAULT NULL,
  PRIMARY KEY (`id`)
) ENGINE=InnoDB AUTO_INCREMENT=23 DEFAULT CHARSET=utf8 COMMENT='공지사항';
/*!40101 SET character_set_client = @saved_cs_client */;

--
-- Dumping data for table `board_notice`
--

LOCK TABLES `board_notice` WRITE;
/*!40000 ALTER TABLE `board_notice` DISABLE KEYS */;
INSERT INTO `board_notice` VALUES (1,1,NULL,NULL,NULL,'Y','2018-12-07 14:28:01','2019-01-07 01:37:14','2019-01-08 17:40:18'),(2,1,'대리점','공지사항1','공지사항1','Y','2018-12-10 05:33:59','2019-01-07 01:40:09',NULL),(3,1,'가맹점','공지사항3','안알랴줌','Y','2018-12-10 05:34:05',NULL,NULL),(4,1,NULL,NULL,NULL,'Y','2018-12-10 05:34:13','2019-01-07 01:37:08','2019-01-08 17:40:15'),(5,1,NULL,NULL,NULL,'Y','2018-12-10 05:34:17','2019-01-04 04:37:38','2019-01-08 17:40:14'),(6,1,'대리점','sss','sss',NULL,'2018-12-10 08:40:54','2018-12-19 00:37:32','2018-12-19 00:37:32'),(7,1,'가맹점','ss','ss',NULL,'2018-12-10 08:41:07','2018-12-19 00:37:31','2018-12-19 00:37:31'),(8,1,'가맹점','testsss','test1ssssss',NULL,'2018-12-11 07:44:08','2018-12-19 00:37:31','2018-12-19 00:37:31'),(9,1,NULL,NULL,NULL,NULL,'2018-12-19 08:09:33','2019-01-04 02:45:13','2019-01-08 17:40:26'),(10,1,'가맹점','가맹점공지사항입니다.','<div class=\"post_ct  \" id=\"viewTypeSelector\" style=\"padding: 36px 74px 10px; font-size: 1.143em; line-height: 1.45em; word-break: break-all; overflow-wrap: break-word; min-height: 87px; font-family: sans-serif; background-color: rgb(255, 255, 255);\"><div _foo=\"text-align: center;\" align=\"center\"><span class=\"_img  fx\" thumburl=\"https://mblogthumb-phinf.pstatic.net/20120827_71/missalz_1346065223767F7TML_JPEG/%B9%F6%B0%C5%C5%B7.jpg?type=\" style=\"max-width: 100%;\"><img src=\"https://mblogthumb-phinf.pstatic.net/20120827_71/missalz_1346065223767F7TML_JPEG/%B9%F6%B0%C5%C5%B7.jpg?type=w2\" largesrc=\"javascript:location.href=\'https://mblogthumb-phinf.pstatic.net/20120827_71/missalz_1346065223767F7TML_JPEG/%B9%F6%B0%C5%C5%B7.jpg?type=w2\'\" class=\"_postImage\" style=\"border: 0px; vertical-align: top; max-width: 100%;\"></span></div></div><div class=\"post_tag \" style=\"margin: 25px 74px 35px; padding: 27px 0px 0px; font-family: sans-serif; font-size: 14px; background-color: rgb(255, 255, 255);\"><ul style=\"margin: 0px; padding: 0px; list-style: none;\"><li style=\"margin: 0px 8px 8px 0px; padding: 0px; float: left; position: relative;\"><a href=\"https://m.blog.naver.com/BlogTagView.nhn?blogId=missalz&amp;logNo=30145677002&amp;tagName=%EB%B2%84%EA%B1%B0%ED%82%B9&amp;page=1\" style=\"color: rgb(127, 127, 127); text-decoration-line: none; cursor: pointer; -webkit-tap-highlight-color: rgba(0, 0, 0, 0.1); float: left; max-width: 100%; height: 16px; padding: 0px 1px 1px; font-size: 15px; line-height: 17px; background: rgb(242, 242, 242); vertical-align: top;\"></a></li></ul></div><div id=\"ssp-bottom\" style=\"color: rgb(0, 0, 0); font-family: sans-serif; font-size: 14px; font-style: normal; font-variant-ligatures: normal; font-variant-caps: normal; font-weight: 400; letter-spacing: normal; orphans: 2; text-align: start; text-indent: 0px; text-transform: none; white-space: normal; widows: 2; word-spacing: 0px; -webkit-text-stroke-width: 0px; background-color: rgb(255, 255, 255); text-decoration-style: initial; text-decoration-color: initial;\"></div>',NULL,'2019-01-07 04:38:32','2019-01-07 04:38:32',NULL),(11,2,'대리점','11223','<p>공지사항3</p>',NULL,'2019-01-08 11:02:51','2019-01-08 11:03:09',NULL),(12,2,'대리점','공지1','<p>공지1</p>',NULL,'2019-04-05 01:22:12','2019-04-05 01:22:12',NULL),(13,2,'대리점','dd','<p><img src=\"data:image/png;base64,iVBORw0KGgoAAAANSUhEUgAAAOEAAADhCAMAAAAJbSJIAAAAhFBMVEUAAAD////8/Pzo6OgMDAzW1tZERESAgIDIyMj4+Pg0NDRdXV14eHjExMTl5eXLy8vy8vLf3987Ozutra0jIyPs7OzT09O7u7uGhoZsbGwSEhJ0dHSdnZ2UlJS3t7elpaUtLS0dHR1jY2NOTk43NzdmZmafn5+NjY1VVVUoKCgYGBhAQEAfm6tVAAALIUlEQVR4nO1d6ZqiOhCViAvaIIiCS6t067i+//tdAoIsVWFJ0WPPzfnm/ui+maJOCEmtmV5PQUFBQUFBQUFBQUFBQUFBQUFBQUFBQUFBQeF/AX1z3/xtHUItQjW+FrdgMpmc5o/h8Tr9nh7nk0X13ww+Pkary+7s7n0O0xzPvMHAcRxraRvaC4Yz81fHr+6pRHi4oT7j8Ww8m3leqI1lWf1lXqGnWpa3Hw2FstalvySCPbvMf4JhlVYs/6O1/8ZlbYujq8DG6+4ZfjTTKYSzw9ZXc1lMG2y7ZjhqrFW4vnZUDDlmk/djGC7WK5ksxthHpwxXrRhq2plstkK4XTK8tNOJaWOy2WJMMztkuGunVUjRo5otLszvjuGhvVazoqzP1rKYduiModtWq5Dinmq2OMfOTg1TQiltRDVb4XTZNczCH2YYqmUHVAxDdPUpSjEs7IFSDJl27IbhWEYrTZtmZflysgbdMJzJaeVkZcmsB44ppuRfZMhyWnlyBBlgRBBAUqvcoehIymJBFwyltcps8pakLA3xWf4uw6xW0gw72WukGWb2GmmGRheuojRDdqNjqHXhKcprNSKUVbR0CbDpS2v1cl/lZVn0DBdLOq028rLsm0jZVghsea2S0NtCXpYGxn+kMC+HfpuCJVrdCBjSbzXzhjFcgGCqFcF6AANc3TBkDd5tcuZPMIbL+4IjmK7PpiGOi9Nvpg/seal5MflzcErB/RwS1xVd8bkd8tsTCaO3aoa1HjXZixgmQbdh5WzF2ApWMz3DY5XaT1wFJ8GgoaxwKtAJs3RqhlfsUcVQoWAbSRbhFBtQ8vu2qKwleTwK1aoUhf5GP59+OqKurN7g5xj+odBKb8wQzVLRGzUow3JsD827LO+NGd7g9cA6cPPRFHCZ4R0baj8ZorMFHHKw08Z8+ogi+s0DCS9grwlfhXNJtj90toCcRDE8FApis07yiOjS+6zWKoR1yNQuoB8XIKsYpjW8VUdRfTTldymPzQUew0/Gcqf1ZAEBplzwOKTXXaYbTYiNymOTgG90XluHp0uxSN8imj4EGLrxLHF6s9Hp9fsN+YeIJsSAb+IV0nYOT0WC1cxOv1g02QqshydD2/wIXr+8jUy7lJSUBZpMARj68dsbfD7in4+fDv+5iiGDZPGZNfz1/fWb+W7ApZHHvVGGQCkP/3YGu+eR/L23n2dayhBd8YCsA9tnP+Krm9i9P/cOgSzJ3lvFB8Nild0KU4bIimdQaCJTdHT/GGfOf3KGe4wh+sUPz4XTOmWIzJYwMTjcec+tqyuGaMoP1Oq23pdjom47WeFSmALSyBmiKb+yVsPV2Iac/ZQhmqiDKhofIxN0OckZ1tbq6mDOU8oQTdSViywnDhbxIGeIavUoDMSr8lKGsHsVTkzZYDmizuaPMWRFrfCatdSuxhzIZblaE3W8f46hWSzHxqvDxAxtF9pn8DAG+YkPaWWPAaP0jOp0xmXZB2QbxWv8yKtq8mcbiwxhsJoer+jawbK0pYvXVuA1fuQh4fyBZJsjzEtDTYOXXZ1hyKyDsHQEny/qsL6enEmML84PbnNO4fQPXrOxSmRZT0Faht4RLnzHa4uoixW+ksiEbW7Dt6dv933II++JsuGJ5/BMtjqJ49jT167F4PJfvLYI8LTkGBrcKGTmNvz2JhfPwJ+xRMPUCcP7MhvVCCILCFt1aGQS8rylsAj1jnoerm6aogYLPXXMBnlVRd0GbkLveLYS+w6eLywfzjRBO0c7hj7nM/KzLwjc4NEMjsZO+ZGbDz87G+A70VFpHSSBH4eBlrenwVYdNBaaK4rqPT4jZygjDowQTnCGtHGaYG0CBSIBNBQ/wIxkyO0bcIYYeGjgrUiUNUPHeGMpbSDGHRqNH4d29P+Hq5mdd2WfDE+QNPw4pMvMnC1k62A2mMHDDwueW9uhzhADMy14yacDDW+DDZ6m70PjBWUWPO2yRJ0hA5LWwzPKZDlgNMtSTthGwDeayD3EE8QgQ8FGQ9Y8s8CfATpoghr1nbAYyoakCfp0yMzSU8NZtPB1FR6oE3zNg98VbtHQmTRoUQHcR4Zm+7XocEGLMOD5mggKO8hMGjyKADYgidoM+HzhKkPunqB5yCDrDMajCJAhKViF0WGBprfB+RLs49qSiqDoWwcMb1EvjC+eL8Ddw+MhyEbeCoKFUjazHgKVos1P0P9bZngSVczRNZMK3krZuBeWgvPhgt7RsuEtbGGh8w5xM7PsWrjCsj0+QrAiSq6CsAuTiW80aAK8n6tU0LITEnTiOUBRnC9xqzDdRiNYKsWipEONelDBYVKITFZ0HROGgwWuQs61mFQ1fv0Rz5eWe+pXVfseYRgKdxWyZpa+s6tuuvgSz1eO4aqylp/uM6zlvpw+q7sL4vMLZ/gyvINddTcG6Li1BP6U2JDU17zOorrKPT7u8F6Z53xNz4M6deOEVyts8Kc4B9cU2P45sHirFLjH1jmUVrsdgDDOFoi01qBUNoz4FaE1+s+4TV1poC/ZEkI7rAHivY+gKyUC5bUKAuepCYw4kCZwNhuAaWBYriVaX7OSh086X3R+RU/iEpIs0hyDIEzVBKRXRrW9siWPZNLbXZ5UBG3rodwFFgmSSaeZr5VQ46aQvN4hRmr9tL6WJgvi7lEChpmKQ5IVQXw9jexFChyvshDZ6zA4SDfSHkFLMjOMl+cnP1/MIPQqIkg3e+YqmwlWBPl1EfJmVrZ0SfrSAvpiNoHzVBP9TCRAtqWfvbrBySAoFKgHO5uL/pJrw2cGpWv/hCC3Vk+nnCMn16TOnrEeWuD1q7Vg5BNEcxlZWjf3Qq6lGBqFuD9ealOLYSc30UmZysviVyPlHtrUNVAx2t7oyTEr7XuC3FolnI5uEpYwlYGjWcKd7uw6yNY3OA6KFfwcbW8t1ayOLtnrtXYG+rAX3nJFLKnrLLNo4wwwB9vVBZk6HBatw1tE3YjvC7aPl203ny/D7OCQz6GZqcwsfysyHBveLdnPtY12BNxULhYX2o6/OlZcxoE6T6wY7rYd83L9kX85QOg8GXbfsgazsXleTR91aiGFK4LZS8tyQmmHy58h/TVXGNKnW87AG/v+fn++jLbr7+MpuC3uTe9PScv9Y2n7/f4QS5u3kUYC/ToMCNfK8UgpTUFBQUFBQUFBQUFBQeGHMb3sdrtVzZjzaT6v6wMG83mUe9s85o/qhlB9/gR5CnGdJP3GQY3RGxvrJCyBl4BFZQc82F/dL5mmdZhHm8FIG3GZ5tR4OTqPXdWTzCPgUUE6p1rdL5ltCiMNoTospLa+XnjbdQ3BDRiOmjNkltVnXBPKmxP5lPEsGY/I12jb7Jah1dP1KY9nUaYS2bMvfPQeDHtxXJkyG5wwXP3DDNmbMTQVw4bIMqzR5fC7GQ6C6uG/mOH6UKse6RczrAnFMIO2DHlemjKz/1YM+z39K7IfKWsz3oph7AIwg7SM9q0Ysvg/2n/2+K0YGjPPW3Jnp75C1XgrhnynCbhHTtkX9HYMo27prk6LoHr4bz4Pb+f+v215P/553+J9fHzlHzaFYljAL2bYzXcYSbw29y2IGUa+islq3b4cMbxOY3wHoqE8mt7nl0vyUuvqrkLOcDm8Tl2DuHnG5JWfM7fPLd4a/963nq1Iha+OTMBvtdUMfx9dQlsdTn9F9Rlto+xXegturY4APdu8VbGW1q9MRI3VkWm4sYI6mtfH2TJC2F4ta1c3BxG88E/lLTlz17JD9M06yaSTF8n1PL+D0v3b/DT/K/WtCgoKCgoKCgoKCgoKCgoKCgoKCgoKCgoKCgoKCgoKMf4DnmSmlT0IcMMAAAAASUVORK5CYII=\" alt=\"ddì ëí ì´ë¯¸ì§ ê²ìê²°ê³¼\">&nbsp;</p><p><img src=\"data:image/png;base64,iVBORw0KGgoAAAANSUhEUgAAAOEAAADhCAMAAAAJbSJIAAAAhFBMVEUAAAD////8/Pzo6OgMDAzW1tZERESAgIDIyMj4+Pg0NDRdXV14eHjExMTl5eXLy8vy8vLf3987Ozutra0jIyPs7OzT09O7u7uGhoZsbGwSEhJ0dHSdnZ2UlJS3t7elpaUtLS0dHR1jY2NOTk43NzdmZmafn5+NjY1VVVUoKCgYGBhAQEAfm6tVAAALIUlEQVR4nO1d6ZqiOhCViAvaIIiCS6t067i+//tdAoIsVWFJ0WPPzfnm/ui+maJOCEmtmV5PQUFBQUFBQUFBQUFBQUFBQUFBQUFBQUFBQeF/AX1z3/xtHUItQjW+FrdgMpmc5o/h8Tr9nh7nk0X13ww+Pkary+7s7n0O0xzPvMHAcRxraRvaC4Yz81fHr+6pRHi4oT7j8Ww8m3leqI1lWf1lXqGnWpa3Hw2FstalvySCPbvMf4JhlVYs/6O1/8ZlbYujq8DG6+4ZfjTTKYSzw9ZXc1lMG2y7ZjhqrFW4vnZUDDlmk/djGC7WK5ksxthHpwxXrRhq2plstkK4XTK8tNOJaWOy2WJMMztkuGunVUjRo5otLszvjuGhvVazoqzP1rKYduiModtWq5Dinmq2OMfOTg1TQiltRDVb4XTZNczCH2YYqmUHVAxDdPUpSjEs7IFSDJl27IbhWEYrTZtmZflysgbdMJzJaeVkZcmsB44ppuRfZMhyWnlyBBlgRBBAUqvcoehIymJBFwyltcps8pakLA3xWf4uw6xW0gw72WukGWb2GmmGRheuojRDdqNjqHXhKcprNSKUVbR0CbDpS2v1cl/lZVn0DBdLOq028rLsm0jZVghsea2S0NtCXpYGxn+kMC+HfpuCJVrdCBjSbzXzhjFcgGCqFcF6AANc3TBkDd5tcuZPMIbL+4IjmK7PpiGOi9Nvpg/seal5MflzcErB/RwS1xVd8bkd8tsTCaO3aoa1HjXZixgmQbdh5WzF2ApWMz3DY5XaT1wFJ8GgoaxwKtAJs3RqhlfsUcVQoWAbSRbhFBtQ8vu2qKwleTwK1aoUhf5GP59+OqKurN7g5xj+odBKb8wQzVLRGzUow3JsD827LO+NGd7g9cA6cPPRFHCZ4R0baj8ZorMFHHKw08Z8+ogi+s0DCS9grwlfhXNJtj90toCcRDE8FApis07yiOjS+6zWKoR1yNQuoB8XIKsYpjW8VUdRfTTldymPzQUew0/Gcqf1ZAEBplzwOKTXXaYbTYiNymOTgG90XluHp0uxSN8imj4EGLrxLHF6s9Hp9fsN+YeIJsSAb+IV0nYOT0WC1cxOv1g02QqshydD2/wIXr+8jUy7lJSUBZpMARj68dsbfD7in4+fDv+5iiGDZPGZNfz1/fWb+W7ApZHHvVGGQCkP/3YGu+eR/L23n2dayhBd8YCsA9tnP+Krm9i9P/cOgSzJ3lvFB8Nild0KU4bIimdQaCJTdHT/GGfOf3KGe4wh+sUPz4XTOmWIzJYwMTjcec+tqyuGaMoP1Oq23pdjom47WeFSmALSyBmiKb+yVsPV2Iac/ZQhmqiDKhofIxN0OckZ1tbq6mDOU8oQTdSViywnDhbxIGeIavUoDMSr8lKGsHsVTkzZYDmizuaPMWRFrfCatdSuxhzIZblaE3W8f46hWSzHxqvDxAxtF9pn8DAG+YkPaWWPAaP0jOp0xmXZB2QbxWv8yKtq8mcbiwxhsJoer+jawbK0pYvXVuA1fuQh4fyBZJsjzEtDTYOXXZ1hyKyDsHQEny/qsL6enEmML84PbnNO4fQPXrOxSmRZT0Faht4RLnzHa4uoixW+ksiEbW7Dt6dv933II++JsuGJ5/BMtjqJ49jT167F4PJfvLYI8LTkGBrcKGTmNvz2JhfPwJ+xRMPUCcP7MhvVCCILCFt1aGQS8rylsAj1jnoerm6aogYLPXXMBnlVRd0GbkLveLYS+w6eLywfzjRBO0c7hj7nM/KzLwjc4NEMjsZO+ZGbDz87G+A70VFpHSSBH4eBlrenwVYdNBaaK4rqPT4jZygjDowQTnCGtHGaYG0CBSIBNBQ/wIxkyO0bcIYYeGjgrUiUNUPHeGMpbSDGHRqNH4d29P+Hq5mdd2WfDE+QNPw4pMvMnC1k62A2mMHDDwueW9uhzhADMy14yacDDW+DDZ6m70PjBWUWPO2yRJ0hA5LWwzPKZDlgNMtSTthGwDeayD3EE8QgQ8FGQ9Y8s8CfATpoghr1nbAYyoakCfp0yMzSU8NZtPB1FR6oE3zNg98VbtHQmTRoUQHcR4Zm+7XocEGLMOD5mggKO8hMGjyKADYgidoM+HzhKkPunqB5yCDrDMajCJAhKViF0WGBprfB+RLs49qSiqDoWwcMb1EvjC+eL8Ddw+MhyEbeCoKFUjazHgKVos1P0P9bZngSVczRNZMK3krZuBeWgvPhgt7RsuEtbGGh8w5xM7PsWrjCsj0+QrAiSq6CsAuTiW80aAK8n6tU0LITEnTiOUBRnC9xqzDdRiNYKsWipEONelDBYVKITFZ0HROGgwWuQs61mFQ1fv0Rz5eWe+pXVfseYRgKdxWyZpa+s6tuuvgSz1eO4aqylp/uM6zlvpw+q7sL4vMLZ/gyvINddTcG6Li1BP6U2JDU17zOorrKPT7u8F6Z53xNz4M6deOEVyts8Kc4B9cU2P45sHirFLjH1jmUVrsdgDDOFoi01qBUNoz4FaE1+s+4TV1poC/ZEkI7rAHivY+gKyUC5bUKAuepCYw4kCZwNhuAaWBYriVaX7OSh086X3R+RU/iEpIs0hyDIEzVBKRXRrW9siWPZNLbXZ5UBG3rodwFFgmSSaeZr5VQ46aQvN4hRmr9tL6WJgvi7lEChpmKQ5IVQXw9jexFChyvshDZ6zA4SDfSHkFLMjOMl+cnP1/MIPQqIkg3e+YqmwlWBPl1EfJmVrZ0SfrSAvpiNoHzVBP9TCRAtqWfvbrBySAoFKgHO5uL/pJrw2cGpWv/hCC3Vk+nnCMn16TOnrEeWuD1q7Vg5BNEcxlZWjf3Qq6lGBqFuD9ealOLYSc30UmZysviVyPlHtrUNVAx2t7oyTEr7XuC3FolnI5uEpYwlYGjWcKd7uw6yNY3OA6KFfwcbW8t1ayOLtnrtXYG+rAX3nJFLKnrLLNo4wwwB9vVBZk6HBatw1tE3YjvC7aPl203ny/D7OCQz6GZqcwsfysyHBveLdnPtY12BNxULhYX2o6/OlZcxoE6T6wY7rYd83L9kX85QOg8GXbfsgazsXleTR91aiGFK4LZS8tyQmmHy58h/TVXGNKnW87AG/v+fn++jLbr7+MpuC3uTe9PScv9Y2n7/f4QS5u3kUYC/ToMCNfK8UgpTUFBQUFBQUFBQUFBQeGHMb3sdrtVzZjzaT6v6wMG83mUe9s85o/qhlB9/gR5CnGdJP3GQY3RGxvrJCyBl4BFZQc82F/dL5mmdZhHm8FIG3GZ5tR4OTqPXdWTzCPgUUE6p1rdL5ltCiMNoTospLa+XnjbdQ3BDRiOmjNkltVnXBPKmxP5lPEsGY/I12jb7Jah1dP1KY9nUaYS2bMvfPQeDHtxXJkyG5wwXP3DDNmbMTQVw4bIMqzR5fC7GQ6C6uG/mOH6UKse6RczrAnFMIO2DHlemjKz/1YM+z39K7IfKWsz3oph7AIwg7SM9q0Ysvg/2n/2+K0YGjPPW3Jnp75C1XgrhnynCbhHTtkX9HYMo27prk6LoHr4bz4Pb+f+v215P/553+J9fHzlHzaFYljAL2bYzXcYSbw29y2IGUa+islq3b4cMbxOY3wHoqE8mt7nl0vyUuvqrkLOcDm8Tl2DuHnG5JWfM7fPLd4a/963nq1Iha+OTMBvtdUMfx9dQlsdTn9F9Rlto+xXegturY4APdu8VbGW1q9MRI3VkWm4sYI6mtfH2TJC2F4ta1c3BxG88E/lLTlz17JD9M06yaSTF8n1PL+D0v3b/DT/K/WtCgoKCgoKCgoKCgoKCgoKCgoKCgoKCgoKCgoKCgoKMf4DnmSmlT0IcMMAAAAASUVORK5CYII=\" alt=\"ddì ëí ì´ë¯¸ì§ ê²ìê²°ê³¼\">&nbsp;<img src=\"data:image/png;base64,iVBORw0KGgoAAAANSUhEUgAAAOEAAADhCAMAAAAJbSJIAAAAhFBMVEUAAAD////8/Pzo6OgMDAzW1tZERESAgIDIyMj4+Pg0NDRdXV14eHjExMTl5eXLy8vy8vLf3987Ozutra0jIyPs7OzT09O7u7uGhoZsbGwSEhJ0dHSdnZ2UlJS3t7elpaUtLS0dHR1jY2NOTk43NzdmZmafn5+NjY1VVVUoKCgYGBhAQEAfm6tVAAALIUlEQVR4nO1d6ZqiOhCViAvaIIiCS6t067i+//tdAoIsVWFJ0WPPzfnm/ui+maJOCEmtmV5PQUFBQUFBQUFBQUFBQUFBQUFBQUFBQUFBQeF/AX1z3/xtHUItQjW+FrdgMpmc5o/h8Tr9nh7nk0X13ww+Pkary+7s7n0O0xzPvMHAcRxraRvaC4Yz81fHr+6pRHi4oT7j8Ww8m3leqI1lWf1lXqGnWpa3Hw2FstalvySCPbvMf4JhlVYs/6O1/8ZlbYujq8DG6+4ZfjTTKYSzw9ZXc1lMG2y7ZjhqrFW4vnZUDDlmk/djGC7WK5ksxthHpwxXrRhq2plstkK4XTK8tNOJaWOy2WJMMztkuGunVUjRo5otLszvjuGhvVazoqzP1rKYduiModtWq5Dinmq2OMfOTg1TQiltRDVb4XTZNczCH2YYqmUHVAxDdPUpSjEs7IFSDJl27IbhWEYrTZtmZflysgbdMJzJaeVkZcmsB44ppuRfZMhyWnlyBBlgRBBAUqvcoehIymJBFwyltcps8pakLA3xWf4uw6xW0gw72WukGWb2GmmGRheuojRDdqNjqHXhKcprNSKUVbR0CbDpS2v1cl/lZVn0DBdLOq028rLsm0jZVghsea2S0NtCXpYGxn+kMC+HfpuCJVrdCBjSbzXzhjFcgGCqFcF6AANc3TBkDd5tcuZPMIbL+4IjmK7PpiGOi9Nvpg/seal5MflzcErB/RwS1xVd8bkd8tsTCaO3aoa1HjXZixgmQbdh5WzF2ApWMz3DY5XaT1wFJ8GgoaxwKtAJs3RqhlfsUcVQoWAbSRbhFBtQ8vu2qKwleTwK1aoUhf5GP59+OqKurN7g5xj+odBKb8wQzVLRGzUow3JsD827LO+NGd7g9cA6cPPRFHCZ4R0baj8ZorMFHHKw08Z8+ogi+s0DCS9grwlfhXNJtj90toCcRDE8FApis07yiOjS+6zWKoR1yNQuoB8XIKsYpjW8VUdRfTTldymPzQUew0/Gcqf1ZAEBplzwOKTXXaYbTYiNymOTgG90XluHp0uxSN8imj4EGLrxLHF6s9Hp9fsN+YeIJsSAb+IV0nYOT0WC1cxOv1g02QqshydD2/wIXr+8jUy7lJSUBZpMARj68dsbfD7in4+fDv+5iiGDZPGZNfz1/fWb+W7ApZHHvVGGQCkP/3YGu+eR/L23n2dayhBd8YCsA9tnP+Krm9i9P/cOgSzJ3lvFB8Nild0KU4bIimdQaCJTdHT/GGfOf3KGe4wh+sUPz4XTOmWIzJYwMTjcec+tqyuGaMoP1Oq23pdjom47WeFSmALSyBmiKb+yVsPV2Iac/ZQhmqiDKhofIxN0OckZ1tbq6mDOU8oQTdSViywnDhbxIGeIavUoDMSr8lKGsHsVTkzZYDmizuaPMWRFrfCatdSuxhzIZblaE3W8f46hWSzHxqvDxAxtF9pn8DAG+YkPaWWPAaP0jOp0xmXZB2QbxWv8yKtq8mcbiwxhsJoer+jawbK0pYvXVuA1fuQh4fyBZJsjzEtDTYOXXZ1hyKyDsHQEny/qsL6enEmML84PbnNO4fQPXrOxSmRZT0Faht4RLnzHa4uoixW+ksiEbW7Dt6dv933II++JsuGJ5/BMtjqJ49jT167F4PJfvLYI8LTkGBrcKGTmNvz2JhfPwJ+xRMPUCcP7MhvVCCILCFt1aGQS8rylsAj1jnoerm6aogYLPXXMBnlVRd0GbkLveLYS+w6eLywfzjRBO0c7hj7nM/KzLwjc4NEMjsZO+ZGbDz87G+A70VFpHSSBH4eBlrenwVYdNBaaK4rqPT4jZygjDowQTnCGtHGaYG0CBSIBNBQ/wIxkyO0bcIYYeGjgrUiUNUPHeGMpbSDGHRqNH4d29P+Hq5mdd2WfDE+QNPw4pMvMnC1k62A2mMHDDwueW9uhzhADMy14yacDDW+DDZ6m70PjBWUWPO2yRJ0hA5LWwzPKZDlgNMtSTthGwDeayD3EE8QgQ8FGQ9Y8s8CfATpoghr1nbAYyoakCfp0yMzSU8NZtPB1FR6oE3zNg98VbtHQmTRoUQHcR4Zm+7XocEGLMOD5mggKO8hMGjyKADYgidoM+HzhKkPunqB5yCDrDMajCJAhKViF0WGBprfB+RLs49qSiqDoWwcMb1EvjC+eL8Ddw+MhyEbeCoKFUjazHgKVos1P0P9bZngSVczRNZMK3krZuBeWgvPhgt7RsuEtbGGh8w5xM7PsWrjCsj0+QrAiSq6CsAuTiW80aAK8n6tU0LITEnTiOUBRnC9xqzDdRiNYKsWipEONelDBYVKITFZ0HROGgwWuQs61mFQ1fv0Rz5eWe+pXVfseYRgKdxWyZpa+s6tuuvgSz1eO4aqylp/uM6zlvpw+q7sL4vMLZ/gyvINddTcG6Li1BP6U2JDU17zOorrKPT7u8F6Z53xNz4M6deOEVyts8Kc4B9cU2P45sHirFLjH1jmUVrsdgDDOFoi01qBUNoz4FaE1+s+4TV1poC/ZEkI7rAHivY+gKyUC5bUKAuepCYw4kCZwNhuAaWBYriVaX7OSh086X3R+RU/iEpIs0hyDIEzVBKRXRrW9siWPZNLbXZ5UBG3rodwFFgmSSaeZr5VQ46aQvN4hRmr9tL6WJgvi7lEChpmKQ5IVQXw9jexFChyvshDZ6zA4SDfSHkFLMjOMl+cnP1/MIPQqIkg3e+YqmwlWBPl1EfJmVrZ0SfrSAvpiNoHzVBP9TCRAtqWfvbrBySAoFKgHO5uL/pJrw2cGpWv/hCC3Vk+nnCMn16TOnrEeWuD1q7Vg5BNEcxlZWjf3Qq6lGBqFuD9ealOLYSc30UmZysviVyPlHtrUNVAx2t7oyTEr7XuC3FolnI5uEpYwlYGjWcKd7uw6yNY3OA6KFfwcbW8t1ayOLtnrtXYG+rAX3nJFLKnrLLNo4wwwB9vVBZk6HBatw1tE3YjvC7aPl203ny/D7OCQz6GZqcwsfysyHBveLdnPtY12BNxULhYX2o6/OlZcxoE6T6wY7rYd83L9kX85QOg8GXbfsgazsXleTR91aiGFK4LZS8tyQmmHy58h/TVXGNKnW87AG/v+fn++jLbr7+MpuC3uTe9PScv9Y2n7/f4QS5u3kUYC/ToMCNfK8UgpTUFBQUFBQUFBQUFBQeGHMb3sdrtVzZjzaT6v6wMG83mUe9s85o/qhlB9/gR5CnGdJP3GQY3RGxvrJCyBl4BFZQc82F/dL5mmdZhHm8FIG3GZ5tR4OTqPXdWTzCPgUUE6p1rdL5ltCiMNoTospLa+XnjbdQ3BDRiOmjNkltVnXBPKmxP5lPEsGY/I12jb7Jah1dP1KY9nUaYS2bMvfPQeDHtxXJkyG5wwXP3DDNmbMTQVw4bIMqzR5fC7GQ6C6uG/mOH6UKse6RczrAnFMIO2DHlemjKz/1YM+z39K7IfKWsz3oph7AIwg7SM9q0Ysvg/2n/2+K0YGjPPW3Jnp75C1XgrhnynCbhHTtkX9HYMo27prk6LoHr4bz4Pb+f+v215P/553+J9fHzlHzaFYljAL2bYzXcYSbw29y2IGUa+islq3b4cMbxOY3wHoqE8mt7nl0vyUuvqrkLOcDm8Tl2DuHnG5JWfM7fPLd4a/963nq1Iha+OTMBvtdUMfx9dQlsdTn9F9Rlto+xXegturY4APdu8VbGW1q9MRI3VkWm4sYI6mtfH2TJC2F4ta1c3BxG88E/lLTlz17JD9M06yaSTF8n1PL+D0v3b/DT/K/WtCgoKCgoKCgoKCgoKCgoKCgoKCgoKCgoKCgoKCgoKMf4DnmSmlT0IcMMAAAAASUVORK5CYII=\" alt=\"ddì ëí ì´ë¯¸ì§ ê²ìê²°ê³¼\">&nbsp;<img src=\"data:image/png;base64,iVBORw0KGgoAAAANSUhEUgAAAOEAAADhCAMAAAAJbSJIAAAAhFBMVEUAAAD////8/Pzo6OgMDAzW1tZERESAgIDIyMj4+Pg0NDRdXV14eHjExMTl5eXLy8vy8vLf3987Ozutra0jIyPs7OzT09O7u7uGhoZsbGwSEhJ0dHSdnZ2UlJS3t7elpaUtLS0dHR1jY2NOTk43NzdmZmafn5+NjY1VVVUoKCgYGBhAQEAfm6tVAAALIUlEQVR4nO1d6ZqiOhCViAvaIIiCS6t067i+//tdAoIsVWFJ0WPPzfnm/ui+maJOCEmtmV5PQUFBQUFBQUFBQUFBQUFBQUFBQUFBQUFBQeF/AX1z3/xtHUItQjW+FrdgMpmc5o/h8Tr9nh7nk0X13ww+Pkary+7s7n0O0xzPvMHAcRxraRvaC4Yz81fHr+6pRHi4oT7j8Ww8m3leqI1lWf1lXqGnWpa3Hw2FstalvySCPbvMf4JhlVYs/6O1/8ZlbYujq8DG6+4ZfjTTKYSzw9ZXc1lMG2y7ZjhqrFW4vnZUDDlmk/djGC7WK5ksxthHpwxXrRhq2plstkK4XTK8tNOJaWOy2WJMMztkuGunVUjRo5otLszvjuGhvVazoqzP1rKYduiModtWq5Dinmq2OMfOTg1TQiltRDVb4XTZNczCH2YYqmUHVAxDdPUpSjEs7IFSDJl27IbhWEYrTZtmZflysgbdMJzJaeVkZcmsB44ppuRfZMhyWnlyBBlgRBBAUqvcoehIymJBFwyltcps8pakLA3xWf4uw6xW0gw72WukGWb2GmmGRheuojRDdqNjqHXhKcprNSKUVbR0CbDpS2v1cl/lZVn0DBdLOq028rLsm0jZVghsea2S0NtCXpYGxn+kMC+HfpuCJVrdCBjSbzXzhjFcgGCqFcF6AANc3TBkDd5tcuZPMIbL+4IjmK7PpiGOi9Nvpg/seal5MflzcErB/RwS1xVd8bkd8tsTCaO3aoa1HjXZixgmQbdh5WzF2ApWMz3DY5XaT1wFJ8GgoaxwKtAJs3RqhlfsUcVQoWAbSRbhFBtQ8vu2qKwleTwK1aoUhf5GP59+OqKurN7g5xj+odBKb8wQzVLRGzUow3JsD827LO+NGd7g9cA6cPPRFHCZ4R0baj8ZorMFHHKw08Z8+ogi+s0DCS9grwlfhXNJtj90toCcRDE8FApis07yiOjS+6zWKoR1yNQuoB8XIKsYpjW8VUdRfTTldymPzQUew0/Gcqf1ZAEBplzwOKTXXaYbTYiNymOTgG90XluHp0uxSN8imj4EGLrxLHF6s9Hp9fsN+YeIJsSAb+IV0nYOT0WC1cxOv1g02QqshydD2/wIXr+8jUy7lJSUBZpMARj68dsbfD7in4+fDv+5iiGDZPGZNfz1/fWb+W7ApZHHvVGGQCkP/3YGu+eR/L23n2dayhBd8YCsA9tnP+Krm9i9P/cOgSzJ3lvFB8Nild0KU4bIimdQaCJTdHT/GGfOf3KGe4wh+sUPz4XTOmWIzJYwMTjcec+tqyuGaMoP1Oq23pdjom47WeFSmALSyBmiKb+yVsPV2Iac/ZQhmqiDKhofIxN0OckZ1tbq6mDOU8oQTdSViywnDhbxIGeIavUoDMSr8lKGsHsVTkzZYDmizuaPMWRFrfCatdSuxhzIZblaE3W8f46hWSzHxqvDxAxtF9pn8DAG+YkPaWWPAaP0jOp0xmXZB2QbxWv8yKtq8mcbiwxhsJoer+jawbK0pYvXVuA1fuQh4fyBZJsjzEtDTYOXXZ1hyKyDsHQEny/qsL6enEmML84PbnNO4fQPXrOxSmRZT0Faht4RLnzHa4uoixW+ksiEbW7Dt6dv933II++JsuGJ5/BMtjqJ49jT167F4PJfvLYI8LTkGBrcKGTmNvz2JhfPwJ+xRMPUCcP7MhvVCCILCFt1aGQS8rylsAj1jnoerm6aogYLPXXMBnlVRd0GbkLveLYS+w6eLywfzjRBO0c7hj7nM/KzLwjc4NEMjsZO+ZGbDz87G+A70VFpHSSBH4eBlrenwVYdNBaaK4rqPT4jZygjDowQTnCGtHGaYG0CBSIBNBQ/wIxkyO0bcIYYeGjgrUiUNUPHeGMpbSDGHRqNH4d29P+Hq5mdd2WfDE+QNPw4pMvMnC1k62A2mMHDDwueW9uhzhADMy14yacDDW+DDZ6m70PjBWUWPO2yRJ0hA5LWwzPKZDlgNMtSTthGwDeayD3EE8QgQ8FGQ9Y8s8CfATpoghr1nbAYyoakCfp0yMzSU8NZtPB1FR6oE3zNg98VbtHQmTRoUQHcR4Zm+7XocEGLMOD5mggKO8hMGjyKADYgidoM+HzhKkPunqB5yCDrDMajCJAhKViF0WGBprfB+RLs49qSiqDoWwcMb1EvjC+eL8Ddw+MhyEbeCoKFUjazHgKVos1P0P9bZngSVczRNZMK3krZuBeWgvPhgt7RsuEtbGGh8w5xM7PsWrjCsj0+QrAiSq6CsAuTiW80aAK8n6tU0LITEnTiOUBRnC9xqzDdRiNYKsWipEONelDBYVKITFZ0HROGgwWuQs61mFQ1fv0Rz5eWe+pXVfseYRgKdxWyZpa+s6tuuvgSz1eO4aqylp/uM6zlvpw+q7sL4vMLZ/gyvINddTcG6Li1BP6U2JDU17zOorrKPT7u8F6Z53xNz4M6deOEVyts8Kc4B9cU2P45sHirFLjH1jmUVrsdgDDOFoi01qBUNoz4FaE1+s+4TV1poC/ZEkI7rAHivY+gKyUC5bUKAuepCYw4kCZwNhuAaWBYriVaX7OSh086X3R+RU/iEpIs0hyDIEzVBKRXRrW9siWPZNLbXZ5UBG3rodwFFgmSSaeZr5VQ46aQvN4hRmr9tL6WJgvi7lEChpmKQ5IVQXw9jexFChyvshDZ6zA4SDfSHkFLMjOMl+cnP1/MIPQqIkg3e+YqmwlWBPl1EfJmVrZ0SfrSAvpiNoHzVBP9TCRAtqWfvbrBySAoFKgHO5uL/pJrw2cGpWv/hCC3Vk+nnCMn16TOnrEeWuD1q7Vg5BNEcxlZWjf3Qq6lGBqFuD9ealOLYSc30UmZysviVyPlHtrUNVAx2t7oyTEr7XuC3FolnI5uEpYwlYGjWcKd7uw6yNY3OA6KFfwcbW8t1ayOLtnrtXYG+rAX3nJFLKnrLLNo4wwwB9vVBZk6HBatw1tE3YjvC7aPl203ny/D7OCQz6GZqcwsfysyHBveLdnPtY12BNxULhYX2o6/OlZcxoE6T6wY7rYd83L9kX85QOg8GXbfsgazsXleTR91aiGFK4LZS8tyQmmHy58h/TVXGNKnW87AG/v+fn++jLbr7+MpuC3uTe9PScv9Y2n7/f4QS5u3kUYC/ToMCNfK8UgpTUFBQUFBQUFBQUFBQeGHMb3sdrtVzZjzaT6v6wMG83mUe9s85o/qhlB9/gR5CnGdJP3GQY3RGxvrJCyBl4BFZQc82F/dL5mmdZhHm8FIG3GZ5tR4OTqPXdWTzCPgUUE6p1rdL5ltCiMNoTospLa+XnjbdQ3BDRiOmjNkltVnXBPKmxP5lPEsGY/I12jb7Jah1dP1KY9nUaYS2bMvfPQeDHtxXJkyG5wwXP3DDNmbMTQVw4bIMqzR5fC7GQ6C6uG/mOH6UKse6RczrAnFMIO2DHlemjKz/1YM+z39K7IfKWsz3oph7AIwg7SM9q0Ysvg/2n/2+K0YGjPPW3Jnp75C1XgrhnynCbhHTtkX9HYMo27prk6LoHr4bz4Pb+f+v215P/553+J9fHzlHzaFYljAL2bYzXcYSbw29y2IGUa+islq3b4cMbxOY3wHoqE8mt7nl0vyUuvqrkLOcDm8Tl2DuHnG5JWfM7fPLd4a/963nq1Iha+OTMBvtdUMfx9dQlsdTn9F9Rlto+xXegturY4APdu8VbGW1q9MRI3VkWm4sYI6mtfH2TJC2F4ta1c3BxG88E/lLTlz17JD9M06yaSTF8n1PL+D0v3b/DT/K/WtCgoKCgoKCgoKCgoKCgoKCgoKCgoKCgoKCgoKCgoKMf4DnmSmlT0IcMMAAAAASUVORK5CYII=\" alt=\"ddì ëí ì´ë¯¸ì§ ê²ìê²°ê³¼\">&nbsp;<img src=\"data:image/png;base64,iVBORw0KGgoAAAANSUhEUgAAAOEAAADhCAMAAAAJbSJIAAAAhFBMVEUAAAD////8/Pzo6OgMDAzW1tZERESAgIDIyMj4+Pg0NDRdXV14eHjExMTl5eXLy8vy8vLf3987Ozutra0jIyPs7OzT09O7u7uGhoZsbGwSEhJ0dHSdnZ2UlJS3t7elpaUtLS0dHR1jY2NOTk43NzdmZmafn5+NjY1VVVUoKCgYGBhAQEAfm6tVAAALIUlEQVR4nO1d6ZqiOhCViAvaIIiCS6t067i+//tdAoIsVWFJ0WPPzfnm/ui+maJOCEmtmV5PQUFBQUFBQUFBQUFBQUFBQUFBQUFBQUFBQeF/AX1z3/xtHUItQjW+FrdgMpmc5o/h8Tr9nh7nk0X13ww+Pkary+7s7n0O0xzPvMHAcRxraRvaC4Yz81fHr+6pRHi4oT7j8Ww8m3leqI1lWf1lXqGnWpa3Hw2FstalvySCPbvMf4JhlVYs/6O1/8ZlbYujq8DG6+4ZfjTTKYSzw9ZXc1lMG2y7ZjhqrFW4vnZUDDlmk/djGC7WK5ksxthHpwxXrRhq2plstkK4XTK8tNOJaWOy2WJMMztkuGunVUjRo5otLszvjuGhvVazoqzP1rKYduiModtWq5Dinmq2OMfOTg1TQiltRDVb4XTZNczCH2YYqmUHVAxDdPUpSjEs7IFSDJl27IbhWEYrTZtmZflysgbdMJzJaeVkZcmsB44ppuRfZMhyWnlyBBlgRBBAUqvcoehIymJBFwyltcps8pakLA3xWf4uw6xW0gw72WukGWb2GmmGRheuojRDdqNjqHXhKcprNSKUVbR0CbDpS2v1cl/lZVn0DBdLOq028rLsm0jZVghsea2S0NtCXpYGxn+kMC+HfpuCJVrdCBjSbzXzhjFcgGCqFcF6AANc3TBkDd5tcuZPMIbL+4IjmK7PpiGOi9Nvpg/seal5MflzcErB/RwS1xVd8bkd8tsTCaO3aoa1HjXZixgmQbdh5WzF2ApWMz3DY5XaT1wFJ8GgoaxwKtAJs3RqhlfsUcVQoWAbSRbhFBtQ8vu2qKwleTwK1aoUhf5GP59+OqKurN7g5xj+odBKb8wQzVLRGzUow3JsD827LO+NGd7g9cA6cPPRFHCZ4R0baj8ZorMFHHKw08Z8+ogi+s0DCS9grwlfhXNJtj90toCcRDE8FApis07yiOjS+6zWKoR1yNQuoB8XIKsYpjW8VUdRfTTldymPzQUew0/Gcqf1ZAEBplzwOKTXXaYbTYiNymOTgG90XluHp0uxSN8imj4EGLrxLHF6s9Hp9fsN+YeIJsSAb+IV0nYOT0WC1cxOv1g02QqshydD2/wIXr+8jUy7lJSUBZpMARj68dsbfD7in4+fDv+5iiGDZPGZNfz1/fWb+W7ApZHHvVGGQCkP/3YGu+eR/L23n2dayhBd8YCsA9tnP+Krm9i9P/cOgSzJ3lvFB8Nild0KU4bIimdQaCJTdHT/GGfOf3KGe4wh+sUPz4XTOmWIzJYwMTjcec+tqyuGaMoP1Oq23pdjom47WeFSmALSyBmiKb+yVsPV2Iac/ZQhmqiDKhofIxN0OckZ1tbq6mDOU8oQTdSViywnDhbxIGeIavUoDMSr8lKGsHsVTkzZYDmizuaPMWRFrfCatdSuxhzIZblaE3W8f46hWSzHxqvDxAxtF9pn8DAG+YkPaWWPAaP0jOp0xmXZB2QbxWv8yKtq8mcbiwxhsJoer+jawbK0pYvXVuA1fuQh4fyBZJsjzEtDTYOXXZ1hyKyDsHQEny/qsL6enEmML84PbnNO4fQPXrOxSmRZT0Faht4RLnzHa4uoixW+ksiEbW7Dt6dv933II++JsuGJ5/BMtjqJ49jT167F4PJfvLYI8LTkGBrcKGTmNvz2JhfPwJ+xRMPUCcP7MhvVCCILCFt1aGQS8rylsAj1jnoerm6aogYLPXXMBnlVRd0GbkLveLYS+w6eLywfzjRBO0c7hj7nM/KzLwjc4NEMjsZO+ZGbDz87G+A70VFpHSSBH4eBlrenwVYdNBaaK4rqPT4jZygjDowQTnCGtHGaYG0CBSIBNBQ/wIxkyO0bcIYYeGjgrUiUNUPHeGMpbSDGHRqNH4d29P+Hq5mdd2WfDE+QNPw4pMvMnC1k62A2mMHDDwueW9uhzhADMy14yacDDW+DDZ6m70PjBWUWPO2yRJ0hA5LWwzPKZDlgNMtSTthGwDeayD3EE8QgQ8FGQ9Y8s8CfATpoghr1nbAYyoakCfp0yMzSU8NZtPB1FR6oE3zNg98VbtHQmTRoUQHcR4Zm+7XocEGLMOD5mggKO8hMGjyKADYgidoM+HzhKkPunqB5yCDrDMajCJAhKViF0WGBprfB+RLs49qSiqDoWwcMb1EvjC+eL8Ddw+MhyEbeCoKFUjazHgKVos1P0P9bZngSVczRNZMK3krZuBeWgvPhgt7RsuEtbGGh8w5xM7PsWrjCsj0+QrAiSq6CsAuTiW80aAK8n6tU0LITEnTiOUBRnC9xqzDdRiNYKsWipEONelDBYVKITFZ0HROGgwWuQs61mFQ1fv0Rz5eWe+pXVfseYRgKdxWyZpa+s6tuuvgSz1eO4aqylp/uM6zlvpw+q7sL4vMLZ/gyvINddTcG6Li1BP6U2JDU17zOorrKPT7u8F6Z53xNz4M6deOEVyts8Kc4B9cU2P45sHirFLjH1jmUVrsdgDDOFoi01qBUNoz4FaE1+s+4TV1poC/ZEkI7rAHivY+gKyUC5bUKAuepCYw4kCZwNhuAaWBYriVaX7OSh086X3R+RU/iEpIs0hyDIEzVBKRXRrW9siWPZNLbXZ5UBG3rodwFFgmSSaeZr5VQ46aQvN4hRmr9tL6WJgvi7lEChpmKQ5IVQXw9jexFChyvshDZ6zA4SDfSHkFLMjOMl+cnP1/MIPQqIkg3e+YqmwlWBPl1EfJmVrZ0SfrSAvpiNoHzVBP9TCRAtqWfvbrBySAoFKgHO5uL/pJrw2cGpWv/hCC3Vk+nnCMn16TOnrEeWuD1q7Vg5BNEcxlZWjf3Qq6lGBqFuD9ealOLYSc30UmZysviVyPlHtrUNVAx2t7oyTEr7XuC3FolnI5uEpYwlYGjWcKd7uw6yNY3OA6KFfwcbW8t1ayOLtnrtXYG+rAX3nJFLKnrLLNo4wwwB9vVBZk6HBatw1tE3YjvC7aPl203ny/D7OCQz6GZqcwsfysyHBveLdnPtY12BNxULhYX2o6/OlZcxoE6T6wY7rYd83L9kX85QOg8GXbfsgazsXleTR91aiGFK4LZS8tyQmmHy58h/TVXGNKnW87AG/v+fn++jLbr7+MpuC3uTe9PScv9Y2n7/f4QS5u3kUYC/ToMCNfK8UgpTUFBQUFBQUFBQUFBQeGHMb3sdrtVzZjzaT6v6wMG83mUe9s85o/qhlB9/gR5CnGdJP3GQY3RGxvrJCyBl4BFZQc82F/dL5mmdZhHm8FIG3GZ5tR4OTqPXdWTzCPgUUE6p1rdL5ltCiMNoTospLa+XnjbdQ3BDRiOmjNkltVnXBPKmxP5lPEsGY/I12jb7Jah1dP1KY9nUaYS2bMvfPQeDHtxXJkyG5wwXP3DDNmbMTQVw4bIMqzR5fC7GQ6C6uG/mOH6UKse6RczrAnFMIO2DHlemjKz/1YM+z39K7IfKWsz3oph7AIwg7SM9q0Ysvg/2n/2+K0YGjPPW3Jnp75C1XgrhnynCbhHTtkX9HYMo27prk6LoHr4bz4Pb+f+v215P/553+J9fHzlHzaFYljAL2bYzXcYSbw29y2IGUa+islq3b4cMbxOY3wHoqE8mt7nl0vyUuvqrkLOcDm8Tl2DuHnG5JWfM7fPLd4a/963nq1Iha+OTMBvtdUMfx9dQlsdTn9F9Rlto+xXegturY4APdu8VbGW1q9MRI3VkWm4sYI6mtfH2TJC2F4ta1c3BxG88E/lLTlz17JD9M06yaSTF8n1PL+D0v3b/DT/K/WtCgoKCgoKCgoKCgoKCgoKCgoKCgoKCgoKCgoKCgoKMf4DnmSmlT0IcMMAAAAASUVORK5CYII=\" alt=\"ddì ëí ì´ë¯¸ì§ ê²ìê²°ê³¼\">&nbsp;<img src=\"data:image/png;base64,iVBORw0KGgoAAAANSUhEUgAAAOEAAADhCAMAAAAJbSJIAAAAhFBMVEUAAAD////8/Pzo6OgMDAzW1tZERESAgIDIyMj4+Pg0NDRdXV14eHjExMTl5eXLy8vy8vLf3987Ozutra0jIyPs7OzT09O7u7uGhoZsbGwSEhJ0dHSdnZ2UlJS3t7elpaUtLS0dHR1jY2NOTk43NzdmZmafn5+NjY1VVVUoKCgYGBhAQEAfm6tVAAALIUlEQVR4nO1d6ZqiOhCViAvaIIiCS6t067i+//tdAoIsVWFJ0WPPzfnm/ui+maJOCEmtmV5PQUFBQUFBQUFBQUFBQUFBQUFBQUFBQUFBQeF/AX1z3/xtHUItQjW+FrdgMpmc5o/h8Tr9nh7nk0X13ww+Pkary+7s7n0O0xzPvMHAcRxraRvaC4Yz81fHr+6pRHi4oT7j8Ww8m3leqI1lWf1lXqGnWpa3Hw2FstalvySCPbvMf4JhlVYs/6O1/8ZlbYujq8DG6+4ZfjTTKYSzw9ZXc1lMG2y7ZjhqrFW4vnZUDDlmk/djGC7WK5ksxthHpwxXrRhq2plstkK4XTK8tNOJaWOy2WJMMztkuGunVUjRo5otLszvjuGhvVazoqzP1rKYduiModtWq5Dinmq2OMfOTg1TQiltRDVb4XTZNczCH2YYqmUHVAxDdPUpSjEs7IFSDJl27IbhWEYrTZtmZflysgbdMJzJaeVkZcmsB44ppuRfZMhyWnlyBBlgRBBAUqvcoehIymJBFwyltcps8pakLA3xWf4uw6xW0gw72WukGWb2GmmGRheuojRDdqNjqHXhKcprNSKUVbR0CbDpS2v1cl/lZVn0DBdLOq028rLsm0jZVghsea2S0NtCXpYGxn+kMC+HfpuCJVrdCBjSbzXzhjFcgGCqFcF6AANc3TBkDd5tcuZPMIbL+4IjmK7PpiGOi9Nvpg/seal5MflzcErB/RwS1xVd8bkd8tsTCaO3aoa1HjXZixgmQbdh5WzF2ApWMz3DY5XaT1wFJ8GgoaxwKtAJs3RqhlfsUcVQoWAbSRbhFBtQ8vu2qKwleTwK1aoUhf5GP59+OqKurN7g5xj+odBKb8wQzVLRGzUow3JsD827LO+NGd7g9cA6cPPRFHCZ4R0baj8ZorMFHHKw08Z8+ogi+s0DCS9grwlfhXNJtj90toCcRDE8FApis07yiOjS+6zWKoR1yNQuoB8XIKsYpjW8VUdRfTTldymPzQUew0/Gcqf1ZAEBplzwOKTXXaYbTYiNymOTgG90XluHp0uxSN8imj4EGLrxLHF6s9Hp9fsN+YeIJsSAb+IV0nYOT0WC1cxOv1g02QqshydD2/wIXr+8jUy7lJSUBZpMARj68dsbfD7in4+fDv+5iiGDZPGZNfz1/fWb+W7ApZHHvVGGQCkP/3YGu+eR/L23n2dayhBd8YCsA9tnP+Krm9i9P/cOgSzJ3lvFB8Nild0KU4bIimdQaCJTdHT/GGfOf3KGe4wh+sUPz4XTOmWIzJYwMTjcec+tqyuGaMoP1Oq23pdjom47WeFSmALSyBmiKb+yVsPV2Iac/ZQhmqiDKhofIxN0OckZ1tbq6mDOU8oQTdSViywnDhbxIGeIavUoDMSr8lKGsHsVTkzZYDmizuaPMWRFrfCatdSuxhzIZblaE3W8f46hWSzHxqvDxAxtF9pn8DAG+YkPaWWPAaP0jOp0xmXZB2QbxWv8yKtq8mcbiwxhsJoer+jawbK0pYvXVuA1fuQh4fyBZJsjzEtDTYOXXZ1hyKyDsHQEny/qsL6enEmML84PbnNO4fQPXrOxSmRZT0Faht4RLnzHa4uoixW+ksiEbW7Dt6dv933II++JsuGJ5/BMtjqJ49jT167F4PJfvLYI8LTkGBrcKGTmNvz2JhfPwJ+xRMPUCcP7MhvVCCILCFt1aGQS8rylsAj1jnoerm6aogYLPXXMBnlVRd0GbkLveLYS+w6eLywfzjRBO0c7hj7nM/KzLwjc4NEMjsZO+ZGbDz87G+A70VFpHSSBH4eBlrenwVYdNBaaK4rqPT4jZygjDowQTnCGtHGaYG0CBSIBNBQ/wIxkyO0bcIYYeGjgrUiUNUPHeGMpbSDGHRqNH4d29P+Hq5mdd2WfDE+QNPw4pMvMnC1k62A2mMHDDwueW9uhzhADMy14yacDDW+DDZ6m70PjBWUWPO2yRJ0hA5LWwzPKZDlgNMtSTthGwDeayD3EE8QgQ8FGQ9Y8s8CfATpoghr1nbAYyoakCfp0yMzSU8NZtPB1FR6oE3zNg98VbtHQmTRoUQHcR4Zm+7XocEGLMOD5mggKO8hMGjyKADYgidoM+HzhKkPunqB5yCDrDMajCJAhKViF0WGBprfB+RLs49qSiqDoWwcMb1EvjC+eL8Ddw+MhyEbeCoKFUjazHgKVos1P0P9bZngSVczRNZMK3krZuBeWgvPhgt7RsuEtbGGh8w5xM7PsWrjCsj0+QrAiSq6CsAuTiW80aAK8n6tU0LITEnTiOUBRnC9xqzDdRiNYKsWipEONelDBYVKITFZ0HROGgwWuQs61mFQ1fv0Rz5eWe+pXVfseYRgKdxWyZpa+s6tuuvgSz1eO4aqylp/uM6zlvpw+q7sL4vMLZ/gyvINddTcG6Li1BP6U2JDU17zOorrKPT7u8F6Z53xNz4M6deOEVyts8Kc4B9cU2P45sHirFLjH1jmUVrsdgDDOFoi01qBUNoz4FaE1+s+4TV1poC/ZEkI7rAHivY+gKyUC5bUKAuepCYw4kCZwNhuAaWBYriVaX7OSh086X3R+RU/iEpIs0hyDIEzVBKRXRrW9siWPZNLbXZ5UBG3rodwFFgmSSaeZr5VQ46aQvN4hRmr9tL6WJgvi7lEChpmKQ5IVQXw9jexFChyvshDZ6zA4SDfSHkFLMjOMl+cnP1/MIPQqIkg3e+YqmwlWBPl1EfJmVrZ0SfrSAvpiNoHzVBP9TCRAtqWfvbrBySAoFKgHO5uL/pJrw2cGpWv/hCC3Vk+nnCMn16TOnrEeWuD1q7Vg5BNEcxlZWjf3Qq6lGBqFuD9ealOLYSc30UmZysviVyPlHtrUNVAx2t7oyTEr7XuC3FolnI5uEpYwlYGjWcKd7uw6yNY3OA6KFfwcbW8t1ayOLtnrtXYG+rAX3nJFLKnrLLNo4wwwB9vVBZk6HBatw1tE3YjvC7aPl203ny/D7OCQz6GZqcwsfysyHBveLdnPtY12BNxULhYX2o6/OlZcxoE6T6wY7rYd83L9kX85QOg8GXbfsgazsXleTR91aiGFK4LZS8tyQmmHy58h/TVXGNKnW87AG/v+fn++jLbr7+MpuC3uTe9PScv9Y2n7/f4QS5u3kUYC/ToMCNfK8UgpTUFBQUFBQUFBQUFBQeGHMb3sdrtVzZjzaT6v6wMG83mUe9s85o/qhlB9/gR5CnGdJP3GQY3RGxvrJCyBl4BFZQc82F/dL5mmdZhHm8FIG3GZ5tR4OTqPXdWTzCPgUUE6p1rdL5ltCiMNoTospLa+XnjbdQ3BDRiOmjNkltVnXBPKmxP5lPEsGY/I12jb7Jah1dP1KY9nUaYS2bMvfPQeDHtxXJkyG5wwXP3DDNmbMTQVw4bIMqzR5fC7GQ6C6uG/mOH6UKse6RczrAnFMIO2DHlemjKz/1YM+z39K7IfKWsz3oph7AIwg7SM9q0Ysvg/2n/2+K0YGjPPW3Jnp75C1XgrhnynCbhHTtkX9HYMo27prk6LoHr4bz4Pb+f+v215P/553+J9fHzlHzaFYljAL2bYzXcYSbw29y2IGUa+islq3b4cMbxOY3wHoqE8mt7nl0vyUuvqrkLOcDm8Tl2DuHnG5JWfM7fPLd4a/963nq1Iha+OTMBvtdUMfx9dQlsdTn9F9Rlto+xXegturY4APdu8VbGW1q9MRI3VkWm4sYI6mtfH2TJC2F4ta1c3BxG88E/lLTlz17JD9M06yaSTF8n1PL+D0v3b/DT/K/WtCgoKCgoKCgoKCgoKCgoKCgoKCgoKCgoKCgoKCgoKMf4DnmSmlT0IcMMAAAAASUVORK5CYII=\" alt=\"ddì ëí ì´ë¯¸ì§ ê²ìê²°ê³¼\">&nbsp;<br></p><p>dd</p>',NULL,'2019-04-05 01:37:07','2019-04-05 01:39:35',NULL),(14,2,'대리점','dd','<p><img src=\"data:image/png;base64,iVBORw0KGgoAAAANSUhEUgAAAOEAAADhCAMAAAAJbSJIAAAAe1BMVEWAwUL///98vzp+wD52vSx3vS95vjN7vzf8/vmz2JR0vCd+wDy93aT+//3Z68qez3SYzGr3+/Px+Ou525yj0XzH4rHM5bip1IXQ577k8dmu1o2JxVGGxEvo89+t1ouQyFzs9eTW6sah0HiZzG273KDD4KuNx1eTyWHe7tGPQYZXAAAOTElEQVR4nNWd6XriIBSGKasW61brvlQ7td7/FU6iRkNM4CMhiX6/5unYyhvgwFkg5K1ufYw2/XmvOzsM/46rNSFkvTr+DQ+zbm/e34w+av9+Uucf/973ZjvChVSKas0IIxdF/9KaKiWFILvZ7/67zkbURfg9X+44l4omVEViVEnOd8t5XZh1EG5+B0xIJ5vJKQU5fG1qaE1owtF+xrjSPnQ3Sq04me07gVsUlHA0/ZF+fffYl0IO5kEhwxF+zAdC6gp0ibQUh32wZgUjPE1kELwrpJCzRaCWBSH8+FpxGgzvIsqP0xBtC0H4veSqytwrEpOiO34CwtOPCN19dylxqDxYKxIu/ni42ZcnzX8qLpKVCDfDmvkujINK250KhN+DBvgujJMK87E04XjSEF8sypejpgl7NdqXPCn11Shhn8hG+WLJVTmzWoZwNOCN80VifFbGXy5BOG94gN5FVb8Bws5AtMRHynWjL+FetdWBFylyqpdw28oMNMQ/ayQcr1XbfJHkzmtt9CGcizpcCH9p6jNSPQiX7Y/Qqxjv1UDY2TW/yBdLDIITjkm7NjQrdUTDVSDh6Umm4F2agT4VRjjnzwYYBzmwfSpE+Ps0NiYtxuehCD+fEjASR6JxAGH3WQEjRGDVcBMuW9xpO8W71QmfGjBaGJdVCZ8cEEB0EH4+O2CE6PA17IS9oEaGaa0ppVqXSi8WymFurITzMIBxIlsIqVfDw2S2nU0Ow5WOf+BOgWOyr4s2wlN1QEYlZ8PltL/J+nSjTX+6HDJeLaN6RbTtbiyE46pzkEpx7M7t4erxvHsUsuKungnLlxQTdtaVHi4VajLHnPHRfKKqxe/YutjTKCb8q/CdWuiZX+CvP4t+p/wX0qE/Ybe0w8sUH5SIa771BxUyrbJwc1NEWNqMMkl6ZbMoox6RZRn53o+wrJVhYgW5NIWar8r62rLA2hQQlrMyTOzKDE9T/V05RrbyIZyViYtG/ecbj87XqVw/qvwdai7hvswkVCxMdUisKSvziHnuAMojHJUwo4wvQ5aKfixLRIaYylsV8wh//FdCuQpdVrhZ+T9nesAIp952lPlmSyB9+nejyDHkj4Qjb0BKQtWgmVr4R6Hl4zh9JDz4/lkxqYUv1sT3adPHtjwQ+rpM7P23NsC3t993z5H66Eg9EPr9QaJ1HZXLdy203378cd3PEvb8LBhdla7kATVe+c0ama27yRB67kdVsdMSTkO/1V9lnnmGcOL1wGR9NsZolNe4ojMb4cLLzIjM36pNM6+Rxc20m0n45zOtpTPcHExLn17UZn7YIPRaKWRTPRhr5oNorhgG4c5j8VHNzMFEEw9zow37lyY8eQx3S+inHg09bKDRiWlCjy7U6/qP1Zn68Ag7GJ2YIvSYhYwGOCbgqbFHII6nNlopwh/ckL7X40zYtXiH25fegN8Jv/EuFHVutovVw+1EKsx/J5zBUznHRWlGuGOn7i75jbCDjwHStJVJ9IE3Udx+6UbYgxccay6rXuHGUN4CfzdC2Bgrd/lDfeqi/cB2ya8khPBqz9YtwV0Ed8RtwUgIYbepxTEaC/Z+aOIXXAk7aBdmva/GBZt8df2FK+EU3bvnhpWbVAclFPvLL1wJh+B+5iEK0rx+wc5IVu0L4Qgc3UUZrEaFGptrdPhC+AUaYVE9PVhdfdBmyP354xfCP+yx3BeZVnXEWnsdpmdCNFXxFF2Id6I67y7PhHNs8j7FLIwFdqI4p6TPhOByn5e7akVzrBPpeX95JsSWClbrbT1eIlAnXsZc3OoN9kiUx1GcmgU6Qu+xHxwT/mKf53UnYXCB67eMp1VMiG1oNH7UqH4NoCafN9ER4Qc2DZ9kqbgIXDBiT4+g05CxtqkMMcjWxAEpgm7Z6LZtKENbaIGLN24E9biEq6Jr8dvt9q76t/zsTU9WR2s0/1wmH+99Rp+fe7nWWEwiDrlFhGvks8QxSBdrrihVieJ/ifdjr+gE3cf2Xar7x9X5err34RceSses409MiIURHb79NLdmgik+zLVPo1XuzNBKHNDCB2zkqZhwAfW3tO7Y+oVPSfNdzugjhT2g3wdYP2J7aT6OCKeQobFVw0frjcWy6cfTV5+2r6QCiiNgNRXREkfeukh3290KR5Qne4D+w/GNWJHVClkv1G9ECO1oqDVn7/JmtDYsjjPsBR1jXiI9E61x5G0FfNA+Dd0OtJlvdBsJenSnRqCJyP7eSAeahtw2DYG8HCOpXgFiJkASHcoGsvUbGUPbdG39LmDSp5uMzIvi8xM3QSui6pAT2NkWQcMglVWFbJs7zQyFz/iY7BFC+6YUC0OLm0ENYL1jQVtTsSDQvtt+0VaWMP8E5X1XlCXM/7x0lf5DLZd78ok8iWtwFSPUP4Ojzjlxd9s0ZAknPysq1MO0cqXxoNGnpgRaVoT1DooM4ZlkPJ9lD9ypf7mE7Bj/7Hs6yBauu1xuyK9V/8gEMUnCGqLJEl4fx+hgNuHmQ2cIk0D6984cdq6CCGjfRrtkiFgkaf2qvD4869McR0laNkN4t9MHE1E5ln3IRi4JFD+2LofFhJlQs/rNJUytlGbdmcvpRkafnhDE/3VY7izhfUh3jMesD3mEsZeaaGNsP5SjMAnZe7MfgC9bzugiTJ/qMPyki015IExHKY0ooSs0hEww9ocR5p0nKiZMTR/T3rGPPML0Hze2044HiwVNdxChw6plCdP/ZdgO0XERGk8k6fMiQQklyHVyBWkshKY1uOYFTELj8Rl+gKt0BwrVYHE2x4TI7mlS/2W68/mE6cdnejoOQixmihH69KGRhDNX5dxRavzxk88oxasp3YRe8zD95M29Y66lMQaIYXvT60ie/I6/WOVlS40nb9QdJ/uzDGHa1zVSn9ThBWMJKIzQZz1Me8tmFVoyHosJzRiVy39Cy5wAee1pUo8jU1+feJkmYaqcd5y/jy0SFE8E5bMvTe1RMmckkgNJGcLEqXobmU121nmGvE/cx7e4maXvnQl4a3GGMNl9LjKxftc0hHwLcD20x/SzhBfbuNhmL0a4hUIyhJcfnw5Zd881SLG4Pran8fPx14ft7CfnSp3bjjzr40+2k+HjC1zs8b03NHeN7Uv94jREU5ozRe714Zk4DYs+n2MzuCslC8VpQN/CM9aWr7tTBUUTXY4FGGvTB6RtQeKl4r64YRFhZxoR2pbqLfAh4poTyJSnKT8XOWDF3UlEKOZNu8CHYlkXRCALxNKn+YD5g5zfxNLcPeRT5OH0sCl3GTxT6THnJkROwWMn0dQU+RRx5A+dRi1zq7HTQiiHU3EWlsiXfYjPkQN2Jejo2rQaB8c8xLLcULCeiA1IaN9772xNZvyQyVn3rU9Ec+x0I7bv5iOQ0L5vs53uVORxgFtOLTMxxKpNwPstGHyiz15P81VwyQqT8l9OaL5TdLUO5Ue0AhKbhpE7jhI6QjV79vCFmkq++8pPPXQO2VcpRVu3aCs7w69Dw4I0+oBfR+Ooa/vord+F4InexfrHerHn6RB/6ia5Hs5+Fz5nUzHnMHI+YUJnbeJbZ7MYXwXVS4/GFU7bguclo8kFE9prhhoXtlZEi4XHKH3FGmHCfa6FesU67zh+iRM6gqbNyrUtuiqeWjjhU523AC8PiFdxD8LXOzNzji95EL7cuadL/NKD8InOrvkcBfYhfJrzh2g4/5z48CF8lgUDPUN6qYr1InSlLBsSeIQ0OX/opafoRLgLL1ktP8KnmIlwUu16DthPT3Cnwhd8OR09f96TkNC27hdK5DqskWrqrBShavuQ3ha+C+lqNHwJX+Z+mluc3pvwVe4Yurns3oQvck9UXKVfltCduqxPPhcfJgtbCcKktKl5ffjcPppEzssQ5l5f34R8LlOXib9ehpCIdnxhj3sTUxHsUoTt3H158rj3MLWolSM0M57NyOf+0vRtSOUIzax1I/K5g/Z+lVl5QkJd9Tyh5fWCrfS2pCwhUc1edXLwuno+XbdZmvCJ7/M2MxDlCYFXgAaT153sGS+2AmFzvejXg5ka/yqEz/luhGxctxLhU77fIhtMqkb4hO8oeQgIViQkmta7gVvklaraW5RZqasSEvZeZ/itqIzFomwJXmXC53rfU04IIgAhUbW9s8v/DXqP5QYhCJ/nvWt5L+sMQhi/Oy90Ny5KvDvPLEUOSxh14zbkLdGdbZkOzL04IBRhNBtpOKP6Rcu8wzL/Dd3hCAmTwd5DWvKdubnnJAMSnt8lW53x9Ff2fbksN20UlDCejrt9Jb79sdwEjJWfUgmJdxYTld7pXLb/Isn8JSsgW6JW3stdfHlWOLC0Gn+3eryZKVitQjE9iAo1mYJF6dNJzmE+TxWeVgxCUyAqxXppK4WO6ebLdc6NS97KWwnrJ4xFJWfD5dd+k7U+o83+azlkPAAdsV7vFuLPu8SokkJIvRoeJrPtbHIYrnT8A5V3sLKUlCUbFugrIDGtNaVU599eVkHU9s6GsF/VjvTatulvu3UBxJh1h9F286qLabu1brt9lcWo9ST96xM6AV+dkGkX4IsTaubeF7bdxkqia8BPa7uRVaR2SPCr7VZWEBhrb7uZ5YVGodtuZ1kx+HhL2y0tKUrQdyi8KKEc4gH2tttaRn6JoLZbW0JUeYWd226uv8TALwXUdnt9RYXrIvPXJmT84B1Pb7vNXlJ678v3UoSaL8sUtbbdbFiM/5SrS2674ajEumxmsu2WQ2KS+FrQlyJkUlepEGi7+U4xsa5WAdE2gEOU/+0r8T03IZNyBjtJr0fIqFh9hShCahukQFSwZaA6srZRchT1nt6GO+PYNk5GTCu+6gY9wtk2UkqMSkHQ6oYXIzynwfluOXcmIV6JkJ1vSI5fsMrZcdLbV18WnotwvTruhpPl5++8v6hyMR2g/z2014E0i5NGAAAAAElFTkSuQmCC\" alt=\"ddì ëí ì´ë¯¸ì§ ê²ìê²°ê³¼\"><img src=\"data:image/png;base64,iVBORw0KGgoAAAANSUhEUgAAAOEAAADhCAMAAAAJbSJIAAAAe1BMVEWAwUL///98vzp+wD52vSx3vS95vjN7vzf8/vmz2JR0vCd+wDy93aT+//3Z68qez3SYzGr3+/Px+Ou525yj0XzH4rHM5bip1IXQ577k8dmu1o2JxVGGxEvo89+t1ouQyFzs9eTW6sah0HiZzG273KDD4KuNx1eTyWHe7tGPQYZXAAAOTElEQVR4nNWd6XriIBSGKasW61brvlQ7td7/FU6iRkNM4CMhiX6/5unYyhvgwFkg5K1ufYw2/XmvOzsM/46rNSFkvTr+DQ+zbm/e34w+av9+Uucf/973ZjvChVSKas0IIxdF/9KaKiWFILvZ7/67zkbURfg9X+44l4omVEViVEnOd8t5XZh1EG5+B0xIJ5vJKQU5fG1qaE1owtF+xrjSPnQ3Sq04me07gVsUlHA0/ZF+fffYl0IO5kEhwxF+zAdC6gp0ibQUh32wZgUjPE1kELwrpJCzRaCWBSH8+FpxGgzvIsqP0xBtC0H4veSqytwrEpOiO34CwtOPCN19dylxqDxYKxIu/ni42ZcnzX8qLpKVCDfDmvkujINK250KhN+DBvgujJMK87E04XjSEF8sypejpgl7NdqXPCn11Shhn8hG+WLJVTmzWoZwNOCN80VifFbGXy5BOG94gN5FVb8Bws5AtMRHynWjL+FetdWBFylyqpdw28oMNMQ/ayQcr1XbfJHkzmtt9CGcizpcCH9p6jNSPQiX7Y/Qqxjv1UDY2TW/yBdLDIITjkm7NjQrdUTDVSDh6Umm4F2agT4VRjjnzwYYBzmwfSpE+Ps0NiYtxuehCD+fEjASR6JxAGH3WQEjRGDVcBMuW9xpO8W71QmfGjBaGJdVCZ8cEEB0EH4+O2CE6PA17IS9oEaGaa0ppVqXSi8WymFurITzMIBxIlsIqVfDw2S2nU0Ow5WOf+BOgWOyr4s2wlN1QEYlZ8PltL/J+nSjTX+6HDJeLaN6RbTtbiyE46pzkEpx7M7t4erxvHsUsuKungnLlxQTdtaVHi4VajLHnPHRfKKqxe/YutjTKCb8q/CdWuiZX+CvP4t+p/wX0qE/Ybe0w8sUH5SIa771BxUyrbJwc1NEWNqMMkl6ZbMoox6RZRn53o+wrJVhYgW5NIWar8r62rLA2hQQlrMyTOzKDE9T/V05RrbyIZyViYtG/ecbj87XqVw/qvwdai7hvswkVCxMdUisKSvziHnuAMojHJUwo4wvQ5aKfixLRIaYylsV8wh//FdCuQpdVrhZ+T9nesAIp952lPlmSyB9+nejyDHkj4Qjb0BKQtWgmVr4R6Hl4zh9JDz4/lkxqYUv1sT3adPHtjwQ+rpM7P23NsC3t993z5H66Eg9EPr9QaJ1HZXLdy203378cd3PEvb8LBhdla7kATVe+c0ama27yRB67kdVsdMSTkO/1V9lnnmGcOL1wGR9NsZolNe4ojMb4cLLzIjM36pNM6+Rxc20m0n45zOtpTPcHExLn17UZn7YIPRaKWRTPRhr5oNorhgG4c5j8VHNzMFEEw9zow37lyY8eQx3S+inHg09bKDRiWlCjy7U6/qP1Zn68Ag7GJ2YIvSYhYwGOCbgqbFHII6nNlopwh/ckL7X40zYtXiH25fegN8Jv/EuFHVutovVw+1EKsx/J5zBUznHRWlGuGOn7i75jbCDjwHStJVJ9IE3Udx+6UbYgxccay6rXuHGUN4CfzdC2Bgrd/lDfeqi/cB2ya8khPBqz9YtwV0Ed8RtwUgIYbepxTEaC/Z+aOIXXAk7aBdmva/GBZt8df2FK+EU3bvnhpWbVAclFPvLL1wJh+B+5iEK0rx+wc5IVu0L4Qgc3UUZrEaFGptrdPhC+AUaYVE9PVhdfdBmyP354xfCP+yx3BeZVnXEWnsdpmdCNFXxFF2Id6I67y7PhHNs8j7FLIwFdqI4p6TPhOByn5e7akVzrBPpeX95JsSWClbrbT1eIlAnXsZc3OoN9kiUx1GcmgU6Qu+xHxwT/mKf53UnYXCB67eMp1VMiG1oNH7UqH4NoCafN9ER4Qc2DZ9kqbgIXDBiT4+g05CxtqkMMcjWxAEpgm7Z6LZtKENbaIGLN24E9biEq6Jr8dvt9q76t/zsTU9WR2s0/1wmH+99Rp+fe7nWWEwiDrlFhGvks8QxSBdrrihVieJ/ifdjr+gE3cf2Xar7x9X5err34RceSses409MiIURHb79NLdmgik+zLVPo1XuzNBKHNDCB2zkqZhwAfW3tO7Y+oVPSfNdzugjhT2g3wdYP2J7aT6OCKeQobFVw0frjcWy6cfTV5+2r6QCiiNgNRXREkfeukh3290KR5Qne4D+w/GNWJHVClkv1G9ECO1oqDVn7/JmtDYsjjPsBR1jXiI9E61x5G0FfNA+Dd0OtJlvdBsJenSnRqCJyP7eSAeahtw2DYG8HCOpXgFiJkASHcoGsvUbGUPbdG39LmDSp5uMzIvi8xM3QSui6pAT2NkWQcMglVWFbJs7zQyFz/iY7BFC+6YUC0OLm0ENYL1jQVtTsSDQvtt+0VaWMP8E5X1XlCXM/7x0lf5DLZd78ok8iWtwFSPUP4Ojzjlxd9s0ZAknPysq1MO0cqXxoNGnpgRaVoT1DooM4ZlkPJ9lD9ypf7mE7Bj/7Hs6yBauu1xuyK9V/8gEMUnCGqLJEl4fx+hgNuHmQ2cIk0D6984cdq6CCGjfRrtkiFgkaf2qvD4869McR0laNkN4t9MHE1E5ln3IRi4JFD+2LofFhJlQs/rNJUytlGbdmcvpRkafnhDE/3VY7izhfUh3jMesD3mEsZeaaGNsP5SjMAnZe7MfgC9bzugiTJ/qMPyki015IExHKY0ooSs0hEww9ocR5p0nKiZMTR/T3rGPPML0Hze2044HiwVNdxChw6plCdP/ZdgO0XERGk8k6fMiQQklyHVyBWkshKY1uOYFTELj8Rl+gKt0BwrVYHE2x4TI7mlS/2W68/mE6cdnejoOQixmihH69KGRhDNX5dxRavzxk88oxasp3YRe8zD95M29Y66lMQaIYXvT60ie/I6/WOVlS40nb9QdJ/uzDGHa1zVSn9ThBWMJKIzQZz1Me8tmFVoyHosJzRiVy39Cy5wAee1pUo8jU1+feJkmYaqcd5y/jy0SFE8E5bMvTe1RMmckkgNJGcLEqXobmU121nmGvE/cx7e4maXvnQl4a3GGMNl9LjKxftc0hHwLcD20x/SzhBfbuNhmL0a4hUIyhJcfnw5Zd881SLG4Pran8fPx14ft7CfnSp3bjjzr40+2k+HjC1zs8b03NHeN7Uv94jREU5ozRe714Zk4DYs+n2MzuCslC8VpQN/CM9aWr7tTBUUTXY4FGGvTB6RtQeKl4r64YRFhZxoR2pbqLfAh4poTyJSnKT8XOWDF3UlEKOZNu8CHYlkXRCALxNKn+YD5g5zfxNLcPeRT5OH0sCl3GTxT6THnJkROwWMn0dQU+RRx5A+dRi1zq7HTQiiHU3EWlsiXfYjPkQN2Jejo2rQaB8c8xLLcULCeiA1IaN9772xNZvyQyVn3rU9Ec+x0I7bv5iOQ0L5vs53uVORxgFtOLTMxxKpNwPstGHyiz15P81VwyQqT8l9OaL5TdLUO5Ue0AhKbhpE7jhI6QjV79vCFmkq++8pPPXQO2VcpRVu3aCs7w69Dw4I0+oBfR+Ooa/vord+F4InexfrHerHn6RB/6ia5Hs5+Fz5nUzHnMHI+YUJnbeJbZ7MYXwXVS4/GFU7bguclo8kFE9prhhoXtlZEi4XHKH3FGmHCfa6FesU67zh+iRM6gqbNyrUtuiqeWjjhU523AC8PiFdxD8LXOzNzji95EL7cuadL/NKD8InOrvkcBfYhfJrzh2g4/5z48CF8lgUDPUN6qYr1InSlLBsSeIQ0OX/opafoRLgLL1ktP8KnmIlwUu16DthPT3Cnwhd8OR09f96TkNC27hdK5DqskWrqrBShavuQ3ha+C+lqNHwJX+Z+mluc3pvwVe4Yurns3oQvck9UXKVfltCduqxPPhcfJgtbCcKktKl5ffjcPppEzssQ5l5f34R8LlOXib9ehpCIdnxhj3sTUxHsUoTt3H158rj3MLWolSM0M57NyOf+0vRtSOUIzax1I/K5g/Z+lVl5QkJd9Tyh5fWCrfS2pCwhUc1edXLwuno+XbdZmvCJ7/M2MxDlCYFXgAaT153sGS+2AmFzvejXg5ka/yqEz/luhGxctxLhU77fIhtMqkb4hO8oeQgIViQkmta7gVvklaraW5RZqasSEvZeZ/itqIzFomwJXmXC53rfU04IIgAhUbW9s8v/DXqP5QYhCJ/nvWt5L+sMQhi/Oy90Ny5KvDvPLEUOSxh14zbkLdGdbZkOzL04IBRhNBtpOKP6Rcu8wzL/Dd3hCAmTwd5DWvKdubnnJAMSnt8lW53x9Ff2fbksN20UlDCejrt9Jb79sdwEjJWfUgmJdxYTld7pXLb/Isn8JSsgW6JW3stdfHlWOLC0Gn+3eryZKVitQjE9iAo1mYJF6dNJzmE+TxWeVgxCUyAqxXppK4WO6ebLdc6NS97KWwnrJ4xFJWfD5dd+k7U+o83+azlkPAAdsV7vFuLPu8SokkJIvRoeJrPtbHIYrnT8A5V3sLKUlCUbFugrIDGtNaVU599eVkHU9s6GsF/VjvTatulvu3UBxJh1h9F286qLabu1brt9lcWo9ST96xM6AV+dkGkX4IsTaubeF7bdxkqia8BPa7uRVaR2SPCr7VZWEBhrb7uZ5YVGodtuZ1kx+HhL2y0tKUrQdyi8KKEc4gH2tttaRn6JoLZbW0JUeYWd226uv8TALwXUdnt9RYXrIvPXJmT84B1Pb7vNXlJ678v3UoSaL8sUtbbdbFiM/5SrS2674ajEumxmsu2WQ2KS+FrQlyJkUlepEGi7+U4xsa5WAdE2gEOU/+0r8T03IZNyBjtJr0fIqFh9hShCahukQFSwZaA6srZRchT1nt6GO+PYNk5GTCu+6gY9wtk2UkqMSkHQ6oYXIzynwfluOXcmIV6JkJ1vSI5fsMrZcdLbV18WnotwvTruhpPl5++8v6hyMR2g/z2014E0i5NGAAAAAElFTkSuQmCC\" alt=\"ddì ëí ì´ë¯¸ì§ ê²ìê²°ê³¼\"><img src=\"data:image/png;base64,iVBORw0KGgoAAAANSUhEUgAAAOEAAADhCAMAAAAJbSJIAAAAe1BMVEWAwUL///98vzp+wD52vSx3vS95vjN7vzf8/vmz2JR0vCd+wDy93aT+//3Z68qez3SYzGr3+/Px+Ou525yj0XzH4rHM5bip1IXQ577k8dmu1o2JxVGGxEvo89+t1ouQyFzs9eTW6sah0HiZzG273KDD4KuNx1eTyWHe7tGPQYZXAAAOTElEQVR4nNWd6XriIBSGKasW61brvlQ7td7/FU6iRkNM4CMhiX6/5unYyhvgwFkg5K1ufYw2/XmvOzsM/46rNSFkvTr+DQ+zbm/e34w+av9+Uucf/973ZjvChVSKas0IIxdF/9KaKiWFILvZ7/67zkbURfg9X+44l4omVEViVEnOd8t5XZh1EG5+B0xIJ5vJKQU5fG1qaE1owtF+xrjSPnQ3Sq04me07gVsUlHA0/ZF+fffYl0IO5kEhwxF+zAdC6gp0ibQUh32wZgUjPE1kELwrpJCzRaCWBSH8+FpxGgzvIsqP0xBtC0H4veSqytwrEpOiO34CwtOPCN19dylxqDxYKxIu/ni42ZcnzX8qLpKVCDfDmvkujINK250KhN+DBvgujJMK87E04XjSEF8sypejpgl7NdqXPCn11Shhn8hG+WLJVTmzWoZwNOCN80VifFbGXy5BOG94gN5FVb8Bws5AtMRHynWjL+FetdWBFylyqpdw28oMNMQ/ayQcr1XbfJHkzmtt9CGcizpcCH9p6jNSPQiX7Y/Qqxjv1UDY2TW/yBdLDIITjkm7NjQrdUTDVSDh6Umm4F2agT4VRjjnzwYYBzmwfSpE+Ps0NiYtxuehCD+fEjASR6JxAGH3WQEjRGDVcBMuW9xpO8W71QmfGjBaGJdVCZ8cEEB0EH4+O2CE6PA17IS9oEaGaa0ppVqXSi8WymFurITzMIBxIlsIqVfDw2S2nU0Ow5WOf+BOgWOyr4s2wlN1QEYlZ8PltL/J+nSjTX+6HDJeLaN6RbTtbiyE46pzkEpx7M7t4erxvHsUsuKungnLlxQTdtaVHi4VajLHnPHRfKKqxe/YutjTKCb8q/CdWuiZX+CvP4t+p/wX0qE/Ybe0w8sUH5SIa771BxUyrbJwc1NEWNqMMkl6ZbMoox6RZRn53o+wrJVhYgW5NIWar8r62rLA2hQQlrMyTOzKDE9T/V05RrbyIZyViYtG/ecbj87XqVw/qvwdai7hvswkVCxMdUisKSvziHnuAMojHJUwo4wvQ5aKfixLRIaYylsV8wh//FdCuQpdVrhZ+T9nesAIp952lPlmSyB9+nejyDHkj4Qjb0BKQtWgmVr4R6Hl4zh9JDz4/lkxqYUv1sT3adPHtjwQ+rpM7P23NsC3t993z5H66Eg9EPr9QaJ1HZXLdy203378cd3PEvb8LBhdla7kATVe+c0ama27yRB67kdVsdMSTkO/1V9lnnmGcOL1wGR9NsZolNe4ojMb4cLLzIjM36pNM6+Rxc20m0n45zOtpTPcHExLn17UZn7YIPRaKWRTPRhr5oNorhgG4c5j8VHNzMFEEw9zow37lyY8eQx3S+inHg09bKDRiWlCjy7U6/qP1Zn68Ag7GJ2YIvSYhYwGOCbgqbFHII6nNlopwh/ckL7X40zYtXiH25fegN8Jv/EuFHVutovVw+1EKsx/J5zBUznHRWlGuGOn7i75jbCDjwHStJVJ9IE3Udx+6UbYgxccay6rXuHGUN4CfzdC2Bgrd/lDfeqi/cB2ya8khPBqz9YtwV0Ed8RtwUgIYbepxTEaC/Z+aOIXXAk7aBdmva/GBZt8df2FK+EU3bvnhpWbVAclFPvLL1wJh+B+5iEK0rx+wc5IVu0L4Qgc3UUZrEaFGptrdPhC+AUaYVE9PVhdfdBmyP354xfCP+yx3BeZVnXEWnsdpmdCNFXxFF2Id6I67y7PhHNs8j7FLIwFdqI4p6TPhOByn5e7akVzrBPpeX95JsSWClbrbT1eIlAnXsZc3OoN9kiUx1GcmgU6Qu+xHxwT/mKf53UnYXCB67eMp1VMiG1oNH7UqH4NoCafN9ER4Qc2DZ9kqbgIXDBiT4+g05CxtqkMMcjWxAEpgm7Z6LZtKENbaIGLN24E9biEq6Jr8dvt9q76t/zsTU9WR2s0/1wmH+99Rp+fe7nWWEwiDrlFhGvks8QxSBdrrihVieJ/ifdjr+gE3cf2Xar7x9X5err34RceSses409MiIURHb79NLdmgik+zLVPo1XuzNBKHNDCB2zkqZhwAfW3tO7Y+oVPSfNdzugjhT2g3wdYP2J7aT6OCKeQobFVw0frjcWy6cfTV5+2r6QCiiNgNRXREkfeukh3290KR5Qne4D+w/GNWJHVClkv1G9ECO1oqDVn7/JmtDYsjjPsBR1jXiI9E61x5G0FfNA+Dd0OtJlvdBsJenSnRqCJyP7eSAeahtw2DYG8HCOpXgFiJkASHcoGsvUbGUPbdG39LmDSp5uMzIvi8xM3QSui6pAT2NkWQcMglVWFbJs7zQyFz/iY7BFC+6YUC0OLm0ENYL1jQVtTsSDQvtt+0VaWMP8E5X1XlCXM/7x0lf5DLZd78ok8iWtwFSPUP4Ojzjlxd9s0ZAknPysq1MO0cqXxoNGnpgRaVoT1DooM4ZlkPJ9lD9ypf7mE7Bj/7Hs6yBauu1xuyK9V/8gEMUnCGqLJEl4fx+hgNuHmQ2cIk0D6984cdq6CCGjfRrtkiFgkaf2qvD4869McR0laNkN4t9MHE1E5ln3IRi4JFD+2LofFhJlQs/rNJUytlGbdmcvpRkafnhDE/3VY7izhfUh3jMesD3mEsZeaaGNsP5SjMAnZe7MfgC9bzugiTJ/qMPyki015IExHKY0ooSs0hEww9ocR5p0nKiZMTR/T3rGPPML0Hze2044HiwVNdxChw6plCdP/ZdgO0XERGk8k6fMiQQklyHVyBWkshKY1uOYFTELj8Rl+gKt0BwrVYHE2x4TI7mlS/2W68/mE6cdnejoOQixmihH69KGRhDNX5dxRavzxk88oxasp3YRe8zD95M29Y66lMQaIYXvT60ie/I6/WOVlS40nb9QdJ/uzDGHa1zVSn9ThBWMJKIzQZz1Me8tmFVoyHosJzRiVy39Cy5wAee1pUo8jU1+feJkmYaqcd5y/jy0SFE8E5bMvTe1RMmckkgNJGcLEqXobmU121nmGvE/cx7e4maXvnQl4a3GGMNl9LjKxftc0hHwLcD20x/SzhBfbuNhmL0a4hUIyhJcfnw5Zd881SLG4Pran8fPx14ft7CfnSp3bjjzr40+2k+HjC1zs8b03NHeN7Uv94jREU5ozRe714Zk4DYs+n2MzuCslC8VpQN/CM9aWr7tTBUUTXY4FGGvTB6RtQeKl4r64YRFhZxoR2pbqLfAh4poTyJSnKT8XOWDF3UlEKOZNu8CHYlkXRCALxNKn+YD5g5zfxNLcPeRT5OH0sCl3GTxT6THnJkROwWMn0dQU+RRx5A+dRi1zq7HTQiiHU3EWlsiXfYjPkQN2Jejo2rQaB8c8xLLcULCeiA1IaN9772xNZvyQyVn3rU9Ec+x0I7bv5iOQ0L5vs53uVORxgFtOLTMxxKpNwPstGHyiz15P81VwyQqT8l9OaL5TdLUO5Ue0AhKbhpE7jhI6QjV79vCFmkq++8pPPXQO2VcpRVu3aCs7w69Dw4I0+oBfR+Ooa/vord+F4InexfrHerHn6RB/6ia5Hs5+Fz5nUzHnMHI+YUJnbeJbZ7MYXwXVS4/GFU7bguclo8kFE9prhhoXtlZEi4XHKH3FGmHCfa6FesU67zh+iRM6gqbNyrUtuiqeWjjhU523AC8PiFdxD8LXOzNzji95EL7cuadL/NKD8InOrvkcBfYhfJrzh2g4/5z48CF8lgUDPUN6qYr1InSlLBsSeIQ0OX/opafoRLgLL1ktP8KnmIlwUu16DthPT3Cnwhd8OR09f96TkNC27hdK5DqskWrqrBShavuQ3ha+C+lqNHwJX+Z+mluc3pvwVe4Yurns3oQvck9UXKVfltCduqxPPhcfJgtbCcKktKl5ffjcPppEzssQ5l5f34R8LlOXib9ehpCIdnxhj3sTUxHsUoTt3H158rj3MLWolSM0M57NyOf+0vRtSOUIzax1I/K5g/Z+lVl5QkJd9Tyh5fWCrfS2pCwhUc1edXLwuno+XbdZmvCJ7/M2MxDlCYFXgAaT153sGS+2AmFzvejXg5ka/yqEz/luhGxctxLhU77fIhtMqkb4hO8oeQgIViQkmta7gVvklaraW5RZqasSEvZeZ/itqIzFomwJXmXC53rfU04IIgAhUbW9s8v/DXqP5QYhCJ/nvWt5L+sMQhi/Oy90Ny5KvDvPLEUOSxh14zbkLdGdbZkOzL04IBRhNBtpOKP6Rcu8wzL/Dd3hCAmTwd5DWvKdubnnJAMSnt8lW53x9Ff2fbksN20UlDCejrt9Jb79sdwEjJWfUgmJdxYTld7pXLb/Isn8JSsgW6JW3stdfHlWOLC0Gn+3eryZKVitQjE9iAo1mYJF6dNJzmE+TxWeVgxCUyAqxXppK4WO6ebLdc6NS97KWwnrJ4xFJWfD5dd+k7U+o83+azlkPAAdsV7vFuLPu8SokkJIvRoeJrPtbHIYrnT8A5V3sLKUlCUbFugrIDGtNaVU599eVkHU9s6GsF/VjvTatulvu3UBxJh1h9F286qLabu1brt9lcWo9ST96xM6AV+dkGkX4IsTaubeF7bdxkqia8BPa7uRVaR2SPCr7VZWEBhrb7uZ5YVGodtuZ1kx+HhL2y0tKUrQdyi8KKEc4gH2tttaRn6JoLZbW0JUeYWd226uv8TALwXUdnt9RYXrIvPXJmT84B1Pb7vNXlJ678v3UoSaL8sUtbbdbFiM/5SrS2674ajEumxmsu2WQ2KS+FrQlyJkUlepEGi7+U4xsa5WAdE2gEOU/+0r8T03IZNyBjtJr0fIqFh9hShCahukQFSwZaA6srZRchT1nt6GO+PYNk5GTCu+6gY9wtk2UkqMSkHQ6oYXIzynwfluOXcmIV6JkJ1vSI5fsMrZcdLbV18WnotwvTruhpPl5++8v6hyMR2g/z2014E0i5NGAAAAAElFTkSuQmCC\" alt=\"ddì ëí ì´ë¯¸ì§ ê²ìê²°ê³¼\"><img src=\"data:image/png;base64,iVBORw0KGgoAAAANSUhEUgAAAOEAAADhCAMAAAAJbSJIAAAAe1BMVEWAwUL///98vzp+wD52vSx3vS95vjN7vzf8/vmz2JR0vCd+wDy93aT+//3Z68qez3SYzGr3+/Px+Ou525yj0XzH4rHM5bip1IXQ577k8dmu1o2JxVGGxEvo89+t1ouQyFzs9eTW6sah0HiZzG273KDD4KuNx1eTyWHe7tGPQYZXAAAOTElEQVR4nNWd6XriIBSGKasW61brvlQ7td7/FU6iRkNM4CMhiX6/5unYyhvgwFkg5K1ufYw2/XmvOzsM/46rNSFkvTr+DQ+zbm/e34w+av9+Uucf/973ZjvChVSKas0IIxdF/9KaKiWFILvZ7/67zkbURfg9X+44l4omVEViVEnOd8t5XZh1EG5+B0xIJ5vJKQU5fG1qaE1owtF+xrjSPnQ3Sq04me07gVsUlHA0/ZF+fffYl0IO5kEhwxF+zAdC6gp0ibQUh32wZgUjPE1kELwrpJCzRaCWBSH8+FpxGgzvIsqP0xBtC0H4veSqytwrEpOiO34CwtOPCN19dylxqDxYKxIu/ni42ZcnzX8qLpKVCDfDmvkujINK250KhN+DBvgujJMK87E04XjSEF8sypejpgl7NdqXPCn11Shhn8hG+WLJVTmzWoZwNOCN80VifFbGXy5BOG94gN5FVb8Bws5AtMRHynWjL+FetdWBFylyqpdw28oMNMQ/ayQcr1XbfJHkzmtt9CGcizpcCH9p6jNSPQiX7Y/Qqxjv1UDY2TW/yBdLDIITjkm7NjQrdUTDVSDh6Umm4F2agT4VRjjnzwYYBzmwfSpE+Ps0NiYtxuehCD+fEjASR6JxAGH3WQEjRGDVcBMuW9xpO8W71QmfGjBaGJdVCZ8cEEB0EH4+O2CE6PA17IS9oEaGaa0ppVqXSi8WymFurITzMIBxIlsIqVfDw2S2nU0Ow5WOf+BOgWOyr4s2wlN1QEYlZ8PltL/J+nSjTX+6HDJeLaN6RbTtbiyE46pzkEpx7M7t4erxvHsUsuKungnLlxQTdtaVHi4VajLHnPHRfKKqxe/YutjTKCb8q/CdWuiZX+CvP4t+p/wX0qE/Ybe0w8sUH5SIa771BxUyrbJwc1NEWNqMMkl6ZbMoox6RZRn53o+wrJVhYgW5NIWar8r62rLA2hQQlrMyTOzKDE9T/V05RrbyIZyViYtG/ecbj87XqVw/qvwdai7hvswkVCxMdUisKSvziHnuAMojHJUwo4wvQ5aKfixLRIaYylsV8wh//FdCuQpdVrhZ+T9nesAIp952lPlmSyB9+nejyDHkj4Qjb0BKQtWgmVr4R6Hl4zh9JDz4/lkxqYUv1sT3adPHtjwQ+rpM7P23NsC3t993z5H66Eg9EPr9QaJ1HZXLdy203378cd3PEvb8LBhdla7kATVe+c0ama27yRB67kdVsdMSTkO/1V9lnnmGcOL1wGR9NsZolNe4ojMb4cLLzIjM36pNM6+Rxc20m0n45zOtpTPcHExLn17UZn7YIPRaKWRTPRhr5oNorhgG4c5j8VHNzMFEEw9zow37lyY8eQx3S+inHg09bKDRiWlCjy7U6/qP1Zn68Ag7GJ2YIvSYhYwGOCbgqbFHII6nNlopwh/ckL7X40zYtXiH25fegN8Jv/EuFHVutovVw+1EKsx/J5zBUznHRWlGuGOn7i75jbCDjwHStJVJ9IE3Udx+6UbYgxccay6rXuHGUN4CfzdC2Bgrd/lDfeqi/cB2ya8khPBqz9YtwV0Ed8RtwUgIYbepxTEaC/Z+aOIXXAk7aBdmva/GBZt8df2FK+EU3bvnhpWbVAclFPvLL1wJh+B+5iEK0rx+wc5IVu0L4Qgc3UUZrEaFGptrdPhC+AUaYVE9PVhdfdBmyP354xfCP+yx3BeZVnXEWnsdpmdCNFXxFF2Id6I67y7PhHNs8j7FLIwFdqI4p6TPhOByn5e7akVzrBPpeX95JsSWClbrbT1eIlAnXsZc3OoN9kiUx1GcmgU6Qu+xHxwT/mKf53UnYXCB67eMp1VMiG1oNH7UqH4NoCafN9ER4Qc2DZ9kqbgIXDBiT4+g05CxtqkMMcjWxAEpgm7Z6LZtKENbaIGLN24E9biEq6Jr8dvt9q76t/zsTU9WR2s0/1wmH+99Rp+fe7nWWEwiDrlFhGvks8QxSBdrrihVieJ/ifdjr+gE3cf2Xar7x9X5err34RceSses409MiIURHb79NLdmgik+zLVPo1XuzNBKHNDCB2zkqZhwAfW3tO7Y+oVPSfNdzugjhT2g3wdYP2J7aT6OCKeQobFVw0frjcWy6cfTV5+2r6QCiiNgNRXREkfeukh3290KR5Qne4D+w/GNWJHVClkv1G9ECO1oqDVn7/JmtDYsjjPsBR1jXiI9E61x5G0FfNA+Dd0OtJlvdBsJenSnRqCJyP7eSAeahtw2DYG8HCOpXgFiJkASHcoGsvUbGUPbdG39LmDSp5uMzIvi8xM3QSui6pAT2NkWQcMglVWFbJs7zQyFz/iY7BFC+6YUC0OLm0ENYL1jQVtTsSDQvtt+0VaWMP8E5X1XlCXM/7x0lf5DLZd78ok8iWtwFSPUP4Ojzjlxd9s0ZAknPysq1MO0cqXxoNGnpgRaVoT1DooM4ZlkPJ9lD9ypf7mE7Bj/7Hs6yBauu1xuyK9V/8gEMUnCGqLJEl4fx+hgNuHmQ2cIk0D6984cdq6CCGjfRrtkiFgkaf2qvD4869McR0laNkN4t9MHE1E5ln3IRi4JFD+2LofFhJlQs/rNJUytlGbdmcvpRkafnhDE/3VY7izhfUh3jMesD3mEsZeaaGNsP5SjMAnZe7MfgC9bzugiTJ/qMPyki015IExHKY0ooSs0hEww9ocR5p0nKiZMTR/T3rGPPML0Hze2044HiwVNdxChw6plCdP/ZdgO0XERGk8k6fMiQQklyHVyBWkshKY1uOYFTELj8Rl+gKt0BwrVYHE2x4TI7mlS/2W68/mE6cdnejoOQixmihH69KGRhDNX5dxRavzxk88oxasp3YRe8zD95M29Y66lMQaIYXvT60ie/I6/WOVlS40nb9QdJ/uzDGHa1zVSn9ThBWMJKIzQZz1Me8tmFVoyHosJzRiVy39Cy5wAee1pUo8jU1+feJkmYaqcd5y/jy0SFE8E5bMvTe1RMmckkgNJGcLEqXobmU121nmGvE/cx7e4maXvnQl4a3GGMNl9LjKxftc0hHwLcD20x/SzhBfbuNhmL0a4hUIyhJcfnw5Zd881SLG4Pran8fPx14ft7CfnSp3bjjzr40+2k+HjC1zs8b03NHeN7Uv94jREU5ozRe714Zk4DYs+n2MzuCslC8VpQN/CM9aWr7tTBUUTXY4FGGvTB6RtQeKl4r64YRFhZxoR2pbqLfAh4poTyJSnKT8XOWDF3UlEKOZNu8CHYlkXRCALxNKn+YD5g5zfxNLcPeRT5OH0sCl3GTxT6THnJkROwWMn0dQU+RRx5A+dRi1zq7HTQiiHU3EWlsiXfYjPkQN2Jejo2rQaB8c8xLLcULCeiA1IaN9772xNZvyQyVn3rU9Ec+x0I7bv5iOQ0L5vs53uVORxgFtOLTMxxKpNwPstGHyiz15P81VwyQqT8l9OaL5TdLUO5Ue0AhKbhpE7jhI6QjV79vCFmkq++8pPPXQO2VcpRVu3aCs7w69Dw4I0+oBfR+Ooa/vord+F4InexfrHerHn6RB/6ia5Hs5+Fz5nUzHnMHI+YUJnbeJbZ7MYXwXVS4/GFU7bguclo8kFE9prhhoXtlZEi4XHKH3FGmHCfa6FesU67zh+iRM6gqbNyrUtuiqeWjjhU523AC8PiFdxD8LXOzNzji95EL7cuadL/NKD8InOrvkcBfYhfJrzh2g4/5z48CF8lgUDPUN6qYr1InSlLBsSeIQ0OX/opafoRLgLL1ktP8KnmIlwUu16DthPT3Cnwhd8OR09f96TkNC27hdK5DqskWrqrBShavuQ3ha+C+lqNHwJX+Z+mluc3pvwVe4Yurns3oQvck9UXKVfltCduqxPPhcfJgtbCcKktKl5ffjcPppEzssQ5l5f34R8LlOXib9ehpCIdnxhj3sTUxHsUoTt3H158rj3MLWolSM0M57NyOf+0vRtSOUIzax1I/K5g/Z+lVl5QkJd9Tyh5fWCrfS2pCwhUc1edXLwuno+XbdZmvCJ7/M2MxDlCYFXgAaT153sGS+2AmFzvejXg5ka/yqEz/luhGxctxLhU77fIhtMqkb4hO8oeQgIViQkmta7gVvklaraW5RZqasSEvZeZ/itqIzFomwJXmXC53rfU04IIgAhUbW9s8v/DXqP5QYhCJ/nvWt5L+sMQhi/Oy90Ny5KvDvPLEUOSxh14zbkLdGdbZkOzL04IBRhNBtpOKP6Rcu8wzL/Dd3hCAmTwd5DWvKdubnnJAMSnt8lW53x9Ff2fbksN20UlDCejrt9Jb79sdwEjJWfUgmJdxYTld7pXLb/Isn8JSsgW6JW3stdfHlWOLC0Gn+3eryZKVitQjE9iAo1mYJF6dNJzmE+TxWeVgxCUyAqxXppK4WO6ebLdc6NS97KWwnrJ4xFJWfD5dd+k7U+o83+azlkPAAdsV7vFuLPu8SokkJIvRoeJrPtbHIYrnT8A5V3sLKUlCUbFugrIDGtNaVU599eVkHU9s6GsF/VjvTatulvu3UBxJh1h9F286qLabu1brt9lcWo9ST96xM6AV+dkGkX4IsTaubeF7bdxkqia8BPa7uRVaR2SPCr7VZWEBhrb7uZ5YVGodtuZ1kx+HhL2y0tKUrQdyi8KKEc4gH2tttaRn6JoLZbW0JUeYWd226uv8TALwXUdnt9RYXrIvPXJmT84B1Pb7vNXlJ678v3UoSaL8sUtbbdbFiM/5SrS2674ajEumxmsu2WQ2KS+FrQlyJkUlepEGi7+U4xsa5WAdE2gEOU/+0r8T03IZNyBjtJr0fIqFh9hShCahukQFSwZaA6srZRchT1nt6GO+PYNk5GTCu+6gY9wtk2UkqMSkHQ6oYXIzynwfluOXcmIV6JkJ1vSI5fsMrZcdLbV18WnotwvTruhpPl5++8v6hyMR2g/z2014E0i5NGAAAAAElFTkSuQmCC\" alt=\"ddì ëí ì´ë¯¸ì§ ê²ìê²°ê³¼\">&nbsp;</p>',NULL,'2019-04-05 01:40:00','2019-04-05 01:40:00',NULL),(15,2,'대리점','공지사항 테스트1','<p>공지사항 테스트1</p><p><br></p>',NULL,'2019-04-05 03:48:02','2019-04-05 03:48:02',NULL),(16,2,'대리점','s','<p>s</p>',NULL,'2019-04-12 07:11:37','2019-04-12 07:11:37',NULL),(17,2,'가맹점','ff','<figure class=\"easyimage easyimage-full\"><img alt=\"\" src=\"blob:http://link.local/a4b77feb-1aa4-4933-8813-526ceea0ca03\" width=\"218\" />\r\n<figcaption></figcaption>\r\n</figure>\r\n\r\n<p>&nbsp;</p>',NULL,'2019-04-12 07:12:26','2019-04-12 07:12:55',NULL),(18,2,'가맹점','11','<figure class=\"easyimage easyimage-full\"><img alt=\"\" src=\"blob:http://link.local/2d99737c-b8eb-4774-9895-c364c15f7945\" width=\"218\" />\r\n<figcaption></figcaption>\r\n</figure>\r\n\r\n<p>&nbsp;</p>',NULL,'2019-04-12 07:13:18','2019-04-12 07:13:18',NULL),(19,2,'가맹점','11','<figure class=\"easyimage easyimage-full\"><img alt=\"\" src=\"blob:http://link.local/a3958105-604a-41e3-820f-d6f469fd28f7\" width=\"127\" />\r\n<figcaption></figcaption>\r\n</figure>\r\n\r\n<p>&nbsp;</p>',NULL,'2019-04-12 07:27:02','2019-04-12 07:27:02',NULL),(20,2,'가맹점','1111111111111111111111111','(function ($) {\r\n\r\n    $(function () {});\r\n\r\n    $(window).load(function () {\r\n\r\n        var $_adminBar = $(\'#wpadminbar\'),\r\n            $_body = $(\'body\'),\r\n            $_wrapper = $(\'#wrapper\'),\r\n            $_window = $(this),\r\n            isHomePage = $_body.hasClass(\'home\'),\r\n            bodyInitTop = $_adminBar.length > 0 ? $_adminBar.outerHeight() : 0,\r\n            currentScrollTop = 0;\r\n\r\n        function init() {\r\n            disableClick();\r\n            contactFormHook();\r\n        }\r\n        init();\r\n\r\n        function isIe() {\r\n            var pattern = /Trident\\/[0-9]+\\.[0-9]+/;\r\n\r\n            return pattern.test(navigator.userAgent);\r\n        }\r\n\r\n        function isEdge() {\r\n            var pattern = /Edge\\/[0-9]+\\.[0-9]+/;\r\n\r\n            return pattern.test(navigator.userAgent);\r\n        }\r\n\r\n        function disableClick() {\r\n            $(\'.noclick\').on(\'click\', function () {\r\n                return false;\r\n            });\r\n        }\r\n\r\n        function contactFormHook() {\r\n            if ($(\'.wpcf7\').length < 1) return false;\r\n\r\n            var wpcf7Elm = document.querySelector(\'.wpcf7\');\r\n\r\n            wpcf7Elm.addEventListener(\'wpcf7invalid\', function (event) {\r\n                $(\'.wpcf7 .wpcf7-not-valid\').eq(0).focus();\r\n            }, false);\r\n        }\r\n\r\n        function scrollToPosition(pos, second) {\r\n            $(\'html, body\').animate({\r\n                scrollTop: pos\r\n            }, second * 1000);\r\n        }\r\n\r\n        $(\'#dataTables-example\').DataTable({\r\n            responsive: false,\r\n            ordering: false, //Enable / disable order\r\n            info: false, // Enable / disabl info\r\n            searching: false, // Enable / disable Search\r\n            lengthChange: false //Enable / disable paging display length\r\n        });\r\n\r\n        $(window).resize(function () {\r\n\r\n            // Resize\r\n\r\n        });\r\n    });\r\n\r\n    CKEDITOR.replace(\'editor1\', {\r\n        language: \'ko\',\r\n        extraPlugins: \'easyimage\',\r\n        cloudServices_tokenUrl: \'https://example.com/cs-token-endpoint\',\r\n        cloudServices_uploadUrl: \'https://your-organization-id.cke-cs.com/easyimage/upload/\'\r\n    });\r\n})(jQuery);',NULL,'2019-04-12 07:40:11','2019-04-12 07:40:11',NULL),(21,2,'대리점','11','<figure class=\"easyimage easyimage-full\"><img alt=\"\" src=\"blob:http://link.local/97767220-df66-42cf-a764-be96ba7c0d44\" width=\"218\" />\r\n<figcaption></figcaption>\r\n</figure>\r\n\r\n<pre>\r\nfunction scrollToPosition(pos, second) {\r\n    $(&#39;html, body&#39;).animate({\r\n        scrollTop: pos\r\n    }, second * 1000);\r\n}</pre>',NULL,'2019-04-12 07:44:02','2019-04-12 07:44:02',NULL),(22,2,'가맹점','1234','<figure class=\"easyimage easyimage-full\"><img alt=\"\" src=\"blob:http://dev.e777.kr:1717/e1965c72-d725-473e-9be4-c0f0ad261ebd\" width=\"218\" />\r\n<figcaption></figcaption>\r\n</figure>\r\n\r\n<p>azzzzzzzz</p>\r\n\r\n<figure class=\"easyimage easyimage-full\"><img alt=\"\" src=\"blob:http://dev.e777.kr:1717/e1965c72-d725-473e-9be4-c0f0ad261ebd\" width=\"218\" />\r\n<figcaption></figcaption>\r\n</figure>',NULL,'2019-04-12 08:31:39','2019-04-12 08:31:39',NULL);
/*!40000 ALTER TABLE `board_notice` ENABLE KEYS */;
UNLOCK TABLES;

--
-- Table structure for table `migrations`
--

DROP TABLE IF EXISTS `migrations`;
/*!40101 SET @saved_cs_client     = @@character_set_client */;
/*!40101 SET character_set_client = utf8 */;
CREATE TABLE `migrations` (
  `id` int(10) unsigned NOT NULL AUTO_INCREMENT,
  `migration` varchar(255) COLLATE utf8mb4_unicode_ci NOT NULL,
  `batch` int(11) NOT NULL,
  PRIMARY KEY (`id`)
) ENGINE=InnoDB DEFAULT CHARSET=utf8mb4 COLLATE=utf8mb4_unicode_ci;
/*!40101 SET character_set_client = @saved_cs_client */;

--
-- Dumping data for table `migrations`
--

LOCK TABLES `migrations` WRITE;
/*!40000 ALTER TABLE `migrations` DISABLE KEYS */;
/*!40000 ALTER TABLE `migrations` ENABLE KEYS */;
UNLOCK TABLES;

--
-- Table structure for table `order`
--

DROP TABLE IF EXISTS `order`;
/*!40101 SET @saved_cs_client     = @@character_set_client */;
/*!40101 SET character_set_client = utf8 */;
CREATE TABLE `order` (
  `id` int(11) NOT NULL AUTO_INCREMENT,
  `users_id` int(11) DEFAULT NULL COMMENT '주문자',
  `store_id` int(11) DEFAULT NULL,
  `use_point` int(11) DEFAULT NULL COMMENT '사용 포인트',
  `number` int(11) DEFAULT NULL COMMENT '주문번호',
  `approve_type` varchar(10) DEFAULT NULL COMMENT '승인타입',
  `approve_number` varchar(50) DEFAULT NULL COMMENT '승인번호',
  `approve_date` varchar(50) DEFAULT NULL COMMENT '승인 일자',
  `card_type` varchar(50) DEFAULT NULL COMMENT '카드 종류',
  `card_no` varchar(50) DEFAULT NULL COMMENT '카드 번호',
  `count` int(11) DEFAULT NULL COMMENT '갯수',
  `price` int(11) DEFAULT NULL COMMENT '해당 주문의 총 가격',
  `supply` int(11) DEFAULT NULL COMMENT '과세금액',
  `tax` int(11) DEFAULT NULL COMMENT '부가세',
  `installments` varchar(4) DEFAULT NULL COMMENT '할부개월수',
  `status` enum('order','pay','cancel') DEFAULT NULL COMMENT '주문상태 :결제대기, 결제 완료, 결제 취소',
  `push_count` int(11) DEFAULT NULL COMMENT '호출 횟수',
  `type` enum('normal','prepayment','point') DEFAULT 'normal' COMMENT '주문 방법 : 일반,선결제,포인트결제',
  `pay_type` enum('credit','cash','prepayment','point') DEFAULT NULL COMMENT '결제방법:신용 현금 선결제,포인트결제',
  `togo` enum('Y','N') DEFAULT NULL COMMENT '매장식사 :N 포장:Y',
  `user_phone` varchar(50) DEFAULT NULL COMMENT '매장 전화',
  `print` enum('N','Y') DEFAULT 'N' COMMENT '주문 프린트 여부 (1회만 프린트 가능)',
  `confirm` enum('N','Y') DEFAULT 'N' COMMENT '포스에서 주문건 확인 여부',
  `raw_result` text DEFAULT NULL COMMENT '결제 회신내용',
  `in_cash` int(11) DEFAULT NULL COMMENT '현금결제 시 방출금',
  `out_cash` int(11) DEFAULT NULL COMMENT '현금결제 시 방출금',
  `cash_bill` enum('N','Y') DEFAULT 'N' COMMENT '현금영수증 발급 여부',
  `sign_path` varchar(260) DEFAULT NULL COMMENT '서명 이미지 위치',
  `created_at` datetime DEFAULT NULL,
  `updated_at` datetime DEFAULT NULL,
  `deleted_at` datetime DEFAULT NULL,
  PRIMARY KEY (`id`)
) ENGINE=InnoDB AUTO_INCREMENT=879 DEFAULT CHARSET=utf8 COMMENT='주문';
/*!40101 SET character_set_client = @saved_cs_client */;

--
-- Dumping data for table `order`
--

LOCK TABLES `order` WRITE;
/*!40000 ALTER TABLE `order` DISABLE KEYS */;
INSERT INTO `order` VALUES (21,NULL,1,NULL,NULL,NULL,NULL,NULL,NULL,NULL,2,16500,NULL,NULL,NULL,'order',NULL,NULL,NULL,'N',NULL,'N','N',NULL,NULL,NULL,'N',NULL,'2018-11-22 06:36:50','2018-11-22 06:36:50',NULL),(22,NULL,1,NULL,NULL,NULL,NULL,NULL,NULL,NULL,6,51000,NULL,NULL,NULL,'order',NULL,NULL,NULL,'N',NULL,'N','N',NULL,NULL,NULL,'N',NULL,'2018-11-22 06:37:57','2018-11-22 06:37:57',NULL),(23,NULL,1,NULL,NULL,NULL,NULL,NULL,NULL,NULL,6,51000,NULL,NULL,NULL,'order',NULL,NULL,NULL,'N',NULL,'N','N',NULL,NULL,NULL,'N',NULL,'2018-11-22 06:40:32','2018-11-22 06:40:32',NULL),(24,NULL,1,NULL,NULL,NULL,NULL,NULL,NULL,NULL,2,16500,NULL,NULL,NULL,'order',NULL,NULL,NULL,'N',NULL,'N','N',NULL,NULL,NULL,'N',NULL,'2018-11-22 06:41:58','2018-11-22 06:41:58',NULL),(25,NULL,1,NULL,NULL,NULL,NULL,NULL,NULL,NULL,10,81500,NULL,NULL,NULL,'order',NULL,NULL,NULL,'N',NULL,'N','N',NULL,NULL,NULL,'N',NULL,'2018-11-22 06:42:17','2018-11-22 06:42:17',NULL),(26,NULL,1,NULL,NULL,NULL,NULL,NULL,NULL,NULL,9,73500,NULL,NULL,NULL,'order',NULL,NULL,NULL,'N',NULL,'N','N',NULL,NULL,NULL,'N',NULL,'2018-11-22 06:43:10','2018-11-22 06:43:10',NULL),(27,NULL,1,NULL,NULL,NULL,NULL,NULL,NULL,NULL,1,9000,NULL,NULL,NULL,'order',NULL,NULL,NULL,'N',NULL,'N','N',NULL,NULL,NULL,'N',NULL,'2018-11-22 06:48:37','2018-11-22 06:48:37',NULL),(28,NULL,1,NULL,NULL,NULL,NULL,NULL,NULL,NULL,1,9000,NULL,NULL,NULL,'order',NULL,NULL,NULL,'N',NULL,'N','N',NULL,NULL,NULL,'N',NULL,'2018-11-22 06:50:40','2018-11-22 06:50:40',NULL),(29,NULL,1,NULL,NULL,NULL,NULL,NULL,NULL,NULL,1,9000,NULL,NULL,NULL,'order',NULL,NULL,NULL,'N',NULL,'N','N',NULL,NULL,NULL,'N',NULL,'2018-11-22 06:58:34','2018-11-22 06:58:34',NULL),(30,NULL,1,NULL,NULL,NULL,NULL,NULL,NULL,NULL,1,9000,NULL,NULL,NULL,'order',NULL,NULL,NULL,'N',NULL,'N','N',NULL,NULL,NULL,'N',NULL,'2018-11-22 07:01:57','2018-11-22 07:01:57',NULL),(31,NULL,1,NULL,NULL,NULL,NULL,NULL,NULL,NULL,1,9000,NULL,NULL,NULL,'order',NULL,NULL,NULL,'N',NULL,'N','N',NULL,NULL,NULL,'N',NULL,'2018-11-22 07:18:38','2018-11-22 07:18:38',NULL),(32,NULL,1,NULL,NULL,NULL,NULL,NULL,NULL,NULL,1,9000,NULL,NULL,NULL,'order',NULL,NULL,NULL,'N',NULL,'N','N',NULL,NULL,NULL,'N',NULL,'2018-11-22 07:19:40','2018-11-22 07:19:40',NULL),(33,NULL,1,NULL,NULL,NULL,NULL,NULL,NULL,NULL,1,9000,NULL,NULL,NULL,'order',NULL,NULL,NULL,'N',NULL,'N','N',NULL,NULL,NULL,'N',NULL,'2018-11-22 07:25:31','2018-11-22 07:25:31',NULL),(34,NULL,1,NULL,NULL,NULL,NULL,NULL,NULL,NULL,1,9000,NULL,NULL,NULL,'cancel',NULL,NULL,'credit','N',NULL,'N','N','7979',NULL,NULL,'N',NULL,'2018-11-22 07:30:20','2018-12-14 07:31:11',NULL),(35,NULL,1,NULL,NULL,NULL,NULL,NULL,NULL,NULL,1,8000,NULL,NULL,'04','order',NULL,NULL,NULL,'N',NULL,'N','N',NULL,NULL,NULL,'N',NULL,'2018-11-22 07:36:44','2018-11-22 07:36:44',NULL),(36,NULL,1,NULL,NULL,NULL,NULL,NULL,NULL,NULL,4,33000,NULL,NULL,'18','order',NULL,NULL,NULL,'N',NULL,'N','N',NULL,NULL,NULL,'N',NULL,'2018-11-22 07:38:00','2018-11-22 07:38:00',NULL),(37,NULL,1,NULL,NULL,NULL,NULL,NULL,NULL,NULL,1,9000,NULL,NULL,NULL,'cancel',NULL,NULL,'cash','N',NULL,'N','N','7979',NULL,NULL,'N',NULL,'2018-11-22 08:04:35','2018-11-22 08:05:16',NULL),(38,NULL,1,NULL,NULL,NULL,NULL,NULL,NULL,NULL,1,9000,NULL,NULL,NULL,'cancel',NULL,NULL,'cash','N',NULL,'N','N','7979',NULL,NULL,'N',NULL,'2018-11-22 08:05:47','2018-11-22 08:06:18',NULL),(39,NULL,1,NULL,NULL,NULL,NULL,NULL,NULL,NULL,1,8000,NULL,NULL,NULL,'order',NULL,NULL,NULL,'N',NULL,'N','N',NULL,NULL,NULL,'N',NULL,'2018-11-22 08:16:01','2018-11-22 08:16:01',NULL),(40,NULL,1,NULL,NULL,NULL,NULL,NULL,NULL,NULL,1,8000,NULL,NULL,NULL,'order',NULL,NULL,'credit','N',NULL,'N','N',NULL,NULL,NULL,'N',NULL,'2018-11-22 08:16:51','2018-11-22 08:16:51',NULL),(41,NULL,1,NULL,NULL,NULL,NULL,NULL,NULL,NULL,1,9000,NULL,NULL,NULL,'cancel',NULL,NULL,'cash','N',NULL,'N','N','7979',NULL,NULL,'N',NULL,'2018-11-22 08:10:29','2018-11-22 08:11:06',NULL),(42,NULL,1,NULL,NULL,NULL,NULL,NULL,NULL,NULL,10,80000,NULL,NULL,NULL,'order',NULL,NULL,'cash','Y',NULL,'N','N',NULL,NULL,NULL,'N',NULL,'2018-11-22 08:19:14','2018-11-22 08:19:14',NULL),(43,NULL,1,NULL,NULL,NULL,NULL,NULL,NULL,NULL,10,80000,NULL,NULL,'00','order',NULL,NULL,'credit','Y',NULL,'N','N',NULL,NULL,NULL,'N',NULL,'2018-11-22 08:20:05','2018-11-22 08:20:05',NULL),(44,NULL,1,NULL,NULL,NULL,NULL,NULL,NULL,NULL,1,9000,NULL,NULL,NULL,'cancel',NULL,NULL,'cash','N',NULL,'N','N','7979',NULL,NULL,'N',NULL,'2018-11-22 08:31:33','2018-11-22 08:31:54',NULL),(45,NULL,1,NULL,NULL,NULL,NULL,NULL,NULL,NULL,1,8500,NULL,NULL,NULL,'cancel',NULL,NULL,'cash','N',NULL,'N','N','7979',NULL,NULL,'N',NULL,'2018-11-22 09:01:46','2018-11-22 09:02:17',NULL),(46,NULL,1,NULL,NULL,NULL,NULL,NULL,NULL,NULL,1,8500,NULL,NULL,'00','order',NULL,NULL,'credit','N',NULL,'N','N',NULL,NULL,NULL,'N',NULL,'2018-11-22 09:13:16','2018-11-22 09:13:16',NULL),(47,NULL,1,NULL,NULL,NULL,NULL,NULL,NULL,NULL,1,8500,NULL,NULL,'00','order',NULL,NULL,'credit','N',NULL,'N','N',NULL,NULL,NULL,'N',NULL,'2018-11-22 09:15:25','2018-11-22 09:15:25',NULL),(48,NULL,1,NULL,NULL,NULL,NULL,NULL,NULL,NULL,1,8000,NULL,NULL,'00','order',NULL,NULL,'credit','N',NULL,'N','N',NULL,NULL,NULL,'N',NULL,'2018-11-22 09:52:53','2018-11-22 09:52:53',NULL),(49,NULL,1,NULL,NULL,NULL,NULL,NULL,NULL,NULL,1,9000,NULL,NULL,'00','cancel',NULL,NULL,'credit','N',NULL,'N','N','7979',NULL,NULL,'N',NULL,'2018-11-22 10:20:07','2018-11-22 10:20:15',NULL),(50,NULL,1,NULL,NULL,NULL,NULL,NULL,NULL,NULL,1,9000,NULL,NULL,'00','cancel',NULL,NULL,'credit','N',NULL,'N','N','7979',NULL,NULL,'N',NULL,'2018-11-22 10:25:09','2018-11-22 10:25:17',NULL),(51,NULL,1,NULL,NULL,NULL,NULL,NULL,NULL,NULL,1,9000,NULL,NULL,'00','order',NULL,NULL,'credit','N',NULL,'N','N',NULL,NULL,NULL,'N',NULL,'2018-11-22 11:20:37','2018-11-22 11:20:37',NULL),(52,NULL,1,NULL,NULL,NULL,NULL,NULL,NULL,NULL,1,9000,NULL,NULL,'00','cancel',NULL,NULL,'credit','N',NULL,'N','N','7979',NULL,NULL,'N',NULL,'2018-11-22 11:20:50','2018-11-22 11:20:56',NULL),(53,NULL,1,NULL,NULL,NULL,NULL,NULL,NULL,NULL,1,9000,NULL,NULL,'00','cancel',NULL,NULL,'credit','N',NULL,'N','N','7979',NULL,NULL,'N',NULL,'2018-11-22 11:21:16','2018-11-22 11:21:23',NULL),(54,NULL,1,NULL,NULL,NULL,NULL,NULL,NULL,NULL,1,9000,NULL,NULL,'00','cancel',NULL,NULL,'credit','N',NULL,'N','N','7979',NULL,NULL,'N',NULL,'2018-11-22 11:24:34','2018-11-22 11:24:40',NULL),(55,NULL,1,NULL,NULL,NULL,NULL,NULL,NULL,NULL,1,9000,NULL,NULL,'00','cancel',NULL,NULL,'credit','N',NULL,'N','N','7979',NULL,NULL,'N',NULL,'2018-11-22 11:30:33','2018-11-22 11:30:39',NULL),(56,NULL,1,NULL,NULL,NULL,NULL,NULL,NULL,NULL,1,9000,NULL,NULL,'00','cancel',NULL,NULL,'credit','N',NULL,'N','N','7979',NULL,NULL,'N',NULL,'2018-11-22 11:30:58','2018-11-22 11:31:04',NULL),(57,NULL,1,NULL,NULL,NULL,NULL,NULL,NULL,NULL,1,9000,NULL,NULL,'00','cancel',NULL,NULL,'credit','N',NULL,'N','N','7979',NULL,NULL,'N',NULL,'2018-11-22 11:31:23','2018-11-22 11:31:29',NULL),(58,NULL,1,NULL,NULL,NULL,NULL,NULL,NULL,NULL,1,9000,NULL,NULL,'00','cancel',NULL,NULL,'credit','N',NULL,'N','N','7979',NULL,NULL,'N',NULL,'2018-11-22 11:31:52','2018-11-22 11:31:59',NULL),(59,NULL,1,NULL,NULL,NULL,NULL,NULL,NULL,NULL,1,9000,NULL,NULL,'00','cancel',NULL,NULL,'credit','N',NULL,'N','N','7979',NULL,NULL,'N',NULL,'2018-11-22 11:32:17','2018-11-22 11:32:24',NULL),(60,NULL,1,NULL,NULL,NULL,NULL,NULL,NULL,NULL,1,9000,NULL,NULL,'00','cancel',NULL,NULL,'credit','N',NULL,'N','N','7979',NULL,NULL,'N',NULL,'2018-11-22 11:49:49','2018-11-22 11:49:55',NULL),(61,NULL,1,NULL,NULL,NULL,NULL,NULL,NULL,NULL,1,9000,NULL,NULL,'00','cancel',NULL,NULL,'credit','N',NULL,'N','N','7979',NULL,NULL,'N',NULL,'2018-11-22 11:53:50','2018-11-22 11:53:56',NULL),(62,NULL,1,NULL,NULL,NULL,NULL,NULL,NULL,NULL,1,9000,NULL,NULL,'00','cancel',NULL,NULL,'credit','N',NULL,'N','N','7979',NULL,NULL,'N',NULL,'2018-11-22 11:54:24','2018-11-22 11:54:30',NULL),(63,NULL,1,NULL,NULL,NULL,NULL,NULL,NULL,NULL,3,25500,NULL,NULL,'00','cancel',NULL,NULL,'credit','N',NULL,'N','N','7979',NULL,NULL,'N',NULL,'2018-11-22 11:55:51','2018-11-22 11:55:58',NULL),(64,NULL,1,NULL,NULL,NULL,NULL,NULL,NULL,NULL,6,51500,NULL,NULL,'00','cancel',NULL,NULL,'credit','N',NULL,'N','N','7979',NULL,NULL,'N',NULL,'2018-11-22 11:56:24','2018-11-22 11:56:30',NULL),(65,NULL,1,NULL,NULL,NULL,NULL,NULL,NULL,NULL,6,51500,NULL,NULL,'00','cancel',NULL,NULL,'credit','N',NULL,'N','N','7979',NULL,NULL,'N',NULL,'2018-11-22 11:57:02','2018-11-22 11:57:08',NULL),(66,NULL,1,NULL,NULL,NULL,NULL,NULL,NULL,NULL,2,16500,NULL,NULL,'00','cancel',NULL,NULL,'credit','N',NULL,'N','N','7979',NULL,NULL,'N',NULL,'2018-11-22 11:59:02','2018-11-22 11:59:08',NULL),(67,NULL,1,NULL,NULL,NULL,NULL,NULL,NULL,NULL,2,16500,NULL,NULL,'00','order',NULL,NULL,'credit','N',NULL,'N','N',NULL,NULL,NULL,'N',NULL,'2018-11-22 11:59:21','2018-11-22 11:59:21',NULL),(68,NULL,1,NULL,NULL,NULL,NULL,NULL,NULL,NULL,2,16500,NULL,NULL,'00','order',NULL,NULL,'credit','N',NULL,'N','N',NULL,NULL,NULL,'N',NULL,'2018-11-22 11:59:31','2018-11-22 11:59:31',NULL),(69,NULL,1,NULL,NULL,NULL,NULL,NULL,NULL,NULL,2,16500,NULL,NULL,'00','order',NULL,NULL,'credit','N',NULL,'N','N',NULL,NULL,NULL,'N',NULL,'2018-11-22 12:00:02','2018-11-22 12:00:02',NULL),(70,NULL,1,NULL,NULL,NULL,NULL,NULL,NULL,NULL,3,25000,NULL,NULL,'00','order',NULL,NULL,'credit','Y',NULL,'N','N',NULL,NULL,NULL,'N',NULL,'2018-11-23 00:10:31','2018-11-23 00:10:31',NULL),(71,NULL,1,NULL,NULL,NULL,NULL,NULL,NULL,NULL,1,8000,NULL,NULL,'00','order',NULL,NULL,'credit','N',NULL,'N','N',NULL,NULL,NULL,'N',NULL,'2018-11-23 00:18:38','2018-11-23 00:18:38',NULL),(72,NULL,1,NULL,NULL,NULL,NULL,NULL,NULL,NULL,1,8000,NULL,NULL,'00','order',NULL,NULL,'credit','N',NULL,'N','N',NULL,NULL,NULL,'N',NULL,'2018-11-23 00:31:15','2018-11-23 00:31:15',NULL),(73,NULL,1,NULL,NULL,NULL,NULL,NULL,NULL,NULL,2,16500,NULL,NULL,'00','order',NULL,NULL,'credit','N',NULL,'N','N',NULL,NULL,NULL,'N',NULL,'2018-11-23 00:34:38','2018-11-23 00:34:38',NULL),(74,NULL,1,NULL,NULL,NULL,NULL,NULL,NULL,NULL,2,16500,NULL,NULL,'00','order',NULL,NULL,'credit','N',NULL,'N','N',NULL,NULL,NULL,'N',NULL,'2018-11-23 00:34:59','2018-11-23 00:34:59',NULL),(75,NULL,1,NULL,NULL,NULL,NULL,NULL,NULL,NULL,2,16500,NULL,NULL,'00','order',NULL,NULL,'credit','N',NULL,'N','N',NULL,NULL,NULL,'N',NULL,'2018-11-23 00:35:19','2018-11-23 00:35:19',NULL),(76,NULL,1,NULL,NULL,NULL,NULL,NULL,NULL,NULL,3,25000,NULL,NULL,'00','order',NULL,NULL,'credit','N',NULL,'N','N',NULL,NULL,NULL,'N',NULL,'2018-11-23 00:36:28','2018-11-23 00:36:28',NULL),(77,NULL,1,NULL,NULL,NULL,NULL,NULL,NULL,NULL,1,9000,NULL,NULL,'00','cancel',NULL,NULL,'credit','N',NULL,'N','N','7979',NULL,NULL,'N',NULL,'2018-11-23 02:03:20','2018-11-23 02:04:05',NULL),(78,NULL,1,NULL,NULL,NULL,NULL,NULL,NULL,NULL,1,9000,NULL,NULL,'00','cancel',NULL,NULL,'cash','N',NULL,'N','N','7979',NULL,NULL,'N',NULL,'2018-11-23 02:06:57','2018-11-23 02:08:29',NULL),(79,NULL,1,NULL,NULL,NULL,NULL,NULL,NULL,NULL,3,25000,NULL,NULL,'00','cancel',NULL,NULL,'cash','Y',NULL,'N','N','7979',NULL,NULL,'N',NULL,'2018-11-23 02:45:28','2018-11-23 02:45:35',NULL),(80,NULL,1,NULL,NULL,NULL,'56564248','181123130606','????','943081**********',2,16500,NULL,NULL,'00','pay',NULL,NULL,'credit','N',NULL,'N','N','02101000000000000010040000000000000000000000000056564248    18112313060629????            29????            8102776786     2393300001          IC?? ???? 56564248                                                                                       943081**********023933000011123130603                    ',NULL,NULL,'N',NULL,'2018-11-23 04:06:01','2018-11-23 04:06:08',NULL),(81,NULL,1,NULL,NULL,NULL,'53514249','181123132303','하나카드','943081**********',1,8500,NULL,NULL,'00','pay',NULL,NULL,'credit','N',NULL,'N','N','02101000000000000010040000000000000000000000000053514249    18112313230329하나카드            29하나카드            8102776786     2393300001          IC카드 정상승인 53514249                                                                                       943081**********023933000011123132300                    ',NULL,NULL,'N',NULL,'2018-11-23 04:22:57','2018-11-23 04:23:04',NULL),(82,NULL,1,NULL,NULL,NULL,'56524249','181123132346','하나카드','943081**********',3,25000,NULL,NULL,'00','pay',NULL,NULL,'credit','N',NULL,'N','N','02101000000000000010040000000000000000000000000056524249    18112313234629하나카드            29하나카드            8102776786     2393300001          IC카드 정상승인 56524249                                                                                       943081**********023933000011123132343                    ',NULL,NULL,'N',NULL,'2018-11-23 04:23:41','2018-11-23 04:23:47',NULL),(83,NULL,1,NULL,NULL,NULL,'53504249','181123133223','하나카드','943081**********',3,25000,NULL,NULL,'00','pay',NULL,NULL,'credit','Y',NULL,'N','N','02101000000000000010040000000000000000000000000053504249    18112313322329하나카드            29하나카드            8102776786     2393300001          IC카드 정상승인 53504249                                                                                       943081**********023933000011123133220                    ',NULL,NULL,'N',NULL,'2018-11-23 04:32:17','2018-11-23 04:32:24',NULL),(84,NULL,1,NULL,NULL,NULL,'56534248','181123151436','하나카드','943081**********',9,19800,NULL,NULL,'00','pay',NULL,NULL,'credit','N',NULL,'N','N','02101000000000000010040000000000000000000000000056534248    18112315143629하나카드            29하나카드            8102776786     2393300001          IC카드 정상승인 56534248                                                                                       943081**********023933000011123151433                    ',NULL,NULL,'N',NULL,'2018-11-23 06:14:31','2018-11-23 06:14:37',NULL),(85,NULL,1,NULL,NULL,NULL,NULL,NULL,NULL,NULL,5,32500,NULL,NULL,'00','order',NULL,NULL,'credit','N',NULL,'N','N',NULL,NULL,NULL,'N',NULL,'2018-11-23 07:05:57','2018-11-23 07:05:57',NULL),(86,NULL,1,NULL,NULL,NULL,'54534208','181127131544','하나카드','943081**********',1,8500,NULL,NULL,'00','pay',NULL,NULL,'credit','N',NULL,'N','N','02101000000000000010040000000000000000000000000054534208    18112713154429하나카드            29하나카드            8102776786     2393300001          IC카드 정상승인 54534208                                                                                       943081**********023933000011127131533                    ',NULL,NULL,'N',NULL,'2018-11-27 04:15:26','2018-11-27 04:15:45',NULL),(91,NULL,1,NULL,NULL,NULL,NULL,NULL,NULL,NULL,6,60000,NULL,NULL,'00','order',NULL,NULL,'credit','N',NULL,'N','N',NULL,NULL,NULL,'N',NULL,'2018-12-05 08:49:08','2018-12-05 08:49:08',NULL),(92,NULL,1,NULL,NULL,NULL,NULL,NULL,NULL,NULL,5,62400,NULL,NULL,'00','order',NULL,NULL,'credit','N',NULL,'N','N',NULL,NULL,NULL,'N',NULL,'2018-12-05 09:12:50','2018-12-05 09:12:50',NULL),(93,NULL,1,NULL,NULL,NULL,NULL,NULL,NULL,NULL,1,8500,NULL,NULL,'00','order',NULL,NULL,'credit','N',NULL,'N','N',NULL,NULL,NULL,'N',NULL,'2018-12-07 01:04:30','2018-12-07 01:04:30',NULL),(94,NULL,1,NULL,NULL,NULL,NULL,NULL,NULL,NULL,1,1000,NULL,NULL,NULL,'order',NULL,NULL,'cash','N',NULL,'N','N',NULL,NULL,NULL,'N',NULL,'2018-12-11 08:21:36','2018-12-11 08:21:36',NULL),(95,NULL,1,NULL,NULL,NULL,NULL,NULL,NULL,NULL,1,1000,NULL,NULL,'00','order',NULL,NULL,'credit','N',NULL,'N','N',NULL,NULL,NULL,'N',NULL,'2018-12-11 08:21:47','2018-12-11 08:21:47',NULL),(96,NULL,1,NULL,NULL,NULL,NULL,NULL,NULL,NULL,1,9900,NULL,NULL,'00','order',NULL,NULL,'credit','N',NULL,'N','N',NULL,NULL,NULL,'N',NULL,'2018-12-11 08:22:08','2018-12-11 08:22:08',NULL),(97,NULL,1,NULL,NULL,NULL,NULL,NULL,NULL,NULL,1,9900,NULL,NULL,NULL,'order',NULL,NULL,'cash','N',NULL,'N','N',NULL,NULL,NULL,'N',NULL,'2018-12-13 01:35:45','2018-12-13 01:35:45',NULL),(98,NULL,1,NULL,NULL,NULL,NULL,NULL,NULL,NULL,1,7500,NULL,NULL,NULL,'order',NULL,NULL,'cash','N',NULL,'N','N',NULL,NULL,NULL,'N',NULL,'2018-12-13 01:36:31','2018-12-13 01:36:31',NULL),(99,NULL,1,NULL,NULL,NULL,NULL,NULL,NULL,NULL,1,9900,NULL,NULL,NULL,'order',NULL,NULL,'cash','N',NULL,'N','N',NULL,NULL,NULL,'N',NULL,'2018-12-13 01:37:38','2018-12-13 01:37:38',NULL),(100,NULL,1,NULL,NULL,NULL,NULL,NULL,NULL,NULL,1,9900,NULL,NULL,NULL,'order',NULL,NULL,'cash','N',NULL,'N','N',NULL,NULL,NULL,'N',NULL,'2018-12-13 01:44:14','2018-12-13 01:44:14',NULL),(101,NULL,1,NULL,NULL,NULL,NULL,NULL,NULL,NULL,1,9900,NULL,NULL,NULL,'order',NULL,NULL,'cash','N',NULL,'N','N',NULL,NULL,NULL,'N',NULL,'2018-12-13 01:48:32','2018-12-13 01:48:32',NULL),(102,NULL,1,NULL,NULL,NULL,NULL,NULL,NULL,NULL,1,9900,NULL,NULL,NULL,'order',NULL,NULL,'cash','N',NULL,'N','N',NULL,NULL,NULL,'N',NULL,'2018-12-13 01:51:35','2018-12-13 01:51:35',NULL),(103,NULL,1,NULL,NULL,NULL,NULL,NULL,NULL,NULL,1,9900,NULL,NULL,NULL,'order',NULL,NULL,'cash','N',NULL,'N','N',NULL,NULL,NULL,'N',NULL,'2018-12-13 02:50:23','2018-12-13 02:50:23',NULL),(104,NULL,1,NULL,NULL,NULL,NULL,NULL,NULL,NULL,1,9900,NULL,NULL,NULL,'order',NULL,NULL,'cash','N',NULL,'N','N',NULL,NULL,NULL,'N',NULL,'2018-12-13 02:55:43','2018-12-13 02:55:43',NULL),(105,NULL,1,NULL,NULL,NULL,NULL,NULL,NULL,NULL,1,9900,NULL,NULL,NULL,'order',NULL,NULL,'cash','N',NULL,'N','N',NULL,NULL,NULL,'N',NULL,'2018-12-13 03:00:01','2018-12-13 03:00:01',NULL),(106,NULL,1,NULL,NULL,NULL,NULL,NULL,NULL,NULL,1,9900,NULL,NULL,NULL,'order',NULL,NULL,'cash','N',NULL,'N','N',NULL,NULL,NULL,'N',NULL,'2018-12-13 04:17:00','2018-12-13 04:17:00',NULL),(107,NULL,1,NULL,NULL,NULL,NULL,NULL,NULL,NULL,1,9900,NULL,NULL,NULL,'order',NULL,NULL,'cash','N',NULL,'N','N',NULL,NULL,NULL,'N',NULL,'2018-12-13 04:19:28','2018-12-13 04:19:28',NULL),(108,NULL,1,NULL,NULL,NULL,NULL,NULL,NULL,NULL,1,9900,NULL,NULL,NULL,'order',NULL,NULL,'cash','N',NULL,'N','N',NULL,NULL,NULL,'N',NULL,'2018-12-13 04:20:40','2018-12-13 04:20:40',NULL),(109,NULL,1,NULL,NULL,NULL,NULL,NULL,NULL,NULL,1,9900,NULL,NULL,NULL,'order',NULL,NULL,'cash','N',NULL,'N','N',NULL,NULL,NULL,'N',NULL,'2018-12-13 06:25:32','2018-12-13 06:25:32',NULL),(110,NULL,1,NULL,NULL,NULL,NULL,NULL,NULL,NULL,1,9900,NULL,NULL,NULL,'order',NULL,NULL,'cash','N',NULL,'N','N',NULL,NULL,NULL,'N',NULL,'2018-12-13 06:32:23','2018-12-13 06:32:23',NULL),(111,NULL,1,NULL,NULL,NULL,NULL,NULL,NULL,NULL,1,9900,NULL,NULL,NULL,'order',NULL,NULL,'cash','N',NULL,'N','N',NULL,NULL,NULL,'N',NULL,'2018-12-13 07:14:40','2018-12-13 07:14:40',NULL),(112,NULL,1,NULL,NULL,NULL,NULL,NULL,NULL,NULL,1,8500,NULL,NULL,NULL,'order',NULL,NULL,'cash','N',NULL,'N','N',NULL,NULL,NULL,'N',NULL,'2018-12-14 05:30:41','2018-12-14 05:30:41',NULL),(113,NULL,1,NULL,NULL,NULL,NULL,NULL,NULL,NULL,1,8500,NULL,NULL,NULL,'order',NULL,NULL,'cash','N',NULL,'N','N',NULL,NULL,NULL,'N',NULL,'2018-12-14 05:31:00','2018-12-14 05:31:00',NULL),(114,NULL,1,NULL,NULL,NULL,NULL,NULL,NULL,NULL,1,9900,NULL,NULL,NULL,'order',NULL,NULL,'cash','N',NULL,'N','N',NULL,NULL,NULL,'N',NULL,'2018-12-14 07:41:29','2018-12-14 07:41:29',NULL),(115,NULL,1,NULL,NULL,NULL,NULL,NULL,NULL,NULL,3,7900,NULL,NULL,NULL,'order',NULL,NULL,'cash','N',NULL,'N','N',NULL,NULL,NULL,'N',NULL,'2018-12-14 07:45:20','2018-12-14 07:45:20',NULL),(116,NULL,1,NULL,NULL,NULL,NULL,NULL,NULL,NULL,3,7900,NULL,NULL,NULL,'order',NULL,NULL,'cash','N',NULL,'N','N',NULL,NULL,NULL,'N',NULL,'2018-12-14 08:35:21','2018-12-14 08:35:21',NULL),(117,NULL,1,NULL,NULL,NULL,NULL,NULL,NULL,NULL,3,7900,NULL,NULL,NULL,'order',NULL,NULL,'cash','N',NULL,'N','N',NULL,NULL,NULL,'N',NULL,'2018-12-14 08:36:52','2018-12-14 08:36:52',NULL),(118,NULL,1,NULL,NULL,NULL,NULL,NULL,NULL,NULL,3,7900,NULL,NULL,NULL,'order',NULL,NULL,'cash','N',NULL,'N','N',NULL,NULL,NULL,'N',NULL,'2018-12-14 08:50:02','2018-12-14 08:50:02',NULL),(119,NULL,1,NULL,NULL,NULL,NULL,NULL,NULL,NULL,3,7900,NULL,NULL,NULL,'order',NULL,NULL,'cash','N',NULL,'N','N',NULL,NULL,NULL,'N',NULL,'2018-12-14 08:50:04','2018-12-14 08:50:04',NULL),(120,NULL,1,NULL,NULL,NULL,NULL,NULL,NULL,NULL,3,7900,NULL,NULL,NULL,'order',NULL,NULL,'cash','N',NULL,'N','N',NULL,NULL,NULL,'N',NULL,'2018-12-14 08:50:35','2018-12-14 08:50:35',NULL),(121,NULL,1,NULL,NULL,NULL,NULL,NULL,NULL,NULL,3,7900,NULL,NULL,NULL,'order',NULL,NULL,'cash','N',NULL,'N','N',NULL,NULL,NULL,'N',NULL,'2018-12-14 08:51:10','2018-12-14 08:51:10',NULL),(122,NULL,1,NULL,NULL,NULL,NULL,NULL,NULL,NULL,3,7900,NULL,NULL,NULL,'order',NULL,NULL,'cash','N',NULL,'N','N',NULL,NULL,NULL,'N',NULL,'2018-12-14 08:59:23','2018-12-14 08:59:23',NULL),(123,NULL,1,NULL,NULL,NULL,NULL,NULL,NULL,NULL,3,7900,NULL,NULL,NULL,'order',NULL,NULL,'cash','N',NULL,'N','N',NULL,NULL,NULL,'N',NULL,'2018-12-14 09:01:42','2018-12-14 09:01:42',NULL),(124,NULL,1,NULL,NULL,NULL,NULL,NULL,NULL,NULL,1,9900,NULL,NULL,NULL,'order',NULL,NULL,'cash','N',NULL,'N','N',NULL,NULL,NULL,'N',NULL,'2018-12-17 05:35:44','2018-12-17 05:35:44',NULL),(125,NULL,1,NULL,NULL,NULL,NULL,NULL,NULL,NULL,2,19800,NULL,NULL,NULL,'order',NULL,NULL,'cash','N',NULL,'N','N',NULL,NULL,NULL,'N',NULL,'2018-12-17 05:37:17','2018-12-17 05:37:17',NULL),(126,NULL,1,NULL,NULL,NULL,NULL,NULL,NULL,NULL,2,19800,NULL,NULL,NULL,'order',NULL,NULL,'cash','N',NULL,'N','N',NULL,NULL,NULL,'N',NULL,'2018-12-17 05:47:13','2018-12-17 05:47:13',NULL),(127,NULL,1,NULL,NULL,NULL,NULL,NULL,NULL,NULL,2,19800,NULL,NULL,NULL,'order',NULL,NULL,'cash','N',NULL,'N','N',NULL,NULL,NULL,'N',NULL,'2018-12-17 05:47:15','2018-12-17 05:47:15',NULL),(128,NULL,1,NULL,NULL,NULL,NULL,NULL,NULL,NULL,2,19800,NULL,NULL,NULL,'order',NULL,NULL,'cash','N',NULL,'N','N',NULL,NULL,NULL,'N',NULL,'2018-12-17 05:59:24','2018-12-17 05:59:24',NULL),(129,NULL,1,NULL,NULL,NULL,NULL,NULL,NULL,NULL,2,19800,NULL,NULL,NULL,'order',NULL,NULL,'cash','N',NULL,'N','N',NULL,NULL,NULL,'N',NULL,'2018-12-17 06:00:19','2018-12-17 06:00:19',NULL),(130,NULL,1,NULL,NULL,NULL,NULL,NULL,NULL,NULL,2,19800,NULL,NULL,NULL,'order',NULL,NULL,'cash','N',NULL,'N','N',NULL,NULL,NULL,'N',NULL,'2018-12-17 06:00:44','2018-12-17 06:00:44',NULL),(131,NULL,1,NULL,NULL,NULL,NULL,NULL,NULL,NULL,2,19800,NULL,NULL,NULL,'order',NULL,NULL,'cash','N',NULL,'N','N',NULL,NULL,NULL,'N',NULL,'2018-12-17 06:11:51','2018-12-17 06:11:51',NULL),(132,NULL,1,NULL,NULL,NULL,NULL,NULL,NULL,NULL,2,19800,NULL,NULL,NULL,'order',NULL,NULL,'cash','N',NULL,'N','N',NULL,NULL,NULL,'N',NULL,'2018-12-17 06:13:16','2018-12-17 06:13:16',NULL),(133,NULL,1,NULL,NULL,NULL,NULL,NULL,NULL,NULL,2,19800,NULL,NULL,NULL,'order',NULL,NULL,'cash','N',NULL,'N','N',NULL,NULL,NULL,'N',NULL,'2018-12-17 06:13:51','2018-12-17 06:13:51',NULL),(134,NULL,1,NULL,NULL,NULL,NULL,NULL,NULL,NULL,2,19800,NULL,NULL,NULL,'order',NULL,NULL,'cash','N',NULL,'N','N',NULL,NULL,NULL,'N',NULL,'2018-12-17 06:15:27','2018-12-17 06:15:27',NULL),(135,NULL,1,NULL,NULL,NULL,NULL,NULL,NULL,NULL,2,19800,NULL,NULL,NULL,'order',NULL,NULL,'cash','N',NULL,'N','N',NULL,NULL,NULL,'N',NULL,'2018-12-17 06:18:16','2018-12-17 06:18:16',NULL),(136,NULL,1,NULL,NULL,NULL,NULL,NULL,NULL,NULL,2,19800,NULL,NULL,NULL,'order',NULL,NULL,'cash','N',NULL,'N','N',NULL,NULL,NULL,'N',NULL,'2018-12-17 06:18:18','2018-12-17 06:18:18',NULL),(137,NULL,1,NULL,NULL,NULL,NULL,NULL,NULL,NULL,1,9900,NULL,NULL,NULL,'order',NULL,NULL,'cash','N',NULL,'N','N',NULL,NULL,NULL,'N',NULL,'2018-12-17 06:18:56','2018-12-17 06:18:56',NULL),(138,NULL,1,NULL,NULL,NULL,NULL,NULL,NULL,NULL,1,9900,NULL,NULL,NULL,'order',NULL,NULL,'cash','N',NULL,'N','N',NULL,NULL,NULL,'N',NULL,'2018-12-17 06:18:56','2018-12-17 06:18:56',NULL),(139,NULL,1,NULL,NULL,NULL,NULL,NULL,NULL,NULL,2,19800,NULL,NULL,NULL,'order',NULL,NULL,'cash','N',NULL,'N','N',NULL,NULL,NULL,'N',NULL,'2018-12-17 06:26:07','2018-12-17 06:26:07',NULL),(140,NULL,1,NULL,NULL,NULL,NULL,NULL,NULL,NULL,2,19800,NULL,NULL,NULL,'order',NULL,NULL,'cash','N',NULL,'N','N',NULL,NULL,NULL,'N',NULL,'2018-12-18 07:09:12','2018-12-18 07:09:12',NULL),(141,NULL,1,NULL,NULL,NULL,NULL,NULL,NULL,NULL,2,19800,NULL,NULL,NULL,'order',NULL,NULL,'cash','N',NULL,'N','N',NULL,NULL,NULL,'N',NULL,'2018-12-18 07:10:19','2018-12-18 07:10:19',NULL),(142,NULL,1,NULL,NULL,NULL,NULL,NULL,NULL,NULL,2,19800,NULL,NULL,NULL,'order',NULL,NULL,'cash','N',NULL,'N','N',NULL,NULL,NULL,'N',NULL,'2018-12-18 07:10:56','2018-12-18 07:10:56',NULL),(143,NULL,1,NULL,NULL,NULL,NULL,NULL,NULL,NULL,2,19800,NULL,NULL,NULL,'order',NULL,NULL,'cash','N',NULL,'N','N',NULL,NULL,NULL,'N',NULL,'2018-12-18 07:19:47','2018-12-18 07:19:47',NULL),(144,NULL,1,NULL,NULL,NULL,NULL,NULL,NULL,NULL,2,19800,NULL,NULL,NULL,'order',NULL,NULL,'cash','N',NULL,'N','N',NULL,NULL,NULL,'N',NULL,'2018-12-18 07:31:52','2018-12-18 07:31:52',NULL),(145,NULL,1,NULL,NULL,NULL,NULL,NULL,NULL,NULL,1,9900,NULL,NULL,NULL,'order',NULL,NULL,'cash','N',NULL,'N','N',NULL,NULL,NULL,'N',NULL,'2018-12-18 07:33:19','2018-12-18 07:33:19',NULL),(146,NULL,1,NULL,NULL,NULL,NULL,NULL,NULL,NULL,1,9900,NULL,NULL,NULL,'order',NULL,NULL,'cash','N',NULL,'N','N',NULL,NULL,NULL,'N',NULL,'2018-12-18 07:38:42','2018-12-18 07:38:42',NULL),(147,NULL,1,NULL,NULL,NULL,NULL,NULL,NULL,NULL,1,9900,NULL,NULL,NULL,'order',NULL,NULL,'cash','N',NULL,'N','N',NULL,NULL,NULL,'N',NULL,'2018-12-18 07:42:08','2018-12-18 07:42:08',NULL),(148,NULL,1,NULL,NULL,NULL,NULL,NULL,NULL,NULL,1,9900,NULL,NULL,NULL,'order',NULL,NULL,'cash','N',NULL,'N','N',NULL,NULL,NULL,'N',NULL,'2018-12-18 07:51:02','2018-12-18 07:51:02',NULL),(149,NULL,1,NULL,NULL,NULL,NULL,NULL,NULL,NULL,1,9900,NULL,NULL,NULL,'order',NULL,NULL,'cash','N',NULL,'N','N',NULL,NULL,NULL,'N',NULL,'2018-12-18 08:16:14','2018-12-18 08:16:14',NULL),(150,NULL,1,NULL,NULL,NULL,NULL,NULL,NULL,NULL,1,9900,NULL,NULL,NULL,'order',NULL,NULL,'cash','N',NULL,'N','N',NULL,NULL,NULL,'N',NULL,'2018-12-18 08:18:32','2018-12-18 08:18:32',NULL),(151,NULL,1,NULL,NULL,NULL,NULL,NULL,NULL,NULL,1,9900,NULL,NULL,NULL,'order',NULL,NULL,'cash','N',NULL,'N','N',NULL,NULL,NULL,'N',NULL,'2018-12-18 08:24:00','2018-12-18 08:24:00',NULL),(152,NULL,1,NULL,NULL,NULL,NULL,'2018-12-18 05:35:30',NULL,NULL,1,9900,NULL,NULL,NULL,'pay',NULL,NULL,'cash','N',NULL,'N','N',NULL,10000,100,'N',NULL,'2018-12-18 08:35:05','2017-12-25 08:35:45',NULL),(153,NULL,1,NULL,NULL,NULL,NULL,NULL,NULL,NULL,1,9900,NULL,NULL,NULL,'order',NULL,NULL,'cash','N',NULL,'N','N',NULL,NULL,NULL,'N',NULL,'2018-12-18 08:38:13','2018-12-18 08:38:13',NULL),(154,NULL,1,NULL,NULL,NULL,NULL,NULL,NULL,NULL,1,9900,NULL,NULL,NULL,'order',NULL,NULL,'cash','N',NULL,'N','N',NULL,NULL,NULL,'N',NULL,'2018-12-18 08:38:54','2018-12-18 08:38:54',NULL),(155,NULL,1,NULL,NULL,NULL,NULL,NULL,NULL,NULL,1,9900,NULL,NULL,NULL,'order',NULL,NULL,'cash','N',NULL,'N','N',NULL,NULL,NULL,'N',NULL,'2018-12-18 08:40:11','2018-12-18 08:40:11',NULL),(156,NULL,1,NULL,NULL,NULL,NULL,NULL,NULL,NULL,1,9900,NULL,NULL,NULL,'order',NULL,NULL,'cash','N',NULL,'N','N',NULL,NULL,NULL,'N',NULL,'2018-12-18 08:40:54','2018-12-18 08:40:54',NULL),(157,NULL,1,NULL,NULL,NULL,NULL,NULL,NULL,NULL,1,9900,NULL,NULL,NULL,'order',NULL,NULL,'cash','N',NULL,'N','N',NULL,NULL,NULL,'N',NULL,'2018-12-18 08:41:28','2018-12-18 08:41:28',NULL),(158,NULL,1,NULL,NULL,NULL,NULL,NULL,NULL,NULL,1,9900,NULL,NULL,NULL,'order',NULL,NULL,'cash','N',NULL,'N','N',NULL,NULL,NULL,'N',NULL,'2018-12-18 08:42:39','2018-12-18 08:42:39',NULL),(159,NULL,1,NULL,NULL,NULL,NULL,NULL,NULL,NULL,1,9900,NULL,NULL,NULL,'order',NULL,NULL,'cash','N',NULL,'N','N',NULL,NULL,NULL,'N',NULL,'2018-12-18 08:46:58','2018-12-18 08:46:58',NULL),(160,NULL,1,NULL,NULL,NULL,NULL,NULL,NULL,NULL,1,9900,NULL,NULL,NULL,'order',NULL,NULL,'cash','N',NULL,'N','N',NULL,NULL,NULL,'N',NULL,'2018-12-18 08:52:24','2018-12-18 08:52:24',NULL),(161,NULL,1,NULL,NULL,NULL,NULL,'2018-12-18 05:58:09',NULL,NULL,1,9900,NULL,NULL,NULL,'pay',NULL,NULL,'cash','N',NULL,'N','N',NULL,10000,100,'N',NULL,'2018-12-18 08:56:03','2018-12-18 08:58:19',NULL),(162,NULL,1,NULL,NULL,NULL,NULL,NULL,NULL,NULL,1,9900,NULL,NULL,NULL,'order',NULL,NULL,'cash','N',NULL,'N','N',NULL,NULL,NULL,'N',NULL,'2018-12-18 08:59:57','2018-12-18 08:59:57',NULL),(163,NULL,1,NULL,NULL,NULL,NULL,'2018-12-18 06:01:15',NULL,NULL,1,9900,NULL,NULL,NULL,'pay',NULL,NULL,'cash','N',NULL,'N','N',NULL,10000,100,'N',NULL,'2018-12-18 09:00:46','2018-12-18 09:02:00',NULL),(164,NULL,1,NULL,NULL,NULL,NULL,'2018-12-19 10:31:55',NULL,NULL,1,9900,NULL,NULL,NULL,'pay',NULL,NULL,'cash','N',NULL,'N','N',NULL,10000,100,'N',NULL,'2018-12-18 09:04:57','2018-12-19 01:31:57',NULL),(165,NULL,1,NULL,NULL,NULL,NULL,NULL,NULL,NULL,1,9900,NULL,NULL,NULL,'order',NULL,NULL,'cash','N',NULL,'N','N',NULL,NULL,NULL,'N',NULL,'2018-12-19 01:28:16','2018-12-19 01:28:16',NULL),(166,NULL,1,NULL,NULL,NULL,NULL,NULL,NULL,NULL,1,9900,NULL,NULL,NULL,'order',NULL,NULL,'cash','N',NULL,'N','N',NULL,NULL,NULL,'N',NULL,'2018-12-19 01:31:53','2018-12-19 01:31:53',NULL),(167,NULL,1,NULL,NULL,NULL,NULL,NULL,NULL,NULL,1,9900,NULL,NULL,NULL,'order',NULL,NULL,'cash','N',NULL,'N','N',NULL,NULL,NULL,'N',NULL,'2018-12-19 01:54:16','2018-12-19 01:54:16',NULL),(168,NULL,1,NULL,NULL,NULL,NULL,NULL,NULL,NULL,1,9900,NULL,NULL,NULL,'order',NULL,NULL,'cash','N',NULL,'N','N',NULL,NULL,NULL,'N',NULL,'2018-12-19 01:59:04','2018-12-19 01:59:04',NULL),(169,NULL,2,NULL,NULL,NULL,NULL,'2018-12-19 11:03:46',NULL,NULL,1,9900,NULL,NULL,NULL,'pay',NULL,NULL,'cash','N',NULL,'N','N',NULL,10000,100,'N',NULL,'2018-12-19 02:03:30','2018-12-19 02:03:49',NULL),(170,NULL,1,NULL,NULL,NULL,NULL,NULL,NULL,NULL,4,34900,NULL,NULL,NULL,'order',NULL,NULL,'cash','N',NULL,'N','N',NULL,NULL,NULL,'N',NULL,'2018-12-19 02:52:47','2018-12-19 02:52:47',NULL),(171,NULL,1,NULL,NULL,NULL,NULL,NULL,NULL,NULL,4,34900,NULL,NULL,NULL,'order',NULL,NULL,'cash','N',NULL,'N','N',NULL,NULL,NULL,'N',NULL,'2018-12-19 02:53:10','2018-12-19 02:53:10',NULL),(172,NULL,1,NULL,NULL,NULL,NULL,NULL,NULL,NULL,4,34900,NULL,NULL,'00','order',NULL,NULL,'credit','N',NULL,'N','N',NULL,NULL,NULL,'N',NULL,'2018-12-19 02:53:17','2018-12-19 02:53:17',NULL),(173,NULL,1,NULL,NULL,NULL,NULL,NULL,NULL,NULL,4,34900,NULL,NULL,'00','order',NULL,NULL,'cash','N',NULL,'N','N',NULL,NULL,NULL,'N',NULL,'2018-12-19 02:53:24','2018-12-19 02:53:24',NULL),(174,NULL,1,NULL,NULL,NULL,NULL,NULL,NULL,NULL,4,34900,NULL,NULL,'00','order',NULL,NULL,'cash','N',NULL,'N','N',NULL,NULL,NULL,'N',NULL,'2018-12-19 02:54:01','2018-12-19 02:54:01',NULL),(175,NULL,1,NULL,NULL,NULL,NULL,NULL,NULL,NULL,4,34900,NULL,NULL,'00','order',NULL,NULL,'cash','N',NULL,'N','N',NULL,NULL,NULL,'N',NULL,'2018-12-19 02:56:39','2018-12-19 02:56:39',NULL),(176,NULL,1,NULL,NULL,NULL,NULL,NULL,NULL,NULL,4,34900,NULL,NULL,'00','order',NULL,NULL,'cash','N',NULL,'N','N',NULL,NULL,NULL,'N',NULL,'2018-12-19 02:56:40','2018-12-19 02:56:40',NULL),(177,NULL,1,NULL,NULL,NULL,NULL,NULL,NULL,NULL,5,33000,NULL,NULL,'00','order',NULL,NULL,'cash','N',NULL,'N','N',NULL,NULL,NULL,'N',NULL,'2018-12-19 02:57:32','2018-12-19 02:57:32',NULL),(178,NULL,1,NULL,NULL,NULL,NULL,NULL,NULL,NULL,5,33000,NULL,NULL,'00','order',NULL,NULL,'cash','N',NULL,'N','N',NULL,NULL,NULL,'N',NULL,'2018-12-19 02:57:33','2018-12-19 02:57:33',NULL),(179,NULL,1,NULL,NULL,NULL,NULL,NULL,NULL,NULL,1,9900,NULL,NULL,NULL,'order',NULL,NULL,'cash','N',NULL,'N','N',NULL,NULL,NULL,'N',NULL,'2018-12-19 05:33:41','2018-12-19 05:33:41',NULL),(180,NULL,1,NULL,NULL,NULL,NULL,NULL,NULL,NULL,1,9900,NULL,NULL,NULL,'order',NULL,NULL,'cash','N',NULL,'N','N',NULL,NULL,NULL,'N',NULL,'2018-12-19 05:34:30','2018-12-19 05:34:30',NULL),(181,NULL,1,NULL,NULL,NULL,NULL,NULL,NULL,NULL,1,9900,NULL,NULL,NULL,'order',NULL,NULL,'cash','N',NULL,'N','N',NULL,NULL,NULL,'N',NULL,'2018-12-19 05:36:14','2018-12-19 05:36:14',NULL),(182,NULL,1,NULL,NULL,NULL,NULL,NULL,NULL,NULL,1,9900,NULL,NULL,NULL,'order',NULL,NULL,'cash','N',NULL,'N','N',NULL,NULL,NULL,'N',NULL,'2018-12-19 05:38:08','2018-12-19 05:38:08',NULL),(183,NULL,1,NULL,NULL,NULL,NULL,NULL,NULL,NULL,1,9900,NULL,NULL,NULL,'order',NULL,NULL,'cash','N',NULL,'N','N',NULL,NULL,NULL,'N',NULL,'2018-12-20 05:24:28','2018-12-20 05:24:28',NULL),(184,NULL,1,NULL,NULL,NULL,NULL,'2018-12-20 02:27:29',NULL,NULL,1,9900,NULL,NULL,NULL,'pay',NULL,NULL,'cash','N',NULL,'N','N',NULL,10000,100,'N',NULL,'2018-12-20 05:27:13','2018-12-20 05:27:44',NULL),(185,NULL,1,NULL,NULL,NULL,NULL,'2018-12-20 02:30:58',NULL,NULL,1,9900,NULL,NULL,NULL,'pay',NULL,NULL,'cash','N',NULL,'N','N',NULL,10000,100,'N',NULL,'2018-12-20 05:30:44','2018-12-20 05:31:05',NULL),(186,NULL,1,NULL,NULL,NULL,NULL,'2018-12-20 02:33:06',NULL,NULL,1,9900,NULL,NULL,NULL,'pay',NULL,NULL,'cash','N',NULL,'N','N',NULL,10000,100,'N',NULL,'2018-12-20 05:32:51','2018-12-20 05:33:17',NULL),(187,NULL,1,NULL,NULL,NULL,NULL,'2018-12-20 02:35:41',NULL,NULL,1,9900,NULL,NULL,NULL,'pay',NULL,NULL,'cash','N',NULL,'N','N',NULL,10000,100,'N',NULL,'2018-12-20 05:35:31','2018-12-20 05:35:46',NULL),(188,NULL,1,NULL,NULL,NULL,NULL,NULL,NULL,NULL,1,9900,9000,900,NULL,'order',NULL,NULL,'cash','N',NULL,'N','N',NULL,NULL,NULL,'N',NULL,'2018-12-20 08:36:47','2018-12-20 08:36:47',NULL),(189,NULL,1,NULL,NULL,NULL,NULL,'2018-12-21 04:49:55',NULL,NULL,1,9900,9000,900,NULL,'pay',NULL,NULL,'cash','N',NULL,'N','N',NULL,10000,100,'Y',NULL,'2018-12-21 07:49:42','2018-12-21 08:27:41',NULL),(190,NULL,1,NULL,NULL,NULL,NULL,NULL,NULL,NULL,1,9900,NULL,NULL,'00','order',NULL,NULL,'credit','Y',NULL,'N','N',NULL,NULL,NULL,'N',NULL,'2018-12-24 04:59:58','2018-12-24 04:59:58',NULL),(191,NULL,1,NULL,NULL,NULL,NULL,'2018-12-24 02:54:01',NULL,NULL,1,9900,9000,900,NULL,'pay',NULL,NULL,'cash','N',NULL,'N','N',NULL,10000,100,'Y',NULL,'2018-12-24 05:53:41','2018-12-24 05:54:59',NULL),(192,NULL,1,NULL,NULL,NULL,NULL,'2018-12-24 03:00:38',NULL,NULL,1,9900,9000,900,NULL,'pay',NULL,NULL,'cash','N',NULL,'N','N',NULL,10000,100,'N',NULL,'2018-12-24 06:00:26','2018-12-24 06:02:15',NULL),(193,NULL,1,NULL,NULL,NULL,NULL,'2018-12-24 03:02:46',NULL,NULL,1,9900,9000,900,NULL,'pay',NULL,NULL,'cash','N',NULL,'N','N',NULL,10000,100,'Y',NULL,'2018-12-24 06:02:30','2018-12-24 06:03:56',NULL),(194,NULL,1,NULL,NULL,NULL,NULL,NULL,NULL,NULL,1,10000,9091,909,NULL,'order',NULL,NULL,'cash','N',NULL,'N','N',NULL,NULL,NULL,'N',NULL,'2018-12-24 06:10:04','2018-12-24 06:10:04',NULL),(195,NULL,1,NULL,NULL,NULL,NULL,'2018-12-24 03:11:05',NULL,NULL,1,10000,9091,909,NULL,'pay',NULL,NULL,'cash','N',NULL,'N','N',NULL,10000,0,'Y',NULL,'2018-12-24 06:10:58','2018-12-24 06:11:31',NULL),(196,NULL,1,NULL,NULL,NULL,NULL,NULL,NULL,NULL,1,10000,9091,909,NULL,'order',NULL,NULL,'cash','N',NULL,'N','N',NULL,NULL,NULL,'N',NULL,'2018-12-24 06:25:00','2018-12-24 06:25:00',NULL),(197,NULL,1,NULL,NULL,NULL,NULL,NULL,NULL,NULL,1,10000,9091,909,NULL,'order',NULL,NULL,'cash','N',NULL,'N','N',NULL,NULL,NULL,'N',NULL,'2018-12-24 06:29:54','2018-12-24 06:29:54',NULL),(198,NULL,1,NULL,NULL,NULL,NULL,'2018-12-24 03:35:03',NULL,NULL,1,10000,9091,909,NULL,'pay',NULL,NULL,'cash','N',NULL,'N','N',NULL,10000,0,'Y',NULL,'2018-12-24 06:34:24','2018-12-24 06:35:23',NULL),(199,NULL,1,NULL,NULL,NULL,NULL,'2018-12-24 05:47:41',NULL,NULL,1,10000,9091,909,NULL,'pay',NULL,NULL,'cash','N',NULL,'N','N',NULL,10000,0,'Y',NULL,'2018-12-24 08:47:15','2018-12-24 08:50:13',NULL),(200,NULL,1,NULL,NULL,NULL,NULL,NULL,NULL,NULL,1,10000,9091,909,NULL,'order',NULL,NULL,'cash','N',NULL,'N','N',NULL,NULL,NULL,'N',NULL,'2018-12-24 09:02:59','2018-12-24 09:02:59',NULL),(201,NULL,1,NULL,NULL,NULL,NULL,'2018-12-26 10:36:07',NULL,NULL,1,10000,9091,909,NULL,'pay',NULL,NULL,'cash','N',NULL,'N','N',NULL,10000,0,'Y',NULL,'2018-12-26 01:35:58','2018-12-26 01:36:34',NULL),(202,NULL,1,NULL,NULL,NULL,NULL,'2018-12-26 11:22:12',NULL,NULL,1,10000,9091,909,NULL,'pay',NULL,NULL,'cash','N',NULL,'N','N',NULL,10000,0,'N',NULL,'2018-12-26 02:21:53','2018-12-26 02:22:18',NULL),(203,NULL,1,NULL,NULL,NULL,NULL,NULL,NULL,NULL,1,10000,9091,909,NULL,'order',NULL,NULL,'cash','N',NULL,'N','N',NULL,NULL,NULL,'N',NULL,'2018-12-26 02:24:37','2018-12-26 02:24:37',NULL),(204,NULL,1,NULL,NULL,NULL,NULL,NULL,NULL,NULL,1,10000,9091,909,NULL,'order',NULL,NULL,'cash','N',NULL,'N','N',NULL,NULL,NULL,'N',NULL,'2018-12-26 02:34:13','2018-12-26 02:34:13',NULL),(205,NULL,1,NULL,NULL,NULL,NULL,'2018-12-26 11:37:53',NULL,NULL,1,10000,9091,909,NULL,'pay',NULL,NULL,'cash','N',NULL,'N','N',NULL,10000,0,'Y',NULL,'2018-12-26 02:37:45','2018-12-26 02:38:58',NULL),(206,NULL,1,NULL,NULL,NULL,NULL,'2018-12-26 11:51:27',NULL,NULL,1,10000,9091,909,NULL,'pay',NULL,NULL,'cash','N',NULL,'N','N',NULL,10000,0,'Y',NULL,'2018-12-26 02:51:25','2018-12-26 02:51:59',NULL),(207,NULL,1,NULL,NULL,NULL,NULL,'2018-12-26 11:53:25',NULL,NULL,1,10000,9091,909,NULL,'pay',NULL,NULL,'cash','N',NULL,'N','N',NULL,10000,0,'Y',NULL,'2018-12-26 02:53:15','2018-12-26 02:53:52',NULL),(208,NULL,1,NULL,NULL,NULL,NULL,'2018-12-26 11:56:50',NULL,NULL,1,10000,9091,909,NULL,'pay',NULL,NULL,'cash','N',NULL,'N','N',NULL,10000,0,'Y',NULL,'2018-12-26 02:56:41','2018-12-26 02:57:03',NULL),(209,NULL,1,NULL,NULL,NULL,NULL,'2018-12-26 11:58:39',NULL,NULL,1,10000,9091,909,NULL,'pay',NULL,NULL,'cash','Y',NULL,'N','N',NULL,10000,0,'N',NULL,'2018-12-26 02:58:37','2018-12-26 02:58:39',NULL),(210,NULL,1,NULL,NULL,NULL,NULL,'2018-12-26 11:59:08',NULL,NULL,1,10000,9091,909,NULL,'pay',NULL,NULL,'cash','Y',NULL,'N','N',NULL,10000,0,'Y',NULL,'2018-12-26 02:58:53','2018-12-26 02:59:18',NULL),(211,NULL,NULL,NULL,NULL,NULL,NULL,NULL,NULL,NULL,NULL,NULL,NULL,NULL,NULL,NULL,NULL,NULL,NULL,NULL,NULL,'N','N',NULL,NULL,NULL,'N',NULL,'2018-12-26 06:20:06','2018-12-26 06:20:06',NULL),(212,NULL,NULL,NULL,NULL,NULL,NULL,NULL,NULL,NULL,NULL,NULL,NULL,NULL,NULL,NULL,NULL,NULL,NULL,NULL,NULL,'N','N',NULL,NULL,NULL,'N',NULL,'2018-12-26 06:22:38','2018-12-26 06:22:38',NULL),(213,1,NULL,NULL,NULL,NULL,NULL,NULL,NULL,NULL,NULL,50000,45455,4545,NULL,NULL,NULL,NULL,'credit',NULL,NULL,'N','N',NULL,NULL,NULL,'N',NULL,'2018-12-26 06:33:01','2018-12-26 06:33:01',NULL),(214,1,NULL,NULL,NULL,NULL,NULL,NULL,NULL,NULL,NULL,50000,45455,4545,NULL,'pay',NULL,NULL,'credit',NULL,NULL,'N','N',NULL,NULL,NULL,'N',NULL,'2018-12-26 06:40:11','2018-12-26 06:40:11',NULL),(215,1,1,NULL,NULL,NULL,NULL,NULL,NULL,NULL,NULL,50000,45455,4545,NULL,'pay',NULL,'prepayment','credit',NULL,NULL,'N','N',NULL,NULL,NULL,'N',NULL,'2018-12-26 06:41:10','2018-12-26 06:41:10',NULL),(216,1,1,NULL,NULL,NULL,NULL,NULL,NULL,NULL,NULL,24000,21818,2182,NULL,'pay',NULL,'prepayment','credit',NULL,NULL,'N','N',NULL,NULL,NULL,'N',NULL,'2018-12-26 06:45:06','2018-12-26 06:45:06',NULL),(217,1,1,NULL,NULL,NULL,NULL,NULL,NULL,NULL,NULL,24000,21818,2182,NULL,'pay',NULL,'prepayment','credit',NULL,NULL,'N','N',NULL,NULL,NULL,'N',NULL,'2018-12-26 06:45:28','2018-12-26 06:45:28',NULL),(218,1,1,NULL,NULL,NULL,NULL,NULL,NULL,NULL,NULL,10000,9091,909,NULL,'pay',NULL,'prepayment','credit',NULL,NULL,'N','N',NULL,NULL,NULL,'N',NULL,'2018-12-26 06:45:55','2018-12-26 06:45:55',NULL),(219,1,1,NULL,NULL,NULL,NULL,NULL,NULL,NULL,NULL,30000,27273,2727,NULL,'pay',NULL,'prepayment','credit',NULL,NULL,'N','N',NULL,NULL,NULL,'N',NULL,'2018-12-26 06:47:25','2018-12-26 06:47:25',NULL),(220,1,1,NULL,NULL,NULL,NULL,NULL,NULL,NULL,NULL,10000,9091,909,NULL,'pay',NULL,'prepayment','credit',NULL,NULL,'N','N',NULL,NULL,NULL,'N',NULL,'2018-12-26 06:47:57','2018-12-26 06:47:57',NULL),(221,1,1,NULL,NULL,NULL,NULL,NULL,NULL,NULL,NULL,10000,9091,909,NULL,'pay',NULL,'prepayment','credit',NULL,NULL,'N','N',NULL,NULL,NULL,'N',NULL,'2018-12-26 06:49:10','2018-12-26 06:49:10',NULL),(222,2,1,NULL,NULL,NULL,NULL,NULL,NULL,NULL,NULL,20000,18182,1818,NULL,'pay',NULL,'prepayment','credit',NULL,NULL,'N','N',NULL,NULL,NULL,'N',NULL,'2018-12-26 06:53:40','2018-12-26 06:53:40',NULL),(223,1,1,NULL,NULL,NULL,NULL,NULL,NULL,NULL,NULL,5000,4545,455,NULL,'pay',NULL,'prepayment','cash',NULL,NULL,'N','N',NULL,NULL,NULL,'N',NULL,'2018-12-26 08:47:37','2018-12-26 08:47:37',NULL),(224,3,1,NULL,NULL,NULL,NULL,NULL,NULL,NULL,NULL,1000,909,91,NULL,'pay',NULL,'prepayment','credit',NULL,NULL,'N','N',NULL,NULL,NULL,'N',NULL,'2018-12-26 08:50:26','2018-12-26 08:50:26',NULL),(225,4,1,NULL,NULL,NULL,NULL,NULL,NULL,NULL,NULL,10,9,1,NULL,'pay',NULL,'prepayment','credit',NULL,NULL,'N','N',NULL,NULL,NULL,'N',NULL,'2018-12-27 02:05:55','2018-12-27 02:05:55',NULL),(226,4,1,NULL,NULL,NULL,NULL,NULL,NULL,NULL,NULL,10,9,1,NULL,'pay',NULL,'prepayment','credit',NULL,NULL,'N','N',NULL,NULL,NULL,'N',NULL,'2018-12-27 02:11:51','2018-12-27 02:11:51',NULL),(227,4,1,NULL,NULL,NULL,NULL,NULL,NULL,NULL,NULL,10,9,1,NULL,'pay',NULL,'prepayment','credit',NULL,NULL,'N','N',NULL,NULL,NULL,'N',NULL,'2018-12-27 02:27:59','2018-12-27 02:27:59',NULL),(228,4,1,NULL,NULL,NULL,'00574225','181227133310','하나카드','457047**********',NULL,50000,45455,4545,NULL,'pay',NULL,'prepayment','credit',NULL,NULL,'N','N','02101000000000000010040000000000000000000000000000574225    18122713331029하나카드            29하나카드            8102776786     2393300001          IC카드 정상승인 00574225                                                                                       457047**********023933000011227133305                    ',NULL,NULL,'N',NULL,'2018-12-27 04:33:03','2018-12-27 04:33:14',NULL),(229,4,1,NULL,NULL,NULL,NULL,NULL,NULL,NULL,NULL,10000,9091,909,NULL,'pay',NULL,'prepayment','cash',NULL,NULL,'N','N',NULL,NULL,NULL,'N',NULL,'2018-12-27 06:23:15','2018-12-27 06:23:15',NULL),(230,4,1,NULL,NULL,NULL,NULL,NULL,NULL,NULL,NULL,10000,9091,909,NULL,'pay',NULL,'prepayment','cash',NULL,NULL,'N','N',NULL,NULL,NULL,'N',NULL,'2018-12-27 06:27:43','2018-12-27 06:27:43',NULL),(231,4,1,NULL,NULL,NULL,NULL,'2018-12-27 03:31:43',NULL,NULL,NULL,10000,9091,909,NULL,'pay',NULL,'prepayment','cash',NULL,NULL,'N','N',NULL,10000,0,'N',NULL,'2018-12-27 06:31:22','2018-12-27 06:31:48',NULL),(232,4,1,NULL,NULL,NULL,NULL,'2018-12-27 03:35:52',NULL,NULL,NULL,10000,9091,909,NULL,'pay',NULL,'prepayment','cash',NULL,NULL,'N','N',NULL,10000,0,'N',NULL,'2018-12-27 06:35:41','2018-12-27 06:35:57',NULL),(233,4,1,NULL,NULL,NULL,NULL,'2018-12-27 03:45:17',NULL,NULL,NULL,10000,9091,909,NULL,'pay',NULL,'prepayment','cash',NULL,NULL,'N','N',NULL,10000,0,'N',NULL,'2018-12-27 06:45:07','2018-12-27 06:45:33',NULL),(234,NULL,1,NULL,NULL,NULL,NULL,NULL,NULL,NULL,1,10000,9091,909,NULL,'order',NULL,NULL,'prepayment','N',NULL,'N','N',NULL,NULL,NULL,'N',NULL,'2018-12-28 02:18:50','2018-12-28 02:18:50',NULL),(235,NULL,1,NULL,NULL,NULL,NULL,NULL,NULL,NULL,1,7500,6818,682,NULL,'order',NULL,NULL,'prepayment','N',NULL,'N','N',NULL,NULL,NULL,'N',NULL,'2018-12-31 04:12:55','2018-12-31 04:12:55',NULL),(236,NULL,1,NULL,NULL,NULL,NULL,NULL,NULL,NULL,1,7500,6818,682,NULL,'cancel',NULL,NULL,'prepayment','N',NULL,'N','N',NULL,NULL,NULL,'N',NULL,'2018-12-31 04:38:12','2018-12-31 04:39:42',NULL),(237,NULL,1,NULL,NULL,NULL,NULL,NULL,NULL,NULL,1,10000,9091,909,NULL,'cancel',NULL,NULL,'prepayment','N',NULL,'N','N',NULL,NULL,NULL,'N',NULL,'2018-12-31 05:37:12','2018-12-31 05:37:20',NULL),(238,NULL,1,NULL,NULL,NULL,NULL,NULL,NULL,NULL,1,7500,6818,682,NULL,'cancel',NULL,NULL,'prepayment','N',NULL,'N','N',NULL,NULL,NULL,'N',NULL,'2018-12-31 05:39:42','2018-12-31 05:39:50',NULL),(239,NULL,1,NULL,NULL,NULL,NULL,NULL,NULL,NULL,1,1000,909,91,NULL,'cancel',NULL,NULL,'prepayment','N',NULL,'N','N',NULL,NULL,NULL,'N',NULL,'2018-12-31 05:40:59','2018-12-31 05:41:07',NULL),(240,NULL,1,NULL,NULL,NULL,NULL,NULL,NULL,NULL,1,1000,909,91,NULL,'cancel',NULL,NULL,'prepayment','N',NULL,'N','N',NULL,NULL,NULL,'N',NULL,'2018-12-31 05:42:15','2018-12-31 05:42:21',NULL),(241,NULL,1,NULL,NULL,NULL,NULL,NULL,NULL,NULL,1,1000,909,91,NULL,'cancel',NULL,NULL,'prepayment','N',NULL,'N','N',NULL,NULL,NULL,'N',NULL,'2018-12-31 05:43:25','2018-12-31 05:43:30',NULL),(242,NULL,1,NULL,NULL,NULL,NULL,NULL,NULL,NULL,1,1000,909,91,NULL,'cancel',NULL,NULL,'prepayment','N',NULL,'N','N',NULL,NULL,NULL,'N',NULL,'2018-12-31 05:48:13','2018-12-31 05:48:16',NULL),(243,NULL,1,NULL,NULL,NULL,NULL,NULL,NULL,NULL,1,6500,5909,591,NULL,'order',NULL,NULL,'cash','N',NULL,'N','N',NULL,NULL,NULL,'N',NULL,'2019-01-07 07:33:58','2019-01-07 07:33:58',NULL),(244,NULL,1,NULL,NULL,NULL,NULL,NULL,NULL,NULL,1,6500,5909,591,NULL,'order',NULL,NULL,'cash','N',NULL,'N','N',NULL,NULL,NULL,'N',NULL,'2019-01-07 07:34:02','2019-01-07 07:34:02',NULL),(245,NULL,1,NULL,NULL,NULL,NULL,NULL,NULL,NULL,1,6500,5909,591,NULL,'order',NULL,NULL,'cash','N',NULL,'N','N',NULL,NULL,NULL,'N',NULL,'2019-01-07 07:34:03','2019-01-07 07:34:03',NULL),(246,NULL,1,NULL,NULL,NULL,NULL,NULL,NULL,NULL,1,6500,5909,591,NULL,'order',NULL,NULL,'cash','N',NULL,'N','N',NULL,NULL,NULL,'N',NULL,'2019-01-07 07:34:07','2019-01-07 07:34:07',NULL),(247,NULL,1,NULL,NULL,NULL,NULL,NULL,NULL,NULL,1,6500,5909,591,NULL,'order',NULL,NULL,'cash','N',NULL,'N','N',NULL,NULL,NULL,'N',NULL,'2019-01-07 08:54:11','2019-01-07 08:54:11',NULL),(248,NULL,1,NULL,NULL,NULL,NULL,NULL,NULL,NULL,1,6500,5909,591,NULL,'order',NULL,NULL,'cash','N',NULL,'N','N',NULL,NULL,NULL,'N',NULL,'2019-01-07 08:54:12','2019-01-07 08:54:12',NULL),(249,NULL,1,NULL,NULL,NULL,NULL,NULL,NULL,NULL,1,6500,5909,591,NULL,'order',NULL,NULL,'cash','N',NULL,'N','N',NULL,NULL,NULL,'N',NULL,'2019-01-07 08:54:17','2019-01-07 08:54:17',NULL),(250,NULL,1,NULL,NULL,NULL,NULL,NULL,NULL,NULL,1,6500,5909,591,NULL,'order',NULL,NULL,'cash','N',NULL,'N','N',NULL,NULL,NULL,'N',NULL,'2019-01-07 08:54:19','2019-01-07 08:54:19',NULL),(251,NULL,1,NULL,NULL,NULL,NULL,NULL,NULL,NULL,1,6500,5909,591,NULL,'order',NULL,NULL,'cash','N',NULL,'N','N',NULL,NULL,NULL,'N',NULL,'2019-01-07 08:54:25','2019-01-07 08:54:25',NULL),(252,NULL,1,NULL,NULL,NULL,NULL,NULL,NULL,NULL,1,6500,5909,591,NULL,'order',NULL,NULL,'cash','N',NULL,'N','N',NULL,NULL,NULL,'N',NULL,'2019-01-07 08:54:38','2019-01-07 08:54:38',NULL),(253,NULL,1,NULL,NULL,NULL,NULL,NULL,NULL,NULL,1,8800,8000,800,NULL,'cancel',NULL,NULL,'prepayment','N',NULL,'N','N',NULL,NULL,NULL,'N',NULL,'2019-01-08 02:13:47','2019-01-08 02:13:57',NULL),(254,NULL,1,NULL,NULL,NULL,NULL,NULL,NULL,NULL,1,8800,8000,800,NULL,'cancel',NULL,NULL,'prepayment','N',NULL,'N','N',NULL,NULL,NULL,'N',NULL,'2019-01-08 02:32:17','2019-01-08 02:32:30',NULL),(255,NULL,1,NULL,NULL,NULL,NULL,NULL,NULL,NULL,1,8800,8000,800,NULL,'order',NULL,NULL,'cash','N',NULL,'N','N',NULL,NULL,NULL,'N',NULL,'2019-01-08 02:33:23','2019-01-08 02:33:23',NULL),(256,NULL,1,NULL,NULL,NULL,NULL,NULL,NULL,NULL,1,8800,8000,800,NULL,'order',NULL,NULL,'cash','N',NULL,'N','N',NULL,NULL,NULL,'N',NULL,'2019-01-08 04:37:14','2019-01-08 04:37:14',NULL),(257,NULL,1,NULL,NULL,NULL,NULL,NULL,NULL,NULL,1,8800,8000,800,NULL,'order',NULL,NULL,'cash','N',NULL,'N','N',NULL,NULL,NULL,'N',NULL,'2019-01-08 04:42:00','2019-01-08 04:42:00',NULL),(258,NULL,1,NULL,NULL,NULL,NULL,NULL,NULL,NULL,1,8800,8000,800,NULL,'order',NULL,NULL,'cash','N',NULL,'N','N',NULL,NULL,NULL,'N',NULL,'2019-01-08 05:25:47','2019-01-08 05:25:47',NULL),(259,NULL,1,NULL,NULL,NULL,NULL,NULL,NULL,NULL,1,8800,8000,800,NULL,'order',NULL,NULL,'cash','N',NULL,'N','N',NULL,NULL,NULL,'N',NULL,'2019-01-08 05:27:45','2019-01-08 05:27:45',NULL),(260,NULL,1,NULL,NULL,NULL,NULL,NULL,NULL,NULL,1,8800,8000,800,NULL,'order',NULL,NULL,'cash','N',NULL,'N','N',NULL,NULL,NULL,'N',NULL,'2019-01-08 05:29:46','2019-01-08 05:29:46',NULL),(261,NULL,1,NULL,NULL,NULL,NULL,NULL,NULL,NULL,1,7000,6364,636,NULL,'order',NULL,NULL,'cash','N',NULL,'N','N',NULL,NULL,NULL,'N',NULL,'2019-01-08 05:36:42','2019-01-08 05:36:42',NULL),(262,NULL,1,NULL,NULL,NULL,NULL,NULL,NULL,NULL,1,7000,6364,636,NULL,'order',NULL,NULL,'cash','N',NULL,'N','N',NULL,NULL,NULL,'N',NULL,'2019-01-08 05:41:06','2019-01-08 05:41:06',NULL),(263,NULL,1,NULL,NULL,NULL,NULL,'2019-01-08 02:55:38',NULL,NULL,1,7000,6364,636,NULL,'pay',NULL,NULL,'cash','N',NULL,'N','N',NULL,10000,3000,'Y',NULL,'2019-01-08 05:55:23','2019-01-08 05:56:37',NULL),(264,NULL,1,NULL,NULL,NULL,NULL,'2019-01-08 03:08:22',NULL,NULL,1,7000,6364,636,NULL,'pay',NULL,'normal','cash','N',NULL,'N','N',NULL,10000,3000,'Y',NULL,'2019-01-08 06:08:18','2019-01-08 06:10:22',NULL),(265,NULL,1,NULL,NULL,NULL,NULL,NULL,NULL,NULL,1,7000,6364,636,NULL,'order',NULL,'normal','cash','N',NULL,'N','N',NULL,NULL,NULL,'Y',NULL,'2019-01-08 06:40:58','2019-01-08 06:41:58',NULL),(266,NULL,1,NULL,NULL,NULL,NULL,'2019-01-08 03:51:40',NULL,NULL,1,7000,6364,636,NULL,'pay',NULL,'normal','cash','N',NULL,'N','N',NULL,10000,3000,'N',NULL,'2019-01-08 06:51:26','2019-01-08 06:51:48',NULL),(267,NULL,1,NULL,NULL,NULL,NULL,'2019-01-08 03:56:26',NULL,NULL,1,7000,6364,636,NULL,'pay',NULL,'normal','cash','N',NULL,'N','N',NULL,10000,3000,'N',NULL,'2019-01-08 06:56:11','2019-01-08 06:56:35',NULL),(268,NULL,1,NULL,NULL,NULL,NULL,NULL,NULL,NULL,1,7000,6364,636,NULL,'order',NULL,'normal','cash','Y',NULL,'N','N',NULL,NULL,NULL,'N',NULL,'2019-01-08 07:49:42','2019-01-08 07:49:42',NULL),(269,NULL,1,NULL,NULL,NULL,NULL,NULL,NULL,NULL,1,7000,6364,636,NULL,'order',NULL,'normal','cash','N',NULL,'N','N',NULL,NULL,NULL,'N',NULL,'2019-01-08 08:00:57','2019-01-08 08:00:57',NULL),(270,NULL,1,NULL,NULL,NULL,NULL,'2019-01-08 05:06:41',NULL,NULL,1,7000,6364,636,NULL,'pay',NULL,'normal','cash','N',NULL,'N','N',NULL,0,3000,'N',NULL,'2019-01-08 08:06:35','2019-01-08 08:06:40',NULL),(271,NULL,1,NULL,NULL,NULL,NULL,NULL,NULL,NULL,5,33000,30000,3000,NULL,'order',NULL,'normal','prepayment','N',NULL,'N','N',NULL,NULL,NULL,'N',NULL,'2019-01-08 08:11:42','2019-01-08 08:11:42',NULL),(272,NULL,1,NULL,NULL,NULL,NULL,NULL,NULL,NULL,5,33000,30000,3000,NULL,'order',NULL,'normal','cash','N',NULL,'N','N',NULL,NULL,NULL,'N',NULL,'2019-01-08 08:12:26','2019-01-08 08:12:26',NULL),(273,NULL,1,NULL,NULL,NULL,NULL,'2019-01-08 05:25:15',NULL,NULL,1,7000,6364,636,NULL,'pay',NULL,'normal','cash','N',NULL,'N','N',NULL,10000,3000,'Y',NULL,'2019-01-08 08:24:51','2019-01-08 08:26:13',NULL),(274,NULL,1,NULL,NULL,NULL,NULL,'2019-01-08 05:26:31',NULL,NULL,1,7000,6364,636,NULL,'pay',NULL,'normal','cash','N',NULL,'N','N',NULL,10000,3000,'N',NULL,'2019-01-08 08:26:30','2019-01-08 08:26:30',NULL),(275,NULL,1,NULL,NULL,NULL,NULL,NULL,NULL,NULL,1,7000,6364,636,NULL,'order',NULL,'normal','cash','N',NULL,'N','N',NULL,NULL,NULL,'N',NULL,'2019-01-08 08:27:20','2019-01-08 08:27:20',NULL),(276,NULL,1,NULL,NULL,NULL,NULL,NULL,NULL,NULL,1,8800,8000,800,NULL,'order',NULL,'normal','cash','N',NULL,'N','N',NULL,NULL,NULL,'N',NULL,'2019-01-08 08:41:09','2019-01-08 08:41:09',NULL),(277,NULL,1,NULL,NULL,NULL,NULL,NULL,NULL,NULL,4,6302,5729,573,NULL,'order',NULL,'normal','cash','N',NULL,'N','N',NULL,NULL,NULL,'N',NULL,'2019-01-09 00:36:01','2019-01-09 00:36:01',NULL),(278,NULL,1,NULL,NULL,NULL,NULL,NULL,NULL,NULL,4,6302,5729,573,NULL,'order',NULL,'normal','cash','N',NULL,'N','N',NULL,NULL,NULL,'N',NULL,'2019-01-09 00:36:02','2019-01-09 00:36:02',NULL),(279,NULL,1,NULL,NULL,NULL,NULL,NULL,NULL,NULL,3,4202,3820,382,NULL,'order',NULL,'normal','cash','N',NULL,'N','N',NULL,NULL,NULL,'N',NULL,'2019-01-09 00:37:35','2019-01-09 00:37:35',NULL),(280,NULL,1,NULL,NULL,NULL,NULL,NULL,NULL,NULL,1,7000,6364,636,NULL,'order',NULL,'normal','cash','N',NULL,'N','N',NULL,NULL,NULL,'N',NULL,'2019-01-09 01:25:13','2019-01-09 01:25:13',NULL),(281,NULL,1,NULL,NULL,NULL,NULL,'2019-01-09 11:09:31',NULL,NULL,1,7000,6364,636,NULL,'pay',NULL,'normal','cash','N',NULL,'N','N',NULL,10000,3000,'N',NULL,'2019-01-09 02:09:00','2019-01-09 02:09:30',NULL),(282,NULL,1,NULL,NULL,NULL,NULL,'2019-01-09 11:11:19',NULL,NULL,1,7000,6364,636,NULL,'pay',NULL,'normal','cash','N',NULL,'N','N',NULL,10000,3000,'N',NULL,'2019-01-09 02:11:05','2019-01-09 02:11:18',NULL),(283,NULL,1,NULL,NULL,NULL,NULL,NULL,NULL,NULL,3,12000,10909,1091,'00','order',NULL,'normal','credit','Y',NULL,'N','N',NULL,NULL,NULL,'N',NULL,'2019-01-09 02:13:56','2019-01-09 02:13:56',NULL),(284,NULL,1,NULL,NULL,NULL,NULL,'2019-01-09 11:15:53',NULL,NULL,1,7000,6364,636,NULL,'pay',NULL,'normal','cash','N',NULL,'N','N',NULL,10000,3000,'N',NULL,'2019-01-09 02:15:36','2019-01-09 02:15:52',NULL),(285,NULL,1,NULL,NULL,NULL,NULL,'2019-01-09 11:16:29',NULL,NULL,1,7000,6364,636,NULL,'pay',NULL,'normal','cash','N',NULL,'N','N',NULL,0,3000,'N',NULL,'2019-01-09 02:16:25','2019-01-09 02:16:28',NULL),(286,NULL,1,NULL,NULL,NULL,NULL,'2019-01-09 11:22:40',NULL,NULL,1,7000,6364,636,NULL,'pay',NULL,'normal','cash','N',NULL,'N','N',NULL,0,0,'N',NULL,'2019-01-09 02:22:32','2019-01-09 02:22:39',NULL),(287,NULL,1,NULL,NULL,NULL,NULL,'2019-01-09 11:23:26',NULL,NULL,1,7000,6364,636,NULL,'pay',NULL,'normal','cash','N',NULL,'N','N',NULL,0,0,'Y',NULL,'2019-01-09 02:22:59','2019-01-09 02:23:42',NULL),(288,NULL,1,NULL,NULL,NULL,NULL,NULL,NULL,NULL,1,7000,6364,636,'00','order',NULL,'normal','credit','N',NULL,'N','N',NULL,NULL,NULL,'N',NULL,'2019-01-09 04:47:36','2019-01-09 04:47:36',NULL),(289,NULL,1,NULL,NULL,NULL,'76802834','190109134807','수협체크','621640**********',1,7000,6364,636,'00','pay',NULL,'normal','credit','N',NULL,'N','N','02101000000000000010040000000000000000000000000076802834    19010913480713수협체크            01비씨카드            720410010      2393300001          IC카드 정상승인 76802834                                                                                       621640**********123933000010109134800                    ',NULL,NULL,'N',NULL,'2019-01-09 04:47:59','2019-01-09 04:48:09',NULL),(290,NULL,1,NULL,NULL,NULL,NULL,'2019-01-09 01:48:43',NULL,NULL,1,7000,6364,636,NULL,'pay',NULL,'normal','cash','N',NULL,'N','N',NULL,0,0,'Y',NULL,'2019-01-09 04:48:31','2019-01-09 04:48:57',NULL),(291,NULL,1,NULL,NULL,NULL,NULL,NULL,NULL,NULL,1,7000,6364,636,NULL,'cancel',NULL,'normal','prepayment','N',NULL,'N','N',NULL,NULL,NULL,'N',NULL,'2019-01-09 04:49:33','2019-01-09 04:49:39',NULL),(292,NULL,1,NULL,NULL,NULL,NULL,NULL,NULL,NULL,1,7000,6364,636,NULL,'order',NULL,'normal','cash','N',NULL,'N','N',NULL,NULL,NULL,'N',NULL,'2019-01-09 06:26:23','2019-01-09 06:26:23',NULL),(293,NULL,1,NULL,NULL,NULL,NULL,NULL,NULL,NULL,1,7000,6364,636,NULL,'order',NULL,'normal','cash','N',NULL,'N','N',NULL,NULL,NULL,'N',NULL,'2019-01-09 06:27:09','2019-01-09 06:27:09',NULL),(294,NULL,1,NULL,NULL,NULL,NULL,NULL,NULL,NULL,1,7000,6364,636,NULL,'order',NULL,'normal','cash','N',NULL,'N','N',NULL,NULL,NULL,'N',NULL,'2019-01-09 06:27:16','2019-01-09 06:27:16',NULL),(295,NULL,1,NULL,NULL,NULL,NULL,NULL,NULL,NULL,1,7000,6364,636,NULL,'order',NULL,'normal','cash','N',NULL,'N','N',NULL,NULL,NULL,'N',NULL,'2019-01-09 06:29:06','2019-01-09 06:29:06',NULL),(296,NULL,1,NULL,NULL,NULL,NULL,NULL,NULL,NULL,1,7000,6364,636,NULL,'order',NULL,'normal','cash','N',NULL,'N','N',NULL,NULL,NULL,'N',NULL,'2019-01-09 07:01:58','2019-01-09 07:01:58',NULL),(297,NULL,1,NULL,NULL,NULL,NULL,NULL,NULL,NULL,1,7000,6364,636,NULL,'order',NULL,'normal','cash','N',NULL,'N','N',NULL,NULL,NULL,'N',NULL,'2019-01-10 02:07:52','2019-01-10 02:07:52',NULL),(298,NULL,1,NULL,NULL,NULL,NULL,NULL,NULL,NULL,1,7000,6364,636,NULL,'order',NULL,'normal','cash','N',NULL,'N','N',NULL,NULL,NULL,'N',NULL,'2019-01-10 02:08:02','2019-01-10 02:08:02',NULL),(299,NULL,1,NULL,NULL,NULL,NULL,NULL,NULL,NULL,1,7000,6364,636,NULL,'order',NULL,'normal','cash','N',NULL,'N','N',NULL,NULL,NULL,'N',NULL,'2019-01-10 02:28:12','2019-01-10 02:28:12',NULL),(300,NULL,1,NULL,NULL,NULL,NULL,NULL,NULL,NULL,1,7000,6364,636,NULL,'order',NULL,'normal','cash','N',NULL,'N','N',NULL,NULL,NULL,'N',NULL,'2019-01-10 02:30:16','2019-01-10 02:30:16',NULL),(301,NULL,1,NULL,NULL,NULL,NULL,NULL,NULL,NULL,1,7000,6364,636,NULL,'order',NULL,'normal','cash','N',NULL,'N','N',NULL,NULL,NULL,'N',NULL,'2019-01-10 02:34:20','2019-01-10 02:34:20',NULL),(302,NULL,1,NULL,NULL,NULL,NULL,NULL,NULL,NULL,1,7000,6364,636,NULL,'order',NULL,'normal','cash','N',NULL,'N','N',NULL,NULL,NULL,'N',NULL,'2019-01-10 02:34:36','2019-01-10 02:34:36',NULL),(303,NULL,1,NULL,NULL,NULL,NULL,NULL,NULL,NULL,2,15800,14364,1436,NULL,'order',NULL,'normal','cash','N',NULL,'N','N',NULL,NULL,NULL,'N',NULL,'2019-01-10 02:34:56','2019-01-10 02:34:56',NULL),(304,NULL,1,NULL,NULL,NULL,NULL,NULL,NULL,NULL,1,7000,6364,636,NULL,'order',NULL,'normal','cash','N',NULL,'N','N',NULL,NULL,NULL,'N',NULL,'2019-01-10 02:41:13','2019-01-10 02:41:13',NULL),(305,NULL,1,NULL,NULL,NULL,NULL,NULL,NULL,NULL,1,7000,6364,636,NULL,'order',NULL,'normal','cash','N',NULL,'N','N',NULL,NULL,NULL,'N',NULL,'2019-01-10 02:45:16','2019-01-10 02:45:16',NULL),(306,NULL,1,NULL,NULL,NULL,NULL,NULL,NULL,NULL,1,7000,6364,636,NULL,'order',NULL,'normal','cash','N',NULL,'N','N',NULL,NULL,NULL,'N',NULL,'2019-01-10 04:20:48','2019-01-10 04:20:48',NULL),(307,NULL,1,NULL,NULL,NULL,NULL,NULL,NULL,NULL,1,7000,6364,636,NULL,'order',NULL,'normal','cash','N',NULL,'N','N',NULL,NULL,NULL,'N',NULL,'2019-01-10 04:20:54','2019-01-10 04:20:54',NULL),(308,NULL,1,NULL,NULL,NULL,NULL,NULL,NULL,NULL,1,7000,6364,636,NULL,'order',NULL,'normal','cash','N',NULL,'N','N',NULL,NULL,NULL,'N',NULL,'2019-01-10 04:27:50','2019-01-10 04:27:50',NULL),(309,NULL,1,NULL,NULL,NULL,NULL,NULL,NULL,NULL,1,8800,8000,800,NULL,'order',NULL,'normal','cash','N',NULL,'N','N',NULL,NULL,NULL,'N',NULL,'2019-01-10 04:30:20','2019-01-10 04:30:20',NULL),(310,NULL,1,NULL,NULL,NULL,NULL,NULL,NULL,NULL,1,8800,8000,800,NULL,'order',NULL,'normal','cash','N',NULL,'N','N',NULL,NULL,NULL,'N',NULL,'2019-01-10 04:40:34','2019-01-10 04:40:34',NULL),(311,NULL,1,NULL,NULL,NULL,NULL,NULL,NULL,NULL,1,8800,8000,800,NULL,'order',NULL,'normal','cash','N',NULL,'N','N',NULL,NULL,NULL,'N',NULL,'2019-01-10 04:40:40','2019-01-10 04:40:40',NULL),(312,NULL,1,NULL,NULL,NULL,NULL,NULL,NULL,NULL,1,8800,8000,800,NULL,'order',NULL,'normal','cash','N',NULL,'N','N',NULL,NULL,NULL,'N',NULL,'2019-01-10 04:41:55','2019-01-10 04:41:55',NULL),(313,NULL,1,NULL,NULL,NULL,NULL,NULL,NULL,NULL,1,8800,8000,800,NULL,'order',NULL,'normal','cash','N',NULL,'N','N',NULL,NULL,NULL,'N',NULL,'2019-01-10 04:46:22','2019-01-10 04:46:22',NULL),(314,NULL,1,NULL,NULL,NULL,NULL,NULL,NULL,NULL,1,8800,8000,800,NULL,'order',NULL,'normal','cash','N',NULL,'N','N',NULL,NULL,NULL,'N',NULL,'2019-01-10 05:12:04','2019-01-10 05:12:04',NULL),(315,NULL,1,NULL,NULL,NULL,NULL,NULL,NULL,NULL,1,8800,8000,800,NULL,'order',NULL,'normal','cash','N',NULL,'N','N',NULL,NULL,NULL,'N',NULL,'2019-01-10 05:15:18','2019-01-10 05:15:18',NULL),(316,NULL,1,NULL,NULL,NULL,NULL,'2019-01-10 02:24:43',NULL,NULL,1,7000,6364,636,NULL,'pay',NULL,'normal','cash','N',NULL,'N','N',NULL,0,0,'N',NULL,'2019-01-10 05:24:29','2019-01-10 05:24:42',NULL),(317,NULL,1,NULL,NULL,NULL,NULL,NULL,NULL,NULL,1,7000,6364,636,NULL,'order',NULL,'normal','cash','N',NULL,'N','N',NULL,NULL,NULL,'N',NULL,'2019-01-10 05:24:57','2019-01-10 05:24:57',NULL),(318,NULL,1,NULL,NULL,NULL,NULL,'2019-01-10 02:28:25',NULL,NULL,1,7000,6364,636,NULL,'pay',NULL,'normal','cash','N',NULL,'N','N',NULL,0,0,'N',NULL,'2019-01-10 05:28:14','2019-01-10 05:28:24',NULL),(319,NULL,1,NULL,NULL,NULL,NULL,'2019-01-10 02:31:40',NULL,NULL,1,7000,6364,636,NULL,'pay',NULL,'normal','cash','N',NULL,'N','N',NULL,0,0,'N',NULL,'2019-01-10 05:31:01','2019-01-10 05:31:39',NULL),(320,NULL,1,NULL,NULL,NULL,NULL,'2019-01-10 02:34:25',NULL,NULL,1,8800,8000,800,NULL,'pay',NULL,'normal','cash','N',NULL,'N','N',NULL,0,0,'N',NULL,'2019-01-10 05:34:19','2019-01-10 05:34:24',NULL),(321,NULL,1,NULL,NULL,NULL,NULL,NULL,NULL,NULL,1,7000,6364,636,NULL,'order',NULL,'normal','cash','N',NULL,'N','N',NULL,NULL,NULL,'N',NULL,'2019-01-10 05:35:55','2019-01-10 05:35:55',NULL),(322,NULL,1,NULL,NULL,NULL,NULL,NULL,NULL,NULL,1,8800,8000,800,NULL,'order',NULL,'normal','cash','N',NULL,'N','N',NULL,NULL,NULL,'N',NULL,'2019-01-10 05:38:36','2019-01-10 05:38:36',NULL),(323,NULL,1,NULL,NULL,NULL,NULL,NULL,NULL,NULL,1,8800,8000,800,NULL,'order',NULL,'normal','cash','N',NULL,'N','N',NULL,NULL,NULL,'N',NULL,'2019-01-10 05:49:29','2019-01-10 05:49:29',NULL),(324,NULL,1,NULL,NULL,NULL,NULL,NULL,NULL,NULL,1,7000,6364,636,NULL,'order',NULL,'normal','cash','N',NULL,'N','N',NULL,NULL,NULL,'N',NULL,'2019-01-10 05:57:08','2019-01-10 05:57:08',NULL),(325,NULL,1,NULL,NULL,NULL,NULL,NULL,NULL,NULL,1,8800,8000,800,NULL,'order',NULL,'normal','cash','N',NULL,'N','N',NULL,NULL,NULL,'N',NULL,'2019-01-10 05:57:35','2019-01-10 05:57:35',NULL),(326,NULL,1,NULL,NULL,NULL,NULL,NULL,NULL,NULL,1,8800,8000,800,NULL,'order',NULL,'normal','cash','N',NULL,'N','N',NULL,NULL,NULL,'N',NULL,'2019-01-10 05:57:57','2019-01-10 05:57:57',NULL),(327,NULL,1,NULL,NULL,NULL,NULL,NULL,NULL,NULL,1,8800,8000,800,NULL,'cancel',NULL,'normal','cash','N',NULL,'N','N',NULL,NULL,NULL,'N',NULL,'2019-01-11 05:07:54','2019-01-11 05:08:36',NULL),(328,NULL,1,NULL,NULL,NULL,NULL,NULL,NULL,NULL,1,8800,8000,800,NULL,'cancel',NULL,'normal','cash','N',NULL,'N','N',NULL,NULL,NULL,'N',NULL,'2019-01-11 05:14:44','2019-01-11 05:15:01',NULL),(329,NULL,1,NULL,NULL,NULL,NULL,NULL,NULL,NULL,1,8800,8000,800,NULL,'cancel',NULL,'normal','prepayment','N',NULL,'N','N',NULL,NULL,NULL,'N',NULL,'2019-01-11 05:55:57','2019-01-11 05:56:01',NULL),(330,NULL,1,NULL,NULL,NULL,NULL,NULL,NULL,NULL,1,1000,909,91,NULL,'pay',NULL,'normal','prepayment','N',NULL,'N','N',NULL,NULL,NULL,'N',NULL,'2019-01-11 06:02:23','2019-01-11 06:02:30',NULL),(331,NULL,1,NULL,NULL,NULL,NULL,NULL,NULL,NULL,1,1000,909,91,NULL,'pay',NULL,'prepayment','prepayment','N',NULL,'N','N',NULL,NULL,NULL,'N',NULL,'2019-01-11 08:00:52','2019-01-11 08:00:59',NULL),(332,NULL,1,NULL,NULL,NULL,NULL,NULL,NULL,NULL,1,1000,909,91,NULL,'pay',NULL,'prepayment','prepayment','N',NULL,'N','N',NULL,NULL,NULL,'N',NULL,'2019-01-11 08:01:18','2019-01-11 08:01:22',NULL),(333,NULL,1,NULL,NULL,NULL,NULL,NULL,NULL,NULL,1,1000,909,91,NULL,'pay',NULL,'prepayment','prepayment','N',NULL,'N','N',NULL,NULL,NULL,'N',NULL,'2019-01-11 08:05:08','2019-01-11 08:05:10',NULL),(334,4,1,NULL,NULL,NULL,NULL,NULL,NULL,NULL,NULL,15000,13636,1364,NULL,'pay',NULL,'prepayment','cash',NULL,NULL,'N','N',NULL,NULL,NULL,'N',NULL,'2019-01-14 01:14:14','2019-01-14 01:14:14',NULL),(335,4,1,NULL,NULL,NULL,NULL,NULL,NULL,NULL,NULL,15000,13636,1364,NULL,'pay',NULL,'prepayment','cash',NULL,NULL,'N','N',NULL,NULL,NULL,'N',NULL,'2019-01-14 01:26:33','2019-01-14 01:26:33',NULL),(336,4,1,NULL,NULL,NULL,NULL,NULL,NULL,NULL,NULL,15000,13636,1364,NULL,'pay',NULL,'prepayment','cash',NULL,NULL,'N','N',NULL,NULL,NULL,'N',NULL,'2019-01-14 01:30:48','2019-01-14 01:30:48',NULL),(337,4,1,NULL,NULL,NULL,NULL,NULL,NULL,NULL,NULL,15000,13636,1364,NULL,'pay',NULL,'prepayment','cash',NULL,NULL,'N','N',NULL,NULL,NULL,'N',NULL,'2019-01-14 01:33:19','2019-01-14 01:33:19',NULL),(338,4,1,NULL,NULL,NULL,NULL,NULL,NULL,NULL,NULL,15000,13636,1364,NULL,'pay',NULL,'prepayment','cash',NULL,NULL,'N','N',NULL,NULL,NULL,'N',NULL,'2019-01-14 01:52:04','2019-01-14 01:52:04',NULL),(339,4,1,NULL,1,NULL,NULL,'2019-01-14 10:59:32',NULL,NULL,NULL,15000,13636,1364,NULL,'pay',NULL,'prepayment','cash',NULL,NULL,'N','N',NULL,0,0,'N',NULL,'2019-01-14 01:59:12','2019-01-14 01:59:44',NULL),(340,4,1,NULL,3,NULL,NULL,'2019-01-14 11:08:57',NULL,NULL,NULL,15000,13636,1364,NULL,'pay',NULL,'prepayment','cash',NULL,NULL,'N','N',NULL,0,0,'N',NULL,'2019-01-14 02:08:25','2019-01-14 02:08:58',NULL),(341,4,1,NULL,4,NULL,NULL,'2019-01-14 11:14:18',NULL,NULL,NULL,15000,13636,1364,NULL,'cancel',NULL,'prepayment','cash',NULL,NULL,'N','N',NULL,15000,0,'Y',NULL,'2019-01-14 02:14:08','2019-01-29 05:16:59',NULL),(342,5,1,NULL,NULL,NULL,NULL,NULL,NULL,NULL,NULL,15000,13636,1364,NULL,'pay',NULL,'prepayment','cash',NULL,NULL,'N','N',NULL,NULL,NULL,'Y',NULL,'2019-01-14 02:14:51','2019-01-17 08:39:46',NULL),(343,4,1,NULL,5,NULL,NULL,'2019-01-14 11:36:22',NULL,NULL,NULL,15000,13636,1364,NULL,'pay',NULL,'prepayment','cash',NULL,NULL,'N','N',NULL,20000,5000,'Y',NULL,'2019-01-14 02:35:44','2019-01-14 02:36:23',NULL),(344,NULL,1,NULL,NULL,NULL,NULL,NULL,NULL,NULL,1,8800,8000,800,'00','order',NULL,'normal','credit','N',NULL,'N','N',NULL,NULL,NULL,'N',NULL,'2019-01-15 02:23:58','2019-01-15 02:23:58',NULL),(345,NULL,1,NULL,1,NULL,'18524177','2019-01-15 11:36:22','하나카드','457047**********',1,8800,8000,800,'00','pay',NULL,'normal','credit','N',NULL,'N','N','02101000000000000010040000000000000000000000000018524177    19011513092829하나카드            29하나카드            8102776786     2393300001          IC카드 정상승인 18524177                                                                                       457047**********023933000010115130906                    ',NULL,NULL,'N',NULL,'2019-01-15 04:01:38','2019-01-15 04:02:06',NULL),(346,NULL,1,NULL,NULL,NULL,NULL,NULL,NULL,NULL,1,1500,1364,136,'00','order',NULL,'normal','credit','N',NULL,'N','N',NULL,NULL,NULL,'N',NULL,'2019-01-15 08:08:57','2019-01-15 08:08:57',NULL),(347,NULL,1,NULL,NULL,NULL,NULL,NULL,NULL,NULL,1,1500,1364,136,'00','order',NULL,'normal','credit','N',NULL,'N','N',NULL,NULL,NULL,'N',NULL,'2019-01-15 08:10:48','2019-01-15 08:10:48',NULL),(348,NULL,1,NULL,NULL,NULL,NULL,NULL,NULL,NULL,1,1500,1364,136,'00','order',NULL,'normal','credit','N',NULL,'N','N',NULL,NULL,NULL,'N',NULL,'2019-01-15 08:14:34','2019-01-15 08:14:34',NULL),(349,NULL,1,NULL,2,NULL,'12504179','190115172512','하나카드','457047**********',1,1500,1364,136,'00','pay',NULL,'normal','credit','N',NULL,'N','N','02101000000000000010040000000000000000000000000012504179    19011517251229하나카드            29하나카드            8102776786     2393300001          IC카드 정상승인 12504179                                                                                       457047**********023933000010115172507                    ',NULL,NULL,'N',NULL,'2019-01-15 08:17:45','2019-01-15 08:21:04',NULL),(350,NULL,1,NULL,1,NULL,'11574164','7994-07-16 18:38:31','하나카드','457047**********',1,1500,1364,136,'00','pay',NULL,'normal','credit','N',NULL,'N','N','02101000000000000010040000000000000000000000000011574164    19011609591129하나카드            29하나카드            8102776786     2393300001          IC카드 정상승인 11574164                                                                                       457047**********023933000010116095907                    ',NULL,NULL,'N',NULL,'2019-01-16 00:59:03','2019-01-16 01:00:15',NULL),(351,NULL,1,NULL,2,NULL,'17504164','7994-07-16 20:05:16','하나카드','457047**********',1,1500,1364,136,'00','pay',NULL,'normal','credit','N',NULL,'N','N','02101000000000000010040000000000000000000000000017504164    19011610111629하나카드            29하나카드            8102776786     2393300001          IC카드 정상승인 17504164                                                                                       457047**********023933000010116101113                    ',NULL,NULL,'N',NULL,'2019-01-16 01:11:09','2019-01-16 01:15:00',NULL),(352,NULL,1,NULL,3,NULL,'10554168','2019-01-16 10:55:40','하나카드','457047**********',1,1500,1364,136,'00','pay',NULL,'normal','credit','N',NULL,'N','N','02101000000000000010040000000000000000000000000010554168    19011610554029하나카드            29하나카드            8102776786     2393300001          IC카드 정상승인 10554168                                                                                       457047**********023933000010116105536                    ',NULL,NULL,'N',NULL,'2019-01-16 01:55:30','2019-01-16 01:56:18',NULL),(353,NULL,1,NULL,4,NULL,'16524163','2019-01-16 11:21:16','하나카드','457047**********',1,1500,1364,136,'00','cancel',NULL,'normal','credit','N',NULL,'N','N','04303000000000000010040000000000000000000000000016524163    19011611440229하나카드            29하나카드            8102776786     2393300001          IC카드 정상취소 16524163                                                                                       457047**********023933000010116114352                    ',NULL,NULL,'N',NULL,'2019-01-16 02:21:04','2019-01-16 05:25:04',NULL),(354,NULL,1,NULL,5,NULL,'10514164','2019-01-16 15:17:20','하나카드','457047**********',1,1000,909,91,'00','pay',NULL,'normal','credit','N',NULL,'N','N','043030600300000000100400000000000000000000000000                        29하나카드            29하나카드            8102776786     2393300001         취소거절                                이미취소된거래                                                          457047********** 23933000010116160832                    ',NULL,NULL,'N',NULL,'2019-01-16 06:17:03','2019-01-16 07:08:55',NULL),(355,NULL,1,NULL,NULL,NULL,NULL,NULL,NULL,NULL,1,1000,909,91,'00','order',NULL,'normal','credit','N',NULL,'N','N',NULL,NULL,NULL,'N',NULL,'2019-01-16 07:31:05','2019-01-16 07:31:05',NULL),(356,NULL,1,NULL,NULL,NULL,NULL,NULL,NULL,NULL,1,6000,5455,545,'00','order',NULL,'normal','credit','Y',NULL,'N','N',NULL,NULL,NULL,'N',NULL,'2019-01-16 07:31:29','2019-01-16 07:31:29',NULL),(357,NULL,1,NULL,NULL,NULL,NULL,NULL,NULL,NULL,1,1000,909,91,'00','order',NULL,'normal','credit','N',NULL,'N','N',NULL,NULL,NULL,'N',NULL,'2019-01-18 01:03:37','2019-01-18 01:03:37',NULL),(358,NULL,1,NULL,NULL,NULL,NULL,NULL,NULL,NULL,1,1000,909,91,'00','order',NULL,'normal','credit','N',NULL,'N','N',NULL,NULL,NULL,'N',NULL,'2019-01-18 01:04:04','2019-01-18 01:04:04',NULL),(359,NULL,1,NULL,NULL,NULL,NULL,NULL,NULL,NULL,1,1000,909,91,'00','order',NULL,'normal','credit','N',NULL,'N','N',NULL,NULL,NULL,'N',NULL,'2019-01-18 01:04:29','2019-01-18 01:04:29',NULL),(360,NULL,1,NULL,1,NULL,NULL,NULL,NULL,NULL,1,1000,909,91,NULL,'cancel',NULL,'prepayment','prepayment','N',NULL,'N','N',NULL,NULL,NULL,'N',NULL,'2019-01-18 01:06:30','2019-01-18 02:12:21',NULL),(364,4,1,NULL,2,NULL,NULL,NULL,NULL,NULL,1,1000,909,91,NULL,'cancel',NULL,'prepayment','prepayment','N',NULL,'N','N',NULL,NULL,NULL,'N',NULL,'2019-01-18 02:22:39','2019-01-18 04:36:25',NULL),(365,NULL,1,NULL,3,NULL,NULL,'2019-01-18 03:49:00',NULL,NULL,1,1000,909,91,NULL,'cancel',NULL,'normal','cash','N',NULL,'N','N',NULL,5000,4000,'Y',NULL,'2019-01-18 06:48:43','2019-01-18 09:06:09',NULL),(366,NULL,1,NULL,4,NULL,'13534142','2019-01-18 15:51:23','하나카드','457047**********',3,4000,3636,364,'00','cancel',NULL,'normal','credit','N',NULL,'N','N','04303000000000000010040000000000000000000000000013534142    19011815562029하나카드            29하나카드            8102776786     2393300001          IC카드 정상취소 13534142                                                                                       457047**********023933000010118155616                    ',NULL,NULL,'N',NULL,'2019-01-18 06:50:59','2019-01-18 06:56:21',NULL),(367,4,1,NULL,5,NULL,NULL,NULL,NULL,NULL,1,4900,4455,445,NULL,'cancel',NULL,'prepayment','prepayment','N',NULL,'N','N',NULL,NULL,NULL,'N',NULL,'2019-01-18 06:52:02','2019-01-18 06:57:08',NULL),(368,4,1,NULL,1,NULL,NULL,NULL,NULL,NULL,1,1000,909,91,NULL,'cancel',NULL,'prepayment','prepayment','N',NULL,'N','N',NULL,NULL,NULL,'N',NULL,'2019-01-22 09:12:42','2019-01-25 02:44:21',NULL),(369,6,1,NULL,NULL,NULL,NULL,NULL,NULL,NULL,NULL,123,112,11,NULL,'pay',NULL,'prepayment','cash',NULL,NULL,'N','N',NULL,NULL,NULL,'N',NULL,'2019-01-30 05:14:25','2019-01-30 05:14:25',NULL),(370,6,1,NULL,NULL,NULL,NULL,NULL,NULL,NULL,NULL,123,112,11,NULL,'cancel',NULL,'prepayment','cash',NULL,NULL,'N','N',NULL,NULL,NULL,'N',NULL,'2019-01-30 05:14:39','2019-02-13 02:03:23',NULL),(371,4,1,NULL,NULL,NULL,NULL,NULL,NULL,NULL,NULL,1000,909,91,NULL,'cancel',NULL,'prepayment','',NULL,NULL,'N','N',NULL,NULL,NULL,'N',NULL,'2019-01-30 06:22:55','2019-01-30 07:42:28',NULL),(372,4,1,NULL,2,NULL,NULL,NULL,NULL,NULL,1,1000,909,91,NULL,'pay',NULL,'prepayment','prepayment','N',NULL,'N','N',NULL,NULL,NULL,'N',NULL,'2019-01-31 04:18:44','2019-01-31 04:21:12',NULL),(373,4,1,NULL,3,NULL,NULL,NULL,NULL,NULL,1,1000,909,91,NULL,'pay',NULL,'prepayment','prepayment','N',NULL,'N','N',NULL,NULL,NULL,'N','/images/2019/02/11/1549874136014.bmp','2019-01-31 04:22:06','2019-02-11 08:35:39',NULL),(374,NULL,1,NULL,NULL,NULL,NULL,NULL,NULL,NULL,1,10000,9091,909,'00','order',NULL,'normal','credit','N',NULL,'N','N',NULL,NULL,NULL,'N',NULL,'2019-02-11 08:57:20','2019-02-11 08:57:20',NULL),(375,NULL,1,NULL,4,NULL,'21534100','2019-02-11 18:02:41','하나카드','457047**********',1,10000,9091,909,'00','pay',NULL,'normal','credit','N',NULL,'N','N','02101000000000000010040000000000000000000000000021534100    19021118024129하나카드            29하나카드            8102776786     2393300001          IC카드 정상승인 21534100                                                                                       457047**********023933000010211180224                    ',NULL,NULL,'N',NULL,'2019-02-11 09:02:24','2019-02-11 09:02:42',NULL),(376,NULL,1,NULL,1,NULL,'29504199','2019-02-12 09:58:48','하나카드','457047**********',1,10000,9091,909,'00','pay',NULL,'normal','credit','N',NULL,'N','N','02101000000000000010040000000000000000000000000029504199    19021209584829하나카드            29하나카드            8102776786     2393300001          IC카드 정상승인 29504199                                                                                       457047**********023933000010212095827                    ',NULL,NULL,'N','/images/2019/02/12/1549933130035.bmp','2019-02-12 00:58:27','2019-02-12 00:58:50',NULL),(377,NULL,1,NULL,NULL,NULL,NULL,NULL,NULL,NULL,1,10000,9091,909,'00','order',NULL,'normal','credit','N',NULL,'N','N',NULL,NULL,NULL,'N',NULL,'2019-02-15 01:10:02','2019-02-15 01:10:02',NULL),(378,NULL,1,NULL,NULL,NULL,NULL,NULL,NULL,NULL,1,10000,9091,909,NULL,'order',NULL,'prepayment','prepayment','N',NULL,'N','N',NULL,NULL,NULL,'N',NULL,'2019-02-15 01:36:12','2019-02-15 01:36:12',NULL),(379,1,1,NULL,1,NULL,NULL,NULL,NULL,NULL,1,10000,9091,909,'00','pay',NULL,'prepayment','prepayment','N',NULL,'N','N',NULL,NULL,NULL,'N',NULL,'2019-02-15 08:16:01','2019-02-15 08:16:07',NULL),(380,NULL,1,NULL,NULL,NULL,NULL,NULL,NULL,NULL,1,10000,9091,909,'00','order',NULL,'prepayment','prepayment','N',NULL,'N','N',NULL,NULL,NULL,'N',NULL,'2019-02-15 08:17:16','2019-02-15 08:17:16',NULL),(381,NULL,1,NULL,NULL,NULL,NULL,NULL,NULL,NULL,2,28000,25455,2545,'00','order',NULL,'prepayment','prepayment','N',NULL,'N','N',NULL,NULL,NULL,'N',NULL,'2019-02-15 08:18:43','2019-02-15 08:18:43',NULL),(382,1,1,NULL,2,NULL,NULL,NULL,NULL,NULL,2,28000,25455,2545,'00','pay',NULL,'prepayment','prepayment','N',NULL,'N','N',NULL,NULL,NULL,'N',NULL,'2019-02-15 08:19:08','2019-02-15 08:19:11',NULL),(383,NULL,1,NULL,NULL,NULL,NULL,NULL,NULL,NULL,1,10000,9091,909,NULL,'order',NULL,'prepayment','prepayment','N',NULL,'N','N',NULL,NULL,NULL,'N',NULL,'2019-02-15 08:39:50','2019-02-15 08:39:50',NULL),(384,NULL,1,NULL,NULL,NULL,NULL,NULL,NULL,NULL,1,10000,9091,909,NULL,'order',NULL,'prepayment','prepayment','N',NULL,'N','N',NULL,NULL,NULL,'N',NULL,'2019-02-15 08:49:55','2019-02-15 08:49:55',NULL),(385,NULL,1,NULL,NULL,NULL,NULL,NULL,NULL,NULL,1,10000,9091,909,'00','order',NULL,'normal','credit','N',NULL,'N','N',NULL,NULL,NULL,'N',NULL,'2019-02-15 08:53:39','2019-02-15 08:53:39',NULL),(386,NULL,1,NULL,NULL,NULL,NULL,NULL,NULL,NULL,1,10000,9091,909,'00','order',NULL,'normal','credit','N',NULL,'N','N',NULL,NULL,NULL,'N',NULL,'2019-02-15 08:54:39','2019-02-15 08:54:39',NULL),(387,NULL,1,NULL,NULL,NULL,NULL,NULL,NULL,NULL,1,4500,4091,409,'00','order',NULL,'normal','credit','N',NULL,'N','N',NULL,NULL,NULL,'N',NULL,'2019-02-16 04:27:37','2019-02-16 04:27:37',NULL),(388,NULL,1,NULL,NULL,NULL,NULL,NULL,NULL,NULL,1,4500,4091,409,'00','order',NULL,'normal','credit','N',NULL,'N','N',NULL,NULL,NULL,'N',NULL,'2019-02-16 04:27:57','2019-02-16 04:27:57',NULL),(389,NULL,1,NULL,NULL,NULL,NULL,NULL,NULL,NULL,1,4500,4091,409,'00','order',NULL,'normal','credit','N',NULL,'N','N',NULL,NULL,NULL,'N',NULL,'2019-02-16 04:50:22','2019-02-16 04:50:22',NULL),(390,NULL,1,NULL,NULL,NULL,NULL,NULL,NULL,NULL,1,4500,4091,409,'00','order',NULL,'normal','credit','N',NULL,'N','N',NULL,NULL,NULL,'N',NULL,'2019-02-16 04:50:41','2019-02-16 04:50:41',NULL),(391,NULL,1,NULL,NULL,NULL,NULL,NULL,NULL,NULL,1,10000,9091,909,NULL,'order',NULL,NULL,NULL,'N',NULL,'N','N',NULL,NULL,NULL,'N',NULL,'2019-02-18 00:42:26','2019-02-18 00:42:26',NULL),(392,NULL,1,NULL,NULL,NULL,NULL,NULL,NULL,NULL,1,10000,9091,909,NULL,'order',NULL,NULL,NULL,'N',NULL,'N','N',NULL,NULL,NULL,'N',NULL,'2019-02-18 00:42:30','2019-02-18 00:42:30',NULL),(393,NULL,1,NULL,NULL,NULL,NULL,NULL,NULL,NULL,1,10000,9091,909,NULL,'order',NULL,NULL,NULL,'N',NULL,'N','N',NULL,NULL,NULL,'N',NULL,'2019-02-18 00:43:07','2019-02-18 00:43:07',NULL),(394,NULL,1,NULL,NULL,NULL,NULL,NULL,NULL,NULL,1,10000,9091,909,NULL,'order',NULL,NULL,NULL,'N',NULL,'N','N',NULL,NULL,NULL,'N',NULL,'2019-02-18 00:44:30','2019-02-18 00:44:30',NULL),(395,NULL,1,NULL,NULL,NULL,NULL,NULL,NULL,NULL,1,10000,9091,909,NULL,'order',NULL,NULL,NULL,'N',NULL,'N','N',NULL,NULL,NULL,'N',NULL,'2019-02-18 00:45:00','2019-02-18 00:45:00',NULL),(396,NULL,1,NULL,NULL,NULL,NULL,NULL,NULL,NULL,1,10000,9091,909,NULL,'order',NULL,NULL,NULL,'N',NULL,'N','N',NULL,NULL,NULL,'N',NULL,'2019-02-18 00:48:18','2019-02-18 00:48:18',NULL),(397,NULL,1,NULL,NULL,NULL,NULL,NULL,NULL,NULL,1,10000,9091,909,NULL,'order',NULL,'','','N',NULL,'N','N',NULL,NULL,NULL,'N',NULL,'2019-02-18 00:48:42','2019-02-18 00:48:42',NULL),(398,NULL,1,NULL,1,NULL,NULL,NULL,NULL,NULL,1,10000,9091,909,NULL,'order',NULL,'','','N',NULL,'N','N',NULL,NULL,NULL,'N',NULL,'2019-02-18 00:49:18','2019-02-18 00:50:04',NULL),(399,NULL,1,NULL,2,NULL,NULL,NULL,NULL,NULL,1,10000,9091,909,NULL,'order',NULL,'','','N',NULL,'N','N',NULL,NULL,NULL,'N',NULL,'2019-02-18 00:57:23','2019-02-18 00:57:32',NULL),(400,NULL,1,NULL,NULL,NULL,NULL,NULL,NULL,NULL,1,10000,9091,909,NULL,'order',NULL,'','','N',NULL,'N','N',NULL,NULL,NULL,'N',NULL,'2019-02-18 00:57:54','2019-02-18 00:57:54',NULL),(401,1,1,NULL,3,NULL,NULL,NULL,NULL,NULL,1,10000,9091,909,NULL,'pay',NULL,'point','point','N',NULL,'N','N',NULL,NULL,NULL,'N',NULL,'2019-02-18 01:12:42','2019-02-18 01:12:51',NULL),(402,1,1,NULL,4,NULL,NULL,NULL,NULL,NULL,1,10000,9091,909,NULL,'pay',NULL,'point','point','N',NULL,'N','N',NULL,NULL,NULL,'N',NULL,'2019-02-18 01:27:47','2019-02-18 01:27:52',NULL),(403,1,1,NULL,5,NULL,NULL,NULL,NULL,NULL,1,10000,9091,909,NULL,'pay',NULL,'point','point','N',NULL,'N','N',NULL,NULL,NULL,'N',NULL,'2019-02-18 01:28:37','2019-02-18 01:31:23',NULL),(404,NULL,1,NULL,NULL,NULL,NULL,NULL,NULL,NULL,1,10000,9091,909,NULL,'order',NULL,'point','point','N',NULL,'N','N',NULL,NULL,NULL,'N',NULL,'2019-02-18 01:32:42','2019-02-18 01:32:42',NULL),(405,1,1,10000,6,NULL,NULL,NULL,NULL,NULL,1,10000,9091,909,NULL,'pay',NULL,'point','point','N',NULL,'N','N',NULL,NULL,NULL,'N',NULL,'2019-02-18 01:33:17','2019-02-18 01:33:20',NULL),(406,1,1,NULL,7,NULL,NULL,NULL,NULL,NULL,1,10000,9091,909,NULL,'pay',NULL,'prepayment','prepayment','N',NULL,'N','N',NULL,NULL,NULL,'N',NULL,'2019-02-18 01:36:23','2019-02-18 01:36:29',NULL),(407,1,1,NULL,8,NULL,NULL,NULL,NULL,NULL,1,10000,9091,909,NULL,'pay',NULL,'prepayment','prepayment','N',NULL,'N','N',NULL,NULL,NULL,'N',NULL,'2019-02-18 02:15:44','2019-02-18 02:15:49',NULL),(408,1,1,NULL,9,NULL,NULL,NULL,NULL,NULL,1,1000,909,91,NULL,'pay',NULL,'prepayment','prepayment','N',NULL,'N','N',NULL,NULL,NULL,'N',NULL,'2019-02-18 07:20:28','2019-02-18 07:20:34',NULL),(409,1,1,NULL,10,NULL,NULL,NULL,NULL,NULL,1,10000,9091,909,NULL,'pay',NULL,'prepayment','prepayment','N',NULL,'N','N',NULL,NULL,NULL,'N',NULL,'2019-02-18 07:22:45','2019-02-18 07:22:53',NULL),(410,1,1,NULL,11,NULL,NULL,NULL,NULL,NULL,1,10000,9091,909,NULL,'pay',NULL,'prepayment','prepayment','N',NULL,'N','N',NULL,NULL,NULL,'N',NULL,'2019-02-18 08:02:06','2019-02-18 08:02:25',NULL),(411,1,1,NULL,12,NULL,NULL,NULL,NULL,NULL,1,10000,9091,909,NULL,'pay',NULL,'prepayment','prepayment','N',NULL,'N','N',NULL,NULL,NULL,'N',NULL,'2019-02-18 08:17:39','2019-02-18 08:17:43',NULL),(412,1,1,NULL,13,NULL,NULL,NULL,NULL,NULL,1,10000,9091,909,NULL,'pay',NULL,'prepayment','prepayment','N',NULL,'N','N',NULL,NULL,NULL,'N',NULL,'2019-02-18 08:23:06','2019-02-18 08:23:10',NULL),(413,NULL,1,NULL,NULL,NULL,NULL,NULL,NULL,NULL,1,1000,909,91,NULL,'order',NULL,'normal','cash','N',NULL,'N','N',NULL,NULL,NULL,'N',NULL,'2019-02-18 08:42:29','2019-02-18 08:42:29',NULL),(414,NULL,1,NULL,NULL,NULL,NULL,NULL,NULL,NULL,1,1000,909,91,NULL,'order',NULL,'normal','cash','N',NULL,'N','N',NULL,NULL,NULL,'N',NULL,'2019-02-18 08:51:00','2019-02-18 08:51:00',NULL),(415,1,1,NULL,14,NULL,NULL,NULL,NULL,NULL,1,1000,909,91,NULL,'pay',NULL,'prepayment','prepayment','N',NULL,'N','N',NULL,NULL,NULL,'N',NULL,'2019-02-18 08:51:27','2019-02-18 08:51:32',NULL),(416,NULL,1,NULL,NULL,NULL,NULL,NULL,NULL,NULL,1,10000,9091,909,'00','order',NULL,'normal','credit','N',NULL,'N','N',NULL,NULL,NULL,'N',NULL,'2019-02-18 08:53:57','2019-02-18 08:53:57',NULL),(417,NULL,1,NULL,NULL,NULL,NULL,NULL,NULL,NULL,1,18000,16364,1636,'00','order',NULL,'normal','credit','N',NULL,'N','N',NULL,NULL,NULL,'N',NULL,'2019-02-19 04:38:45','2019-02-19 04:38:45',NULL),(418,NULL,1,NULL,1,NULL,'19383402','2019-02-19 19:38:30','수협체크','621640**********',1,1000,909,91,'00','pay',NULL,'normal','credit','N',NULL,'N','N','02101000000000000010000000000000000000000000000019383402    19021919383013수협체크            01비씨카드            720410010      2393300001          IC카드 정상승인 19383402                                                                                       621640**********123933000010219193817                    ',NULL,NULL,'N',NULL,'2019-02-19 10:38:16','2019-02-19 10:38:31',NULL),(419,NULL,1,1500,NULL,NULL,NULL,NULL,NULL,NULL,1,1500,1364,136,NULL,'order',NULL,'point','point','Y',NULL,'N','N',NULL,NULL,NULL,'N',NULL,'2019-02-19 10:59:33','2019-02-19 10:59:33',NULL),(420,NULL,1,NULL,NULL,NULL,NULL,NULL,NULL,NULL,7,44500,40455,4045,NULL,'order',NULL,'normal','cash','N',NULL,'N','N',NULL,NULL,NULL,'N',NULL,'2019-02-19 11:06:54','2019-02-19 11:06:54',NULL),(421,NULL,1,NULL,NULL,NULL,NULL,NULL,NULL,NULL,7,44500,40455,4045,NULL,'order',NULL,'prepayment','prepayment','N',NULL,'N','N',NULL,NULL,NULL,'N',NULL,'2019-02-19 11:07:06','2019-02-19 11:07:06',NULL),(422,NULL,1,NULL,NULL,NULL,NULL,NULL,NULL,NULL,1,18000,16364,1636,NULL,'order',NULL,'normal','cash','N',NULL,'N','N',NULL,NULL,NULL,'N',NULL,'2019-02-20 09:24:30','2019-02-20 09:24:30',NULL),(423,NULL,1,NULL,NULL,NULL,NULL,NULL,NULL,NULL,1,18000,16364,1636,'00','order',NULL,'normal','credit','N',NULL,'N','N',NULL,NULL,NULL,'N',NULL,'2019-02-20 09:24:33','2019-02-20 09:24:33',NULL),(424,NULL,1,NULL,NULL,NULL,NULL,NULL,NULL,NULL,1,10000,9091,909,NULL,'order',NULL,'prepayment','prepayment','N',NULL,'N','N',NULL,NULL,NULL,'N',NULL,'2019-02-20 09:27:26','2019-02-20 09:27:26',NULL),(425,NULL,1,1000,NULL,NULL,NULL,NULL,NULL,NULL,1,1000,909,91,NULL,'order',NULL,'point','point','N',NULL,'N','N',NULL,NULL,NULL,'N',NULL,'2019-02-20 09:33:13','2019-02-20 09:33:13',NULL),(426,NULL,1,1000,NULL,NULL,NULL,NULL,NULL,NULL,1,1000,909,91,NULL,'order',NULL,'point','point','N',NULL,'N','N',NULL,NULL,NULL,'N',NULL,'2019-02-20 09:34:00','2019-02-20 09:34:00',NULL),(427,NULL,1,NULL,1,NULL,'18344050','2019-02-20 18:34:17','수협체크','621640**********',1,1000,909,91,'00','pay',NULL,'normal','credit','N',NULL,'N','N','02101000000000000010000000000000000000000000000018344050    19022018341713수협체크            01비씨카드            720410010      2393300001          IC카드 정상승인 18344050                                                                                       621640**********123933000010220183409                    ',NULL,NULL,'N',NULL,'2019-02-20 09:34:08','2019-02-20 09:34:18',NULL),(428,NULL,1,NULL,2,NULL,'19354081','2019-02-20 19:35:57','수협체크','621640**********',1,1000,909,91,'00','pay',NULL,'normal','credit','N',NULL,'N','N','02101000000000000010000000000000000000000000000019354081    19022019355713수협체크            01비씨카드            720410010      2393300001          IC카드 정상승인 19354081                                                                                       621640**********123933000010220193539                    ',NULL,NULL,'N',NULL,'2019-02-20 10:35:37','2019-02-20 10:35:58',NULL),(429,NULL,1,NULL,1,NULL,'12266871','2019-02-23 12:26:59','수협체크','621640**********',1,1000,909,91,'00','pay',NULL,'normal','credit','N',NULL,'N','N','02101000000000000010040000000000000000000000000012266871    19022312265913수협체크            01비씨카드            720410010      2393300001          IC카드 정상승인 12266871                                                                                       621640**********123933000010223122655                    ',NULL,NULL,'N',NULL,'2019-02-23 03:26:51','2019-02-23 03:27:00',NULL),(430,NULL,1,NULL,2,NULL,'12276872','2019-02-23 12:27:28','수협체크','621640**********',1,1000,909,91,'00','pay',NULL,'normal','credit','N',NULL,'N','N','02101000000000000010040000000000000000000000000012276872    19022312272813수협체크            01비씨카드            720410010      2393300001          IC카드 정상승인 12276872                                                                                       621640**********123933000010223122722                    ',NULL,NULL,'N',NULL,'2019-02-23 03:27:18','2019-02-23 03:27:30',NULL),(431,NULL,1,NULL,NULL,NULL,NULL,NULL,NULL,NULL,1,1000,909,91,'00','order',NULL,'normal','credit','N',NULL,'N','N',NULL,NULL,NULL,'N',NULL,'2019-02-23 04:45:02','2019-02-23 04:45:02',NULL),(432,NULL,1,NULL,NULL,NULL,NULL,NULL,NULL,NULL,1,1000,909,91,'00','order',NULL,'normal','credit','N',NULL,'N','N',NULL,NULL,NULL,'N',NULL,'2019-02-23 04:45:20','2019-02-23 04:45:20',NULL),(433,NULL,1,NULL,NULL,NULL,NULL,NULL,NULL,NULL,1,1000,909,91,'00','order',NULL,'normal','credit','N',NULL,'N','N',NULL,NULL,NULL,'N',NULL,'2019-02-23 05:34:01','2019-02-23 05:34:01',NULL),(434,NULL,1,NULL,NULL,NULL,NULL,NULL,NULL,NULL,1,1000,909,91,NULL,'order',NULL,'normal','cash','N',NULL,'N','N',NULL,NULL,NULL,'N',NULL,'2019-02-23 05:34:21','2019-02-23 05:34:21',NULL),(435,NULL,1,NULL,3,NULL,'15566876','2019-02-23 15:56:10','수협체크','621640**********',1,1000,909,91,'00','pay',NULL,'normal','credit','N',NULL,'N','N','02101000000000000010040000000000000000000000000015566876    19022315561013수협체크            01비씨카드            720410010      2393300001          IC카드 정상승인 15566876                                                                                       621640**********123933000010223155553                    ',NULL,NULL,'N',NULL,'2019-02-23 06:55:53','2019-02-23 06:56:11',NULL),(436,NULL,1,NULL,1,NULL,'14097947','2019-02-26 14:09:05','수협체크','621640**********',1,1000,909,91,'00','pay',NULL,'normal','credit','N',NULL,'N','N','02101000000000000010040000000000000000000000000014097947    19022614090513수협체크            01비씨카드            720410010      2393300001          IC카드 정상승인 14097947                                                                                       621640**********123933000010226140854                    ',NULL,NULL,'N',NULL,'2019-02-26 05:08:53','2019-02-26 05:09:07',NULL),(437,NULL,1,NULL,2,NULL,'14097948','2019-02-26 14:09:45','수협체크','621640**********',1,1000,909,91,'00','pay',NULL,'normal','credit','N',NULL,'N','N','02101000000000000010040000000000000000000000000014097948    19022614094513수협체크            01비씨카드            720410010      2393300001          IC카드 정상승인 14097948                                                                                       621640**********123933000010226140936                    ',NULL,NULL,'N',NULL,'2019-02-26 05:09:36','2019-02-26 05:09:47',NULL),(438,NULL,1,NULL,NULL,NULL,NULL,NULL,NULL,NULL,1,1000,909,91,'00','order',NULL,'normal','credit','N',NULL,'N','N',NULL,NULL,NULL,'N',NULL,'2019-02-26 07:23:24','2019-02-26 07:23:24',NULL),(439,NULL,1,NULL,NULL,NULL,NULL,NULL,NULL,NULL,1,1000,909,91,'00','order',NULL,'normal','credit','N',NULL,'N','N',NULL,NULL,NULL,'N',NULL,'2019-02-26 07:24:37','2019-02-26 07:24:37',NULL),(440,NULL,1,NULL,NULL,NULL,NULL,NULL,NULL,NULL,1,1000,909,91,'00','order',NULL,'normal','credit','N',NULL,'N','N',NULL,NULL,NULL,'N',NULL,'2019-02-26 07:24:49','2019-02-26 07:24:49',NULL),(441,NULL,1,NULL,NULL,NULL,NULL,NULL,NULL,NULL,1,1000,909,91,'00','order',NULL,'normal','credit','N',NULL,'N','N',NULL,NULL,NULL,'N',NULL,'2019-02-26 07:25:09','2019-02-26 07:25:09',NULL),(442,NULL,1,NULL,NULL,NULL,NULL,NULL,NULL,NULL,1,1000,909,91,'00','order',NULL,'normal','credit','N',NULL,'N','N',NULL,NULL,NULL,'N',NULL,'2019-02-26 07:25:47','2019-02-26 07:25:47',NULL),(443,NULL,1,NULL,NULL,NULL,NULL,NULL,NULL,NULL,1,1000,909,91,'00','order',NULL,'normal','credit','N',NULL,'N','N',NULL,NULL,NULL,'N',NULL,'2019-02-26 07:26:46','2019-02-26 07:26:46',NULL),(444,NULL,1,NULL,3,NULL,'30037173','2019-02-26 16:27:26','KB국민카드','516453**********',1,1000,909,91,'00','pay',NULL,'normal','credit','N',NULL,'N','N','02101000000000000010040000000000000000000000000030037173    19022616272602KB국민카드          02KB국민카드          00039002498    2393300001          IC카드 정상승인 30037173                                                                                       516453**********023933000010226162717                    ',NULL,NULL,'N','/images/2019/02/26/1551166047118.bmp','2019-02-26 07:27:15','2019-02-26 07:27:27',NULL),(445,NULL,1,NULL,NULL,NULL,NULL,NULL,NULL,NULL,1,10000,9091,909,'00','order',NULL,'normal','credit','N',NULL,'N','N',NULL,NULL,NULL,'N',NULL,'2019-02-27 01:08:42','2019-02-27 01:08:42',NULL),(446,NULL,1,NULL,NULL,NULL,NULL,NULL,NULL,NULL,1,10000,9091,909,'00','order',NULL,'normal','credit','N',NULL,'N','N',NULL,NULL,NULL,'N',NULL,'2019-02-27 01:09:09','2019-02-27 01:09:09',NULL),(447,NULL,1,NULL,NULL,NULL,NULL,NULL,NULL,NULL,1,10000,9091,909,'00','order',NULL,'normal','credit','N',NULL,'N','N',NULL,NULL,NULL,'N',NULL,'2019-02-27 01:23:14','2019-02-27 01:23:14',NULL),(448,NULL,1,NULL,1,NULL,'13511229','2019-03-04 13:51:15','수협체크','621640**********',1,1000,909,91,'00','pay',NULL,'normal','credit','N',NULL,'N','N','02101000000000000010040000000000000000000000000013511229    19030413511513수협체크            01비씨카드            720410010      2393300001000000123 IC카드 정상승인 13511229                                                                                       621640**********223933000010304135058                    ',NULL,NULL,'N',NULL,'2019-03-04 04:50:58','2019-03-04 04:51:17',NULL),(449,NULL,1,NULL,2,NULL,'14051270','2019-03-04 14:05:00','수협체크','621640**********',1,1000,909,91,'00','pay',NULL,'normal','credit','N',NULL,'N','N','02101000000000000010040000000000000000000000000014051270    19030414050013수협체크            01비씨카드            720410010      2393300001000000123 IC카드 정상승인 14051270                                                                                       621640**********223933000010304140452                    ',NULL,NULL,'N',NULL,'2019-03-04 05:04:52','2019-03-04 05:05:01',NULL),(450,NULL,1,NULL,3,NULL,'14301342','2019-03-04 14:30:45','수협체크','621640**********',1,1000,909,91,'00','pay',NULL,'normal','credit','N',NULL,'N','N','02101000000000000010040000000000000000000000000014301342    19030414304513수협체크            01비씨카드            720410010      2393300001000000123 IC카드 정상승인 14301342                                                                                       621640**********223933000010304143036                    ',NULL,NULL,'N',NULL,'2019-03-04 05:30:36','2019-03-04 05:30:47',NULL),(451,NULL,1,NULL,4,NULL,'14331351','2019-03-04 14:33:14','수협체크','621640**********',1,1000,909,91,'00','pay',NULL,'normal','credit','N',NULL,'N','N','02101000000000000010040000000000000000000000000014331351    19030414331413수협체크            01비씨카드            720410010      2393300001000000123 IC카드 정상승인 14331351                                                                                       621640**********223933000010304143254                    ',NULL,NULL,'N',NULL,'2019-03-04 05:32:54','2019-03-04 05:33:17',NULL),(452,NULL,1,NULL,5,NULL,'14341352','2019-03-04 14:34:08','수협체크','621640**********',1,1000,909,91,'00','pay',NULL,'normal','credit','N',NULL,'N','N','02101000000000000010040000000000000000000000000014341352    19030414340813수협체크            01비씨카드            720410010      2393300001000000123 IC카드 정상승인 14341352                                                                                       621640**********223933000010304143400                    ',NULL,NULL,'N',NULL,'2019-03-04 05:34:00','2019-03-04 05:34:09',NULL),(453,NULL,1,NULL,NULL,NULL,NULL,NULL,NULL,NULL,1,18000,16364,1636,'00','order',NULL,'normal','credit','N',NULL,'N','N',NULL,NULL,NULL,'N',NULL,'2019-03-04 07:27:06','2019-03-04 07:27:06',NULL),(454,NULL,1,NULL,NULL,NULL,NULL,NULL,NULL,NULL,1,1000,909,91,'00','order',NULL,'normal','credit','N',NULL,'N','N',NULL,NULL,NULL,'N',NULL,'2019-03-04 08:02:44','2019-03-04 08:02:44',NULL),(455,NULL,1,NULL,NULL,NULL,NULL,NULL,NULL,NULL,1,1000,909,91,'00','order',NULL,'normal','credit','N',NULL,'N','N',NULL,NULL,NULL,'N',NULL,'2019-03-04 08:02:53','2019-03-04 08:02:53',NULL),(456,NULL,1,NULL,NULL,NULL,NULL,NULL,NULL,NULL,1,1000,909,91,'00','order',NULL,'normal','credit','N',NULL,'N','N',NULL,NULL,NULL,'N',NULL,'2019-03-04 08:10:42','2019-03-04 08:10:42',NULL),(457,NULL,1,NULL,NULL,NULL,NULL,NULL,NULL,NULL,1,1000,909,91,'00','order',NULL,'normal','credit','N',NULL,'N','N',NULL,NULL,NULL,'N',NULL,'2019-03-04 08:23:02','2019-03-04 08:23:02',NULL),(458,NULL,1,NULL,NULL,NULL,NULL,NULL,NULL,NULL,1,1000,909,91,'00','order',NULL,'normal','credit','N',NULL,'N','N',NULL,NULL,NULL,'N',NULL,'2019-03-04 08:29:30','2019-03-04 08:29:30',NULL),(459,NULL,1,NULL,NULL,NULL,NULL,NULL,NULL,NULL,1,1000,909,91,'00','order',NULL,'normal','credit','N',NULL,'N','N',NULL,NULL,NULL,'N',NULL,'2019-03-04 08:29:51','2019-03-04 08:29:51',NULL),(460,NULL,1,NULL,NULL,NULL,NULL,NULL,NULL,NULL,1,1000,909,91,'00','order',NULL,'normal','credit','N',NULL,'N','N',NULL,NULL,NULL,'N',NULL,'2019-03-04 08:30:30','2019-03-04 08:30:30',NULL),(461,NULL,1,NULL,NULL,NULL,NULL,NULL,NULL,NULL,5,36500,33182,3318,NULL,'order',NULL,'normal','cash','Y',NULL,'N','N',NULL,NULL,NULL,'N',NULL,'2019-03-05 10:01:56','2019-03-05 10:01:56',NULL),(462,NULL,1,NULL,1,NULL,'19042805','2019-03-05 19:04:47','수협체크','621640**********',5,36500,33182,3318,'00','pay',NULL,'normal','credit','Y',NULL,'N','N','02101000000000000010040000000000000000000000000019042805    19030519044713수협체크            01비씨카드            720410010      2393300001000000123 IC카드 정상승인 19042805                                                                                       621640**********223933000010305190432                    ',NULL,NULL,'N',NULL,'2019-03-05 10:04:31','2019-03-05 10:04:48',NULL),(463,NULL,1,NULL,NULL,NULL,NULL,NULL,NULL,NULL,1,18000,16364,1636,NULL,'order',NULL,'normal','cash','N',NULL,'N','N',NULL,NULL,NULL,'N',NULL,'2019-03-06 00:41:05','2019-03-06 00:41:05',NULL),(468,1,1,5500,1,NULL,NULL,NULL,NULL,NULL,2,5500,5000,500,NULL,'pay',NULL,'point','point','N',NULL,'N','N',NULL,NULL,NULL,'N',NULL,'2019-03-06 01:07:23','2019-03-06 01:07:37',NULL),(469,NULL,1,NULL,NULL,NULL,NULL,NULL,NULL,NULL,1,4400,4000,400,'00','order',NULL,'normal','credit','Y',NULL,'N','N',NULL,NULL,NULL,'N',NULL,'2019-03-06 05:00:34','2019-03-06 05:00:34',NULL),(471,NULL,1,NULL,2,NULL,'14033111','2019-03-06 14:03:07','수협체크','621640**********',1,4400,4000,400,'00','pay',NULL,'normal','credit','Y',NULL,'N','N','02101000000000000010040000000000000000000000000014033111    19030614030713수협체크            01비씨카드            720410010      2393300001000000123 IC카드 정상승인 14033111                                                                                       621640**********223933000010306140257                    ',NULL,NULL,'N',NULL,'2019-03-06 05:02:56','2019-03-06 05:03:08',NULL),(472,NULL,1,NULL,3,NULL,'14033112','2019-03-06 14:03:33','수협체크','621640**********',1,5000,4545,455,'00','pay',NULL,'normal','credit','N',NULL,'N','N','02101000000000000010040000000000000000000000000014033112    19030614033313수협체크            01비씨카드            720410010      2393300001000000123 IC카드 정상승인 14033112                                                                                       621640**********223933000010306140325                    ',NULL,NULL,'N',NULL,'2019-03-06 05:03:24','2019-03-06 05:03:34',NULL),(473,NULL,1,NULL,4,NULL,'14043113','2019-03-06 14:04:00','수협체크','621640**********',1,3900,3545,355,'00','pay',NULL,'normal','credit','Y',NULL,'N','N','02101000000000000010040000000000000000000000000014043113    19030614040013수협체크            01비씨카드            720410010      2393300001000000123 IC카드 정상승인 14043113                                                                                       621640**********223933000010306140352                    ',NULL,NULL,'N',NULL,'2019-03-06 05:03:51','2019-03-06 05:04:01',NULL),(474,NULL,1,7000,NULL,NULL,NULL,NULL,NULL,NULL,1,7000,6364,636,NULL,'order',NULL,'point','point','N',NULL,'N','N',NULL,NULL,NULL,'N',NULL,'2019-03-06 05:06:00','2019-03-06 05:06:00',NULL),(475,NULL,1,NULL,NULL,NULL,NULL,NULL,NULL,NULL,1,4400,4000,400,NULL,'order',NULL,'normal','cash','Y',NULL,'N','N',NULL,NULL,NULL,'N',NULL,'2019-03-06 05:11:01','2019-03-06 05:11:01',NULL),(476,NULL,1,NULL,NULL,NULL,NULL,NULL,NULL,NULL,1,4400,4000,400,'00','order',NULL,'normal','credit','Y',NULL,'N','N',NULL,NULL,NULL,'N',NULL,'2019-03-06 05:11:05','2019-03-06 05:11:05',NULL),(477,NULL,1,NULL,NULL,NULL,NULL,NULL,NULL,NULL,2,22400,20364,2036,'00','order',NULL,'normal','credit','Y',NULL,'N','N',NULL,NULL,NULL,'N',NULL,'2019-03-06 05:12:32','2019-03-06 05:12:32',NULL),(478,NULL,1,NULL,NULL,NULL,NULL,NULL,NULL,NULL,1,4500,4091,409,NULL,'order',NULL,'normal','cash','N',NULL,'N','N',NULL,NULL,NULL,'N',NULL,'2019-03-06 08:26:01','2019-03-06 08:26:01',NULL),(479,NULL,1,NULL,NULL,NULL,NULL,NULL,NULL,NULL,1,4500,4091,409,'00','order',NULL,'normal','credit','N',NULL,'N','N',NULL,NULL,NULL,'N',NULL,'2019-03-06 08:26:05','2019-03-06 08:26:05',NULL),(480,NULL,1,NULL,NULL,NULL,NULL,NULL,NULL,NULL,1,4500,4091,409,'00','order',NULL,'normal','cash','N',NULL,'N','N',NULL,NULL,NULL,'N',NULL,'2019-03-06 08:30:20','2019-03-06 08:30:20',NULL),(481,NULL,1,NULL,NULL,NULL,NULL,NULL,NULL,NULL,1,4500,4091,409,'00','order',NULL,'normal','cash','N',NULL,'N','N',NULL,NULL,NULL,'N',NULL,'2019-03-06 08:30:24','2019-03-06 08:30:24',NULL),(482,NULL,1,NULL,NULL,NULL,NULL,NULL,NULL,NULL,1,4500,4091,409,'00','order',NULL,'normal','cash','N',NULL,'N','N',NULL,NULL,NULL,'N',NULL,'2019-03-06 08:31:56','2019-03-06 08:31:56',NULL),(483,NULL,1,NULL,NULL,NULL,NULL,NULL,NULL,NULL,1,4500,4091,409,'00','order',NULL,'normal','cash','N',NULL,'N','N',NULL,NULL,NULL,'N',NULL,'2019-03-06 08:31:59','2019-03-06 08:31:59',NULL),(484,NULL,1,NULL,NULL,NULL,NULL,NULL,NULL,NULL,1,4500,4091,409,'00','order',NULL,'normal','cash','N',NULL,'N','N',NULL,NULL,NULL,'N',NULL,'2019-03-06 08:32:03','2019-03-06 08:32:03',NULL),(485,NULL,1,NULL,NULL,NULL,NULL,NULL,NULL,NULL,1,4500,4091,409,'00','order',NULL,'normal','cash','N',NULL,'N','N',NULL,NULL,NULL,'N',NULL,'2019-03-06 08:32:06','2019-03-06 08:32:06',NULL),(486,NULL,1,NULL,NULL,NULL,NULL,NULL,NULL,NULL,1,4500,4091,409,'00','order',NULL,'normal','cash','N',NULL,'N','N',NULL,NULL,NULL,'N',NULL,'2019-03-06 08:32:09','2019-03-06 08:32:09',NULL),(487,NULL,1,NULL,NULL,NULL,NULL,NULL,NULL,NULL,1,4500,4091,409,'00','order',NULL,'normal','cash','N',NULL,'N','N',NULL,NULL,NULL,'N',NULL,'2019-03-06 08:32:13','2019-03-06 08:32:13',NULL),(488,NULL,1,NULL,NULL,NULL,NULL,NULL,NULL,NULL,1,4500,4091,409,'00','order',NULL,'normal','cash','N',NULL,'N','N',NULL,NULL,NULL,'N',NULL,'2019-03-06 08:32:17','2019-03-06 08:32:17',NULL),(489,NULL,1,NULL,NULL,NULL,NULL,NULL,NULL,NULL,1,4500,4091,409,'00','order',NULL,'normal','cash','N',NULL,'N','N',NULL,NULL,NULL,'N',NULL,'2019-03-06 08:32:34','2019-03-06 08:32:34',NULL),(490,NULL,1,NULL,NULL,NULL,NULL,NULL,NULL,NULL,1,4500,4091,409,'00','order',NULL,'normal','cash','N',NULL,'N','N',NULL,NULL,NULL,'N',NULL,'2019-03-06 08:32:43','2019-03-06 08:32:43',NULL),(491,NULL,1,NULL,NULL,NULL,NULL,NULL,NULL,NULL,1,4500,4091,409,'00','order',NULL,'normal','cash','N',NULL,'N','N',NULL,NULL,NULL,'N',NULL,'2019-03-06 08:32:48','2019-03-06 08:32:48',NULL),(492,NULL,1,NULL,NULL,NULL,NULL,NULL,NULL,NULL,1,4500,4091,409,'00','order',NULL,'normal','cash','N',NULL,'N','N',NULL,NULL,NULL,'N',NULL,'2019-03-06 08:32:51','2019-03-06 08:32:51',NULL),(493,NULL,1,NULL,NULL,NULL,NULL,NULL,NULL,NULL,1,4500,4091,409,'00','order',NULL,'normal','cash','N',NULL,'N','N',NULL,NULL,NULL,'N',NULL,'2019-03-06 08:32:54','2019-03-06 08:32:54',NULL),(494,NULL,1,NULL,NULL,NULL,NULL,NULL,NULL,NULL,1,4500,4091,409,'00','order',NULL,'normal','cash','N',NULL,'N','N',NULL,NULL,NULL,'N',NULL,'2019-03-06 08:32:58','2019-03-06 08:32:58',NULL),(495,NULL,1,NULL,NULL,NULL,NULL,NULL,NULL,NULL,1,4500,4091,409,NULL,'order',NULL,'normal','cash','N',NULL,'N','N',NULL,NULL,NULL,'N',NULL,'2019-03-06 08:35:30','2019-03-06 08:35:30',NULL),(496,NULL,1,NULL,NULL,NULL,NULL,NULL,NULL,NULL,1,4500,4091,409,NULL,'order',NULL,'normal','cash','N',NULL,'N','N',NULL,NULL,NULL,'N',NULL,'2019-03-06 08:35:34','2019-03-06 08:35:34',NULL),(497,NULL,1,NULL,NULL,NULL,NULL,NULL,NULL,NULL,1,4500,4091,409,NULL,'order',NULL,'normal','cash','N',NULL,'N','N',NULL,NULL,NULL,'N',NULL,'2019-03-06 08:35:41','2019-03-06 08:35:41',NULL),(498,NULL,1,NULL,NULL,NULL,NULL,NULL,NULL,NULL,1,4500,4091,409,NULL,'order',NULL,'normal','cash','N',NULL,'N','N',NULL,NULL,NULL,'N',NULL,'2019-03-06 08:35:45','2019-03-06 08:35:45',NULL),(499,NULL,1,NULL,NULL,NULL,NULL,NULL,NULL,NULL,1,4500,4091,409,NULL,'order',NULL,'normal','cash','N',NULL,'N','N',NULL,NULL,NULL,'N',NULL,'2019-03-06 08:35:48','2019-03-06 08:35:48',NULL),(500,NULL,1,NULL,NULL,NULL,NULL,NULL,NULL,NULL,1,4500,4091,409,NULL,'order',NULL,'normal','cash','N',NULL,'N','N',NULL,NULL,NULL,'N',NULL,'2019-03-06 08:35:52','2019-03-06 08:35:52',NULL),(501,NULL,1,NULL,NULL,NULL,NULL,NULL,NULL,NULL,1,4500,4091,409,NULL,'order',NULL,'normal','cash','N',NULL,'N','N',NULL,NULL,NULL,'N',NULL,'2019-03-06 08:44:36','2019-03-06 08:44:36',NULL),(502,NULL,1,NULL,5,NULL,'17453552','2019-03-06 17:45:19','수협체크','621640**********',2,9400,8545,855,'00','pay',NULL,'normal','credit','Y',NULL,'N','N','02101000000000000010040000000000000000000000000017453552    19030617451913수협체크            01비씨카드            720410010      2393300001000000123 IC카드 정상승인 17453552                                                                                       621640**********223933000010306174509                    ',NULL,NULL,'N',NULL,'2019-03-06 08:45:08','2019-03-06 08:45:21',NULL),(503,NULL,1,NULL,NULL,NULL,NULL,NULL,NULL,NULL,1,4500,4091,409,NULL,'order',NULL,'normal','cash','N',NULL,'N','N',NULL,NULL,NULL,'N',NULL,'2019-03-06 08:44:40','2019-03-06 08:44:40',NULL),(504,NULL,1,NULL,NULL,NULL,NULL,NULL,NULL,NULL,1,3900,3545,355,NULL,'order',NULL,'normal','cash','Y',NULL,'N','N',NULL,NULL,NULL,'N',NULL,'2019-03-06 08:45:35','2019-03-06 08:45:35',NULL),(505,NULL,1,NULL,NULL,NULL,NULL,NULL,NULL,NULL,1,3900,3545,355,NULL,'order',NULL,'normal','cash','Y',NULL,'N','N',NULL,NULL,NULL,'N',NULL,'2019-03-06 08:46:01','2019-03-06 08:46:01',NULL),(506,NULL,1,NULL,NULL,NULL,NULL,NULL,NULL,NULL,1,3900,3545,355,NULL,'order',NULL,'normal','cash','Y',NULL,'N','N',NULL,NULL,NULL,'N',NULL,'2019-03-06 08:46:41','2019-03-06 08:46:41',NULL),(507,NULL,1,NULL,NULL,NULL,NULL,NULL,NULL,NULL,1,4500,4091,409,NULL,'order',NULL,'normal','cash','N',NULL,'N','N',NULL,NULL,NULL,'N',NULL,'2019-03-06 08:49:11','2019-03-06 08:49:11',NULL),(508,NULL,1,NULL,NULL,NULL,NULL,NULL,NULL,NULL,1,3900,3545,355,NULL,'order',NULL,'normal','cash','Y',NULL,'N','N',NULL,NULL,NULL,'N',NULL,'2019-03-06 08:52:23','2019-03-06 08:52:23',NULL),(509,NULL,1,NULL,NULL,NULL,NULL,NULL,NULL,NULL,1,3900,3545,355,NULL,'order',NULL,'normal','cash','Y',NULL,'N','N',NULL,NULL,NULL,'N',NULL,'2019-03-06 08:52:31','2019-03-06 08:52:31',NULL),(510,NULL,1,NULL,NULL,NULL,NULL,NULL,NULL,NULL,1,3900,3545,355,NULL,'order',NULL,'normal','cash','Y',NULL,'N','N',NULL,NULL,NULL,'N',NULL,'2019-03-06 08:53:07','2019-03-06 08:53:07',NULL),(511,NULL,1,NULL,NULL,NULL,NULL,NULL,NULL,NULL,1,4500,4091,409,NULL,'order',NULL,'normal','cash','N',NULL,'N','N',NULL,NULL,NULL,'N',NULL,'2019-03-06 08:55:16','2019-03-06 08:55:16',NULL),(512,NULL,1,NULL,NULL,NULL,NULL,NULL,NULL,NULL,1,4500,4091,409,NULL,'order',NULL,'normal','cash','N',NULL,'N','N',NULL,NULL,NULL,'N',NULL,'2019-03-06 08:55:27','2019-03-06 08:55:27',NULL),(513,NULL,1,NULL,7,NULL,NULL,NULL,NULL,NULL,1,54000,49091,4909,NULL,'cancel',NULL,'normal','cash','N',NULL,'N','N',NULL,0,0,'N',NULL,'2019-03-06 09:10:20','2019-03-06 09:11:52',NULL),(514,NULL,1,NULL,8,NULL,NULL,NULL,NULL,NULL,1,54000,49091,4909,NULL,'cancel',NULL,'normal','cash','N',NULL,'N','N',NULL,0,0,'N',NULL,'2019-03-06 09:12:36','2019-03-06 09:12:39',NULL),(515,NULL,1,NULL,9,NULL,NULL,NULL,NULL,NULL,1,54000,49091,4909,NULL,'cancel',NULL,'normal','cash','N',NULL,'N','N',NULL,0,0,'N',NULL,'2019-03-06 09:12:48','2019-03-06 09:13:31',NULL),(516,1,1,54000,1,NULL,NULL,NULL,NULL,NULL,1,54000,49091,4909,NULL,'pay',NULL,'point','point','N',NULL,'N','N',NULL,NULL,NULL,'N',NULL,'2019-03-07 01:03:27','2019-03-07 01:03:29',NULL),(526,NULL,1,54400,NULL,NULL,NULL,NULL,NULL,NULL,2,54400,49455,4945,NULL,'order',NULL,'point','point','Y',NULL,'N','N',NULL,NULL,NULL,'N',NULL,'2019-03-07 02:32:09','2019-03-07 02:32:09',NULL),(527,1,1,400,2,NULL,NULL,NULL,NULL,NULL,1,400,364,36,NULL,'pay',NULL,'point','point','Y',NULL,'N','N',NULL,NULL,NULL,'N',NULL,'2019-03-07 02:32:31','2019-03-07 02:32:39',NULL),(528,NULL,1,NULL,3,NULL,'30037465','2019-03-07 13:33:19','KB국민카드','516453**********',1,53400,48545,4855,'00','pay',NULL,'normal','credit','Y',NULL,'N','N','02101000000000000010040000000000000000000000000030037465    19030713331902KB국민카드          02KB국민카드          00039002498    2393300001          IC카드 정상승인 30037465                                                                                       516453**********023933000010307133308                    ',NULL,NULL,'N','/images/2019/03/07/1551933200016.bmp','2019-03-07 04:33:06','2019-03-07 04:33:20',NULL),(529,NULL,1,NULL,4,NULL,'30037476','2019-03-07 13:34:11','KB국민카드','516453**********',1,53400,48545,4855,'00','pay',NULL,'normal','credit','Y',NULL,'N','N','02101000000000000010040000000000000000000000000030037476    19030713341102KB국민카드          02KB국민카드          00039002498    2393300001          IC카드 정상승인 30037476                                                                                       516453**********023933000010307133401                    ',NULL,NULL,'N','/images/2019/03/07/1551933252064.bmp','2019-03-07 04:34:00','2019-03-07 04:34:12',NULL),(530,NULL,1,NULL,NULL,NULL,NULL,NULL,NULL,NULL,1,54000,49091,4909,'00','order',NULL,'normal','credit','N',NULL,'N','N',NULL,NULL,NULL,'N',NULL,'2019-03-07 04:39:41','2019-03-07 04:39:41',NULL),(531,NULL,1,NULL,5,NULL,'30037487','2019-03-07 13:45:03','KB국민카드','516453**********',1,54000,49091,4909,'00','pay',NULL,'normal','credit','N',NULL,'N','N','02101000000000000010040000000000000000000000000030037487    19030713450302KB국민카드          02KB국민카드          00039002498    2393300001          IC카드 정상승인 30037487                                                                                       516453**********023933000010307134456                    ',NULL,NULL,'N','/images/2019/03/07/1551933923718.bmp','2019-03-07 04:44:54','2019-03-07 04:45:23',NULL),(532,NULL,1,NULL,6,NULL,'30037498','2019-03-07 13:56:30','KB국민카드','516453**********',1,400,364,36,'00','pay',NULL,'normal','credit','Y',NULL,'N','N','02101000000000000010040000000000000000000000000030037498    19030713563002KB국민카드          02KB국민카드          00039002498    2393300001          IC카드 정상승인 30037498                                                                                       516453**********023933000010307135611                    ',NULL,NULL,'N',NULL,'2019-03-07 04:56:09','2019-03-07 04:56:31',NULL),(533,4,1,400,7,NULL,NULL,NULL,NULL,NULL,1,400,364,36,NULL,'pay',NULL,'point','point','Y',NULL,'N','N',NULL,NULL,NULL,'N',NULL,'2019-03-07 04:59:02','2019-03-07 04:59:11',NULL),(534,NULL,1,NULL,8,NULL,'30037500','2019-03-07 14:18:39','KB국민카드','516453**********',1,53400,48545,4855,'00','pay',NULL,'normal','credit','Y',NULL,'N','N','02101000000000000010040000000000000000000000000030037500    19030714183902KB국민카드          02KB국민카드          00039002498    2393300001          IC카드 정상승인 30037500                                                                                       516453**********023933000010307141832                    ',NULL,NULL,'N','/images/2019/03/07/1551935920864.bmp','2019-03-07 05:18:30','2019-03-07 05:18:40',NULL),(535,NULL,1,NULL,9,NULL,'30037511','2019-03-07 14:19:47','KB국민카드','516453**********',1,400,364,36,'00','pay',NULL,'normal','credit','Y',NULL,'N','N','02101000000000000010040000000000000000000000000030037511    19030714194702KB국민카드          02KB국민카드          00039002498    2393300001          IC카드 정상승인 30037511                                                                                       516453**********023933000010307141938                    ',NULL,NULL,'N',NULL,'2019-03-07 05:19:37','2019-03-07 05:19:48',NULL),(536,NULL,1,NULL,NULL,NULL,NULL,NULL,NULL,NULL,1,53400,48545,4855,NULL,'order',NULL,'prepayment','prepayment','Y',NULL,'N','N',NULL,NULL,NULL,'N',NULL,'2019-03-07 05:22:38','2019-03-07 05:22:38',NULL),(537,1,1,NULL,10,NULL,NULL,NULL,NULL,NULL,1,400,364,36,NULL,'pay',NULL,'prepayment','prepayment','Y',NULL,'N','N',NULL,NULL,NULL,'N',NULL,'2019-03-07 05:23:11','2019-03-07 05:23:15',NULL),(538,1,1,NULL,11,NULL,NULL,NULL,NULL,NULL,1,400,364,36,NULL,'pay',NULL,'prepayment','prepayment','Y',NULL,'N','N',NULL,NULL,NULL,'N',NULL,'2019-03-07 05:26:56','2019-03-07 05:27:57',NULL),(539,1,1,NULL,12,NULL,NULL,NULL,NULL,NULL,1,53400,48545,4855,NULL,'pay',NULL,'prepayment','prepayment','Y',NULL,'N','N',NULL,NULL,NULL,'N',NULL,'2019-03-07 05:31:21','2019-03-07 05:31:26',NULL),(540,1,1,NULL,13,NULL,NULL,NULL,NULL,NULL,1,1000,909,91,NULL,'pay',NULL,'prepayment','prepayment','N',NULL,'N','N',NULL,NULL,NULL,'N',NULL,'2019-03-07 05:32:22','2019-03-07 05:32:25',NULL),(541,1,1,400,14,NULL,NULL,NULL,NULL,NULL,1,400,364,36,NULL,'pay',NULL,'point','point','Y',NULL,'N','N',NULL,NULL,NULL,'N',NULL,'2019-03-07 05:33:26','2019-03-07 05:33:30',NULL),(542,NULL,1,1000,NULL,NULL,NULL,NULL,NULL,NULL,1,1000,909,91,NULL,'order',NULL,'point','point','N',NULL,'N','N',NULL,NULL,NULL,'N',NULL,'2019-03-07 05:33:56','2019-03-07 05:33:56',NULL),(543,NULL,1,1000,NULL,NULL,NULL,NULL,NULL,NULL,1,1000,909,91,NULL,'order',NULL,'point','point','N',NULL,'N','N',NULL,NULL,NULL,'N',NULL,'2019-03-07 05:34:48','2019-03-07 05:34:48',NULL),(544,NULL,1,1000,NULL,NULL,NULL,NULL,NULL,NULL,1,1000,909,91,NULL,'order',NULL,'point','point','N',NULL,'N','N',NULL,NULL,NULL,'N',NULL,'2019-03-07 05:51:47','2019-03-07 05:51:47',NULL),(545,NULL,1,NULL,NULL,NULL,NULL,NULL,NULL,NULL,1,54000,49091,4909,NULL,'order',NULL,'prepayment','prepayment','N',NULL,'N','N',NULL,NULL,NULL,'N',NULL,'2019-03-07 05:52:53','2019-03-07 05:52:53',NULL),(546,NULL,1,54000,NULL,NULL,NULL,NULL,NULL,NULL,1,54000,49091,4909,NULL,'order',NULL,'point','point','N',NULL,'N','N',NULL,NULL,NULL,'N',NULL,'2019-03-07 05:53:09','2019-03-07 05:53:09',NULL),(547,NULL,1,54000,NULL,NULL,NULL,NULL,NULL,NULL,1,54000,49091,4909,NULL,'order',NULL,'point','point','N',NULL,'N','N',NULL,NULL,NULL,'N',NULL,'2019-03-07 05:53:18','2019-03-07 05:53:18',NULL),(548,NULL,1,54000,NULL,NULL,NULL,NULL,NULL,NULL,1,54000,49091,4909,NULL,'order',NULL,'point','point','N',NULL,'N','N',NULL,NULL,NULL,'N',NULL,'2019-03-07 05:54:56','2019-03-07 05:54:56',NULL),(549,NULL,1,54000,NULL,NULL,NULL,NULL,NULL,NULL,1,54000,49091,4909,NULL,'order',NULL,'point','point','N',NULL,'N','N',NULL,NULL,NULL,'N',NULL,'2019-03-07 05:55:38','2019-03-07 05:55:38',NULL),(550,NULL,1,54000,NULL,NULL,NULL,NULL,NULL,NULL,1,54000,49091,4909,NULL,'order',NULL,'point','point','N',NULL,'N','N',NULL,NULL,NULL,'N',NULL,'2019-03-07 06:31:43','2019-03-07 06:31:43',NULL),(551,NULL,1,54000,NULL,NULL,NULL,NULL,NULL,NULL,1,54000,49091,4909,NULL,'order',NULL,'point','point','N',NULL,'N','N',NULL,NULL,NULL,'N',NULL,'2019-03-07 06:31:53','2019-03-07 06:31:53',NULL),(552,1,1,800,15,NULL,NULL,NULL,NULL,NULL,2,800,727,73,NULL,'pay',NULL,'point','point','Y',NULL,'N','N',NULL,NULL,NULL,'N',NULL,'2019-03-07 06:32:22','2019-03-07 06:32:24',NULL),(553,4,1,400,16,NULL,NULL,NULL,NULL,NULL,1,400,364,36,NULL,'pay',NULL,'point','point','Y',NULL,'N','N',NULL,NULL,NULL,'N',NULL,'2019-03-07 07:41:31','2019-03-07 07:41:36',NULL),(554,NULL,1,NULL,NULL,NULL,NULL,NULL,NULL,NULL,1,4400,4000,400,'00','order',NULL,'normal','credit','Y',NULL,'N','N',NULL,NULL,NULL,'N',NULL,'2019-03-08 01:44:30','2019-03-08 01:44:30',NULL),(555,NULL,1,NULL,1,NULL,'12435978','2019-03-11 12:43:37','수협체크','621640**********',1,53400,48545,4855,'00','pay',NULL,'normal','credit','Y',NULL,'N','N','02101000000000000010040000000000000000000000000012435978    19031112433713수협체크            01비씨카드            720410010      2393300001          IC카드 정상승인 12435978                                                                                       621640**********123933000010311124328                    ',NULL,NULL,'N',NULL,'2019-03-11 03:43:25','2019-03-11 03:43:39',NULL),(558,NULL,1,NULL,NULL,NULL,NULL,NULL,NULL,NULL,18,103500,94091,9409,NULL,'order',NULL,'normal','cash','N',NULL,'N','N',NULL,NULL,NULL,'N',NULL,'2019-03-11 04:17:04','2019-03-11 04:17:04',NULL),(559,NULL,1,NULL,NULL,NULL,NULL,NULL,NULL,NULL,1,54000,49091,4909,'02','order',NULL,'normal','credit','N',NULL,'N','N',NULL,NULL,NULL,'N',NULL,'2019-03-12 02:44:56','2019-03-12 02:44:56',NULL),(560,NULL,1,NULL,1,NULL,NULL,NULL,NULL,NULL,1,54000,49091,4909,'02','cancel',NULL,'normal','credit','N',NULL,'N','N','021010797900000000100400000000000000000000000002                        29하나카드                                                 2393300001         나이스체크                              미등록가맹점                                                            457047********** 23933000010312131641                    ',NULL,NULL,'N','/images/2019/03/12/1552364211670.bmp','2019-03-12 04:16:39','2019-03-12 04:16:51',NULL),(561,NULL,1,NULL,2,NULL,'39584187','2019-03-12 13:23:59','하나카드','457047**********',3,6500,5909,591,'00','pay',NULL,'normal','credit','N',NULL,'N','N','02101000000000000010040000000000000000000000000039584187    19031213235929하나카드            29하나카드            8102776786     2393300001          IC카드 정상승인 39584187                                                                                       457047**********023933000010312132349                    ',NULL,NULL,'N',NULL,'2019-03-12 04:23:48','2019-03-12 04:24:00',NULL),(562,1,1,NULL,3,NULL,NULL,NULL,NULL,NULL,2,5500,5000,500,NULL,'pay',NULL,'prepayment','prepayment','N',NULL,'N','N',NULL,NULL,NULL,'N',NULL,'2019-03-12 04:28:59','2019-03-12 04:30:37',NULL),(563,1,1,NULL,4,NULL,NULL,NULL,NULL,NULL,3,5900,5364,536,NULL,'pay',NULL,'prepayment','prepayment','Y',NULL,'N','N',NULL,NULL,NULL,'N',NULL,'2019-03-12 04:31:11','2019-03-12 04:31:14',NULL),(564,1,1,NULL,5,NULL,NULL,NULL,NULL,NULL,4,7500,6818,682,NULL,'pay',NULL,'prepayment','prepayment','N',NULL,'N','N',NULL,NULL,NULL,'N',NULL,'2019-03-12 04:33:09','2019-03-12 04:33:11',NULL),(565,1,1,NULL,6,NULL,NULL,NULL,NULL,NULL,1,3900,3545,355,NULL,'pay',NULL,'prepayment','prepayment','Y',NULL,'N','N',NULL,NULL,NULL,'N',NULL,'2019-03-12 04:33:30','2019-03-12 04:33:31',NULL),(566,NULL,1,NULL,NULL,NULL,NULL,NULL,NULL,NULL,1,54000,49091,4909,'02','order',NULL,'normal','credit','N',NULL,'N','N',NULL,NULL,NULL,'N',NULL,'2019-03-12 04:38:14','2019-03-12 04:38:14',NULL),(567,NULL,1,NULL,7,NULL,NULL,NULL,NULL,NULL,1,54000,49091,4909,'02','cancel',NULL,'normal','credit','N',NULL,'N','N','021010797900000000100400000000000000000000000002                        29하나카드                                                 2393300001         나이스체크                              미등록가맹점                                                            457047********** 23933000010312133847                    ',NULL,NULL,'N','/images/2019/03/12/1552365534952.bmp','2019-03-12 04:38:45','2019-03-12 04:38:55',NULL),(568,NULL,1,NULL,8,NULL,NULL,NULL,NULL,NULL,1,54000,49091,4909,'02','cancel',NULL,'normal','credit','N',NULL,'N','N','021010797900000000100400000000000000000000000002                        29하나카드                                                 2393300001         나이스체크                              미등록가맹점                                                            457047********** 23933000010312134154                    ',NULL,NULL,'N','/images/2019/03/12/1552365721020.bmp','2019-03-12 04:41:52','2019-03-12 04:42:01',NULL),(569,NULL,1,NULL,9,NULL,NULL,NULL,NULL,NULL,1,54000,49091,4909,'02','cancel',NULL,'normal','credit','N',NULL,'N','N','021010797900000000100400000000000000000000000002                        29하나카드                                                 2393300001         나이스체크                              미등록가맹점                                                            457047********** 23933000010312134424                    ',NULL,NULL,'N',NULL,'2019-03-12 04:44:22','2019-03-12 04:44:39',NULL),(570,NULL,1,NULL,NULL,NULL,NULL,NULL,NULL,NULL,1,1400,1273,127,NULL,'order',NULL,'normal','cash','Y',NULL,'N','N',NULL,NULL,NULL,'N',NULL,'2019-03-12 06:51:39','2019-03-12 06:51:39',NULL),(571,NULL,1,NULL,NULL,NULL,NULL,NULL,NULL,NULL,2,56000,50909,5091,NULL,'order',NULL,'normal','cash','Y',NULL,'N','N',NULL,NULL,NULL,'N',NULL,'2019-03-12 06:51:59','2019-03-12 06:51:59',NULL),(572,NULL,1,NULL,NULL,NULL,NULL,NULL,NULL,NULL,1,4500,4091,409,NULL,'order',NULL,'normal','cash','Y',NULL,'N','N',NULL,NULL,NULL,'N',NULL,'2019-03-12 06:55:16','2019-03-12 06:55:16',NULL),(573,NULL,1,NULL,NULL,NULL,NULL,NULL,NULL,NULL,1,4500,4091,409,'00','order',NULL,'normal','credit','Y',NULL,'N','N',NULL,NULL,NULL,'N',NULL,'2019-03-12 06:55:18','2019-03-12 06:55:18',NULL),(574,NULL,1,NULL,NULL,NULL,NULL,NULL,NULL,NULL,1,7500,6818,682,'00','order',NULL,'normal','credit','N',NULL,'N','N',NULL,NULL,NULL,'N',NULL,'2019-03-12 08:29:14','2019-03-12 08:29:14',NULL),(575,NULL,1,NULL,NULL,NULL,NULL,NULL,NULL,NULL,2,9000,8182,818,'00','order',NULL,'normal','credit','N',NULL,'N','N',NULL,NULL,NULL,'N',NULL,'2019-03-14 07:28:25','2019-03-14 07:28:25',NULL),(576,NULL,1,NULL,NULL,NULL,NULL,NULL,NULL,NULL,1,8000,7273,727,'00','order',NULL,'normal','credit','N',NULL,'N','N',NULL,NULL,NULL,'N',NULL,'2019-03-14 07:28:43','2019-03-14 07:28:43',NULL),(577,NULL,1,NULL,NULL,NULL,NULL,NULL,NULL,NULL,1,8000,7273,727,'00','order',NULL,'normal','credit','N',NULL,'N','N',NULL,NULL,NULL,'N',NULL,'2019-03-14 07:32:25','2019-03-14 07:32:25',NULL),(578,NULL,1,60000,NULL,NULL,NULL,NULL,NULL,NULL,1,60000,54545,5455,NULL,'order',NULL,'point','point','N',NULL,'N','N',NULL,NULL,NULL,'N',NULL,'2019-03-14 07:33:29','2019-03-14 07:33:29',NULL),(579,1,1,NULL,1,NULL,NULL,NULL,NULL,NULL,1,60000,54545,5455,NULL,'pay',NULL,'prepayment','prepayment','N',NULL,'N','N',NULL,NULL,NULL,'N',NULL,'2019-03-14 07:33:53','2019-03-14 07:33:59',NULL),(580,NULL,1,NULL,NULL,NULL,NULL,NULL,NULL,NULL,1,60000,54545,5455,NULL,'order',NULL,'normal','cash','N',NULL,'N','N',NULL,NULL,NULL,'N',NULL,'2019-03-14 07:34:47','2019-03-14 07:34:47',NULL),(581,NULL,1,NULL,2,NULL,NULL,NULL,NULL,NULL,1,12000,10909,1091,NULL,'cancel',NULL,'normal','cash','N',NULL,'N','N',NULL,0,0,'N',NULL,'2019-03-14 07:34:58','2019-03-14 07:35:03',NULL),(582,NULL,1,NULL,NULL,NULL,NULL,NULL,NULL,NULL,1,12000,10909,1091,'00','order',NULL,'normal','credit','N',NULL,'N','N',NULL,NULL,NULL,'N',NULL,'2019-03-14 07:35:04','2019-03-14 07:35:04',NULL),(583,1,1,4500,3,NULL,NULL,NULL,NULL,NULL,1,4500,4091,409,NULL,'pay',NULL,'point','point','N',NULL,'N','N',NULL,NULL,NULL,'N',NULL,'2019-03-14 08:03:45','2019-03-14 08:04:15',NULL),(584,NULL,1,NULL,NULL,NULL,NULL,NULL,NULL,NULL,1,3000,2727,273,'00','order',NULL,'normal','credit','N',NULL,'N','N',NULL,NULL,NULL,'N',NULL,'2019-03-14 09:00:28','2019-03-14 09:00:28',NULL),(585,NULL,1,NULL,NULL,NULL,NULL,NULL,NULL,NULL,1,3000,2727,273,NULL,'order',NULL,'normal','cash','N',NULL,'N','N',NULL,NULL,NULL,'N',NULL,'2019-03-14 09:00:45','2019-03-14 09:00:45',NULL),(586,NULL,1,NULL,4,NULL,'18018653','2019-03-14 18:01:13','수협체크','621640**********',1,3000,2727,273,'00','pay',NULL,'normal','credit','N',NULL,'N','N','02101000000000000010040000000000000000000000000018018653    19031418011313수협체크            01비씨카드            720410010      2393300001          IC카드 정상승인 18018653                                                                                       621640**********123933000010314180054                    ',NULL,NULL,'N',NULL,'2019-03-14 09:00:50','2019-03-14 09:01:14',NULL),(587,NULL,1,NULL,5,NULL,'18018654','2019-03-14 18:01:34','수협체크','621640**********',1,3000,2727,273,'00','pay',NULL,'normal','credit','N',NULL,'N','N','02101000000000000010040000000000000000000000000018018654    19031418013413수협체크            01비씨카드            720410010      2393300001          IC카드 정상승인 18018654                                                                                       621640**********123933000010314180128                    ',NULL,NULL,'N',NULL,'2019-03-14 09:01:25','2019-03-14 09:01:35',NULL),(588,NULL,1,NULL,6,NULL,'18028655','2019-03-14 18:02:03','수협체크','621640**********',1,3000,2727,273,'00','pay',NULL,'normal','credit','N',NULL,'N','N','02101000000000000010040000000000000000000000000018028655    19031418020313수협체크            01비씨카드            720410010      2393300001          IC카드 정상승인 18028655                                                                                       621640**********123933000010314180158                    ',NULL,NULL,'N',NULL,'2019-03-14 09:01:55','2019-03-14 09:02:04',NULL),(589,NULL,1,NULL,7,NULL,'18028656','2019-03-14 18:02:44','수협체크','621640**********',1,5000,4545,455,'00','pay',NULL,'normal','credit','N',NULL,'N','N','02101000000000000010040000000000000000000000000018028656    19031418024413수협체크            01비씨카드            720410010      2393300001          IC카드 정상승인 18028656                                                                                       621640**********123933000010314180239                    ',NULL,NULL,'N',NULL,'2019-03-14 09:02:35','2019-03-14 09:02:45',NULL),(590,NULL,1,NULL,8,NULL,'18278680','2019-03-14 18:27:18','수협체크','621640**********',11,55000,50000,5000,'00','pay',NULL,'normal','credit','N',NULL,'N','N','02101000000000000010040000000000000000000000000018278680    19031418271813수협체크            01비씨카드            720410010      2393300001          IC카드 정상승인 18278680                                                                                       621640**********123933000010314182709                    ',NULL,NULL,'N',NULL,'2019-03-14 09:27:09','2019-03-14 09:27:19',NULL),(591,NULL,1,NULL,9,NULL,'18278681','2019-03-14 18:27:46','수협체크','621640**********',11,55000,50000,5000,'00','pay',NULL,'normal','credit','N',NULL,'N','N','02101000000000000010040000000000000000000000000018278681    19031418274613수협체크            01비씨카드            720410010      2393300001          IC카드 정상승인 18278681                                                                                       621640**********123933000010314182738                    ',NULL,NULL,'N',NULL,'2019-03-14 09:27:38','2019-03-14 09:27:47',NULL),(592,NULL,1,NULL,10,NULL,'18338682','2019-03-14 18:33:41','수협체크','621640**********',6,17500,15909,1591,'00','pay',NULL,'normal','credit','N',NULL,'N','N','02101000000000000010040000000000000000000000000018338682    19031418334113수협체크            01비씨카드            720410010      2393300001          IC카드 정상승인 18338682                                                                                       621640**********123933000010314183326                    ',NULL,NULL,'N',NULL,'2019-03-14 09:33:26','2019-03-14 09:33:42',NULL),(593,NULL,1,NULL,11,NULL,'18348684','2019-03-14 18:34:25','수협체크','621640**********',13,54500,49545,4955,'00','pay',NULL,'normal','credit','N',NULL,'N','N','02101000000000000010040000000000000000000000000018348684    19031418342513수협체크            01비씨카드            720410010      2393300001          IC카드 정상승인 18348684                                                                                       621640**********123933000010314183417                    ',NULL,NULL,'N',NULL,'2019-03-14 09:34:17','2019-03-14 09:34:27',NULL),(594,NULL,1,NULL,NULL,NULL,NULL,NULL,NULL,NULL,12,60000,54545,5455,NULL,'order',NULL,'normal','cash','N',NULL,'N','N',NULL,NULL,NULL,'N',NULL,'2019-03-14 09:34:55','2019-03-14 09:34:55',NULL),(595,NULL,1,NULL,NULL,NULL,NULL,NULL,NULL,NULL,12,60000,54545,5455,'00','order',NULL,'normal','credit','N',NULL,'N','N',NULL,NULL,NULL,'N',NULL,'2019-03-14 09:35:01','2019-03-14 09:35:01',NULL),(596,NULL,1,NULL,NULL,NULL,NULL,NULL,NULL,NULL,11,55000,50000,5000,'00','order',NULL,'normal','credit','N',NULL,'N','N',NULL,NULL,NULL,'N',NULL,'2019-03-14 09:35:20','2019-03-14 09:35:20',NULL),(597,NULL,1,NULL,12,NULL,NULL,NULL,NULL,NULL,11,55000,50000,5000,'03','cancel',NULL,'normal','credit','N',NULL,'N','N','021010803200000000100400000000000000000000000003                        13                    01비씨카드            720410010      2393300001         할부불가금액                            다시하십시오                                                            621640********** 23933000010314183536                    ',NULL,NULL,'N',NULL,'2019-03-14 09:35:36','2019-03-14 09:35:47',NULL),(598,NULL,1,NULL,NULL,NULL,NULL,NULL,NULL,NULL,14,57100,51909,5191,'00','order',NULL,'normal','credit','N',NULL,'N','N',NULL,NULL,NULL,'N',NULL,'2019-03-14 09:39:56','2019-03-14 09:39:56',NULL),(599,NULL,1,NULL,13,NULL,'18498697','2019-03-14 18:49:38','수협체크','621640**********',14,57100,51909,5191,'00','pay',NULL,'normal','credit','N',NULL,'N','N','02101000000000000010040000000000000000000000000018498697    19031418493813수협체크            01비씨카드            720410010      2393300001          IC카드 정상승인 18498697                                                                                       621640**********123933000010314184931                    ',NULL,NULL,'N',NULL,'2019-03-14 09:49:31','2019-03-14 09:49:39',NULL),(600,NULL,1,NULL,14,NULL,'20508702','2019-03-14 20:50:15','수협체크','621640**********',1,3600,3273,327,'00','pay',NULL,'normal','credit','N',NULL,'N','N','02101000000000000010040000000000000000000000000020508702    19031420501513수협체크            01비씨카드            720410010      2393300001          IC카드 정상승인 20508702                                                                                       621640**********123933000010314205002                    ',NULL,NULL,'N',NULL,'2019-03-14 11:50:01','2019-03-14 11:50:17',NULL),(601,NULL,1,4400,NULL,NULL,NULL,NULL,NULL,NULL,1,4400,4000,400,NULL,'order',NULL,'point','point','Y',NULL,'N','N',NULL,NULL,NULL,'N',NULL,'2019-03-14 11:53:50','2019-03-14 11:53:50',NULL),(602,NULL,1,NULL,15,NULL,'20548703','2019-03-14 20:54:24','수협체크','621640**********',1,4400,4000,400,'00','pay',NULL,'normal','credit','Y',NULL,'N','N','02101000000000000010040000000000000000000000000020548703    19031420542413수협체크            01비씨카드            720410010      2393300001          IC카드 정상승인 20548703                                                                                       621640**********123933000010314205414                    ',NULL,NULL,'N',NULL,'2019-03-14 11:54:13','2019-03-14 11:54:25',NULL),(603,NULL,1,NULL,NULL,NULL,NULL,NULL,NULL,NULL,1,3000,2727,273,'00','order',NULL,'normal','credit','N',NULL,'N','N',NULL,NULL,NULL,'N',NULL,'2019-03-14 11:56:17','2019-03-14 11:56:17',NULL),(604,NULL,1,NULL,NULL,NULL,NULL,NULL,NULL,NULL,1,5000,4545,455,NULL,'order',NULL,'normal','cash','N',NULL,'N','N',NULL,NULL,NULL,'N',NULL,'2019-03-14 11:56:28','2019-03-14 11:56:28',NULL),(605,NULL,1,NULL,16,NULL,'20568704','2019-03-14 20:56:46','수협체크','621640**********',1,5000,4545,455,'00','pay',NULL,'normal','credit','N',NULL,'N','N','02101000000000000010040000000000000000000000000020568704    19031420564613수협체크            01비씨카드            720410010      2393300001          IC카드 정상승인 20568704                                                                                       621640**********123933000010314205635                    ',NULL,NULL,'N',NULL,'2019-03-14 11:56:35','2019-03-14 11:56:48',NULL),(606,NULL,1,NULL,17,NULL,'21028705','2019-03-14 21:02:22','수협체크','621640**********',1,5000,4545,455,'00','pay',NULL,'normal','credit','N',NULL,'N','N','02101000000000000010040000000000000000000000000021028705    19031421022213수협체크            01비씨카드            720410010      2393300001          IC카드 정상승인 21028705                                                                                       621640**********123933000010314210216                    ',NULL,NULL,'N',NULL,'2019-03-14 12:02:16','2019-03-14 12:02:24',NULL),(607,NULL,1,NULL,18,NULL,'21028706','2019-03-14 21:02:56','수협체크','621640**********',1,3000,2727,273,'00','pay',NULL,'normal','credit','N',NULL,'N','N','02101000000000000010040000000000000000000000000021028706    19031421025613수협체크            01비씨카드            720410010      2393300001          IC카드 정상승인 21028706                                                                                       621640**********123933000010314210249                    ',NULL,NULL,'N',NULL,'2019-03-14 12:02:48','2019-03-14 12:02:57',NULL),(608,NULL,1,NULL,NULL,NULL,NULL,NULL,NULL,NULL,1,7500,6818,682,'00','order',NULL,'normal','credit','N',NULL,'N','N',NULL,NULL,NULL,'N',NULL,'2019-03-18 02:27:52','2019-03-18 02:27:52',NULL),(609,4,1,NULL,1,NULL,NULL,NULL,NULL,NULL,2,8400,7636,764,NULL,'pay',NULL,'prepayment','prepayment','Y',NULL,'N','N',NULL,NULL,NULL,'N',NULL,'2019-03-18 09:05:04','2019-03-18 09:05:06',NULL),(610,NULL,1,NULL,NULL,NULL,NULL,NULL,NULL,NULL,1,20000,18182,1818,NULL,'order',NULL,'prepayment','prepayment','N',NULL,'N','N',NULL,NULL,NULL,'N',NULL,'2019-03-19 00:24:52','2019-03-19 00:24:52',NULL),(611,NULL,1,NULL,NULL,NULL,NULL,NULL,NULL,NULL,1,20000,18182,1818,NULL,'order',NULL,'prepayment','prepayment','N',NULL,'N','N',NULL,NULL,NULL,'N',NULL,'2019-03-19 00:25:38','2019-03-19 00:25:38',NULL),(612,NULL,1,NULL,NULL,NULL,NULL,NULL,NULL,NULL,1,20000,18182,1818,NULL,'order',NULL,'prepayment','prepayment','N',NULL,'N','N',NULL,NULL,NULL,'N',NULL,'2019-03-19 00:26:31','2019-03-19 00:26:31',NULL),(613,NULL,1,NULL,NULL,NULL,NULL,NULL,NULL,NULL,1,20000,18182,1818,NULL,'order',NULL,'prepayment','prepayment','N',NULL,'N','N',NULL,NULL,NULL,'N',NULL,'2019-03-19 00:29:24','2019-03-19 00:29:24',NULL),(614,NULL,1,NULL,NULL,NULL,NULL,NULL,NULL,NULL,1,20000,18182,1818,NULL,'order',NULL,'prepayment','prepayment','N',NULL,'N','N',NULL,NULL,NULL,'N',NULL,'2019-03-19 00:30:02','2019-03-19 00:30:02',NULL),(615,NULL,1,NULL,NULL,NULL,NULL,NULL,NULL,NULL,1,20000,18182,1818,NULL,'order',NULL,'prepayment','prepayment','N',NULL,'N','N',NULL,NULL,NULL,'N',NULL,'2019-03-19 00:30:14','2019-03-19 00:30:14',NULL),(616,NULL,1,NULL,NULL,NULL,NULL,NULL,NULL,NULL,1,3600,3273,327,NULL,'order',NULL,'prepayment','prepayment','N',NULL,'N','N',NULL,NULL,NULL,'N',NULL,'2019-03-19 00:36:23','2019-03-19 00:36:23',NULL),(617,4,1,NULL,1,NULL,NULL,NULL,NULL,NULL,1,5000,4545,455,NULL,'pay',NULL,'prepayment','prepayment','N',NULL,'N','N',NULL,NULL,NULL,'N',NULL,'2019-03-19 00:42:48','2019-03-19 00:42:51',NULL),(618,NULL,1,NULL,NULL,NULL,NULL,NULL,NULL,NULL,1,5000,4545,455,NULL,'order',NULL,'prepayment','prepayment','N',NULL,'N','N',NULL,NULL,NULL,'N',NULL,'2019-03-19 00:45:29','2019-03-19 00:45:29',NULL),(619,4,1,NULL,2,NULL,NULL,NULL,NULL,NULL,1,3600,3273,327,NULL,'pay',NULL,'prepayment','prepayment','N',NULL,'N','N',NULL,NULL,NULL,'N',NULL,'2019-03-19 00:46:04','2019-03-19 00:46:06',NULL),(620,4,1,NULL,5,NULL,NULL,NULL,NULL,NULL,1,6000,5455,545,NULL,'pay',NULL,'prepayment','prepayment','N',NULL,'N','N',NULL,NULL,NULL,'N',NULL,'2019-03-19 00:59:11','2019-03-19 01:10:41',NULL),(621,4,1,NULL,4,NULL,NULL,NULL,NULL,NULL,1,7000,6364,636,NULL,'pay',NULL,'prepayment','prepayment','N',NULL,'N','N',NULL,NULL,NULL,'N',NULL,'2019-03-19 01:07:05','2019-03-19 01:07:09',NULL),(622,4,1,NULL,6,NULL,NULL,NULL,NULL,NULL,1,7000,6364,636,NULL,'pay',NULL,'prepayment','prepayment','N',NULL,'N','N',NULL,NULL,NULL,'N',NULL,'2019-03-19 01:11:54','2019-03-19 01:11:59',NULL),(623,4,1,NULL,7,NULL,NULL,NULL,NULL,NULL,1,7000,6364,636,NULL,'pay',NULL,'prepayment','prepayment','N',NULL,'N','N',NULL,NULL,NULL,'N',NULL,'2019-03-19 01:21:35','2019-03-19 01:21:38',NULL),(624,4,1,NULL,8,NULL,NULL,NULL,NULL,NULL,1,7000,6364,636,NULL,'pay',NULL,'prepayment','prepayment','N',NULL,'N','N',NULL,NULL,NULL,'N',NULL,'2019-03-19 08:37:47','2019-03-19 08:37:52',NULL),(625,NULL,1,NULL,10,NULL,NULL,'2019-03-19 05:39:38',NULL,NULL,1,3000,2727,273,NULL,'cancel',NULL,'normal','cash','N',NULL,'N','N',NULL,0,0,'N',NULL,'2019-03-19 08:39:27','2019-03-19 08:40:03',NULL),(626,NULL,1,NULL,NULL,NULL,NULL,NULL,NULL,NULL,1,12000,10909,1091,'00','order',NULL,'normal','credit','N',NULL,'N','N',NULL,NULL,NULL,'N',NULL,'2019-03-20 01:54:21','2019-03-20 01:54:21',NULL),(627,NULL,1,NULL,1,NULL,'10550087','2019-03-20 10:55:07','수협체크','621640**********',1,12000,10909,1091,'00','cancel',NULL,'normal','credit','N',NULL,'N','N','04303000000000000010040000000000000000000000000010550087    19032012035113수협체크            01비씨카드            720410010      2393300001          IC카드 정상취소 10550087                                                                                       621640**********123933000010320120339                    ',NULL,NULL,'N',NULL,'2019-03-20 01:54:56','2019-03-20 03:03:52',NULL),(628,NULL,1,NULL,NULL,NULL,NULL,NULL,NULL,NULL,1,20000,18182,1818,NULL,'order',NULL,'normal','cash','N',NULL,'N','N',NULL,NULL,NULL,'N',NULL,'2019-03-20 02:52:45','2019-03-20 02:52:45',NULL),(629,NULL,1,NULL,NULL,NULL,NULL,NULL,NULL,NULL,1,20000,18182,1818,NULL,'order',NULL,'prepayment','prepayment','N',NULL,'N','N',NULL,NULL,NULL,'N',NULL,'2019-03-20 02:52:54','2019-03-20 02:52:54',NULL),(630,NULL,1,NULL,2,NULL,'11571172','2019-03-20 11:57:12','수협체크','621640**********',1,20000,18182,1818,'00','pay',NULL,'normal','credit','Y',NULL,'N','N','02101000000000000010040000000000000000000000000011571172    19032011571213수협체크            01비씨카드            720410010      2393300001          IC카드 정상승인 11571172                                                                                       621640**********123933000010320115700                    ',NULL,NULL,'N',NULL,'2019-03-20 02:57:00','2019-03-20 02:57:13',NULL),(631,NULL,1,NULL,NULL,NULL,NULL,NULL,NULL,NULL,1,3000,2727,273,NULL,'order',NULL,'normal','cash','N',NULL,'N','N',NULL,NULL,NULL,'N',NULL,'2019-03-20 02:59:56','2019-03-20 02:59:56',NULL),(632,NULL,1,NULL,NULL,NULL,NULL,NULL,NULL,NULL,1,3000,2727,273,'00','order',NULL,'normal','credit','N',NULL,'N','N',NULL,NULL,NULL,'N',NULL,'2019-03-20 03:00:06','2019-03-20 03:00:06',NULL),(633,7,1,NULL,NULL,NULL,NULL,NULL,NULL,NULL,NULL,500000,454545,45455,NULL,'pay',NULL,'prepayment','',NULL,NULL,'N','N',NULL,NULL,NULL,'N',NULL,'2019-03-20 03:23:56','2019-03-20 03:23:56',NULL),(634,7,1,NULL,NULL,NULL,NULL,NULL,NULL,NULL,NULL,500000,454545,45455,NULL,'pay',NULL,'prepayment','',NULL,NULL,'N','N',NULL,NULL,NULL,'N',NULL,'2019-03-20 03:24:20','2019-03-20 03:24:20',NULL),(635,7,1,NULL,NULL,NULL,NULL,NULL,NULL,NULL,NULL,50000,45455,4545,NULL,'pay',NULL,'prepayment','',NULL,NULL,'N','N',NULL,NULL,NULL,'N',NULL,'2019-03-20 03:25:26','2019-03-20 03:25:26',NULL),(636,NULL,1,NULL,NULL,NULL,NULL,NULL,NULL,NULL,1,5000,4545,455,NULL,'order',NULL,'prepayment','prepayment','N',NULL,'N','N',NULL,NULL,NULL,'N',NULL,'2019-03-20 03:25:47','2019-03-20 03:25:47',NULL),(637,7,1,NULL,NULL,NULL,NULL,NULL,NULL,NULL,NULL,3000,2727,273,NULL,'pay',NULL,'prepayment','cash',NULL,NULL,'N','N',NULL,NULL,NULL,'N',NULL,'2019-03-20 03:26:32','2019-03-20 03:26:32',NULL),(638,7,1,NULL,NULL,NULL,NULL,NULL,NULL,NULL,NULL,3000,2727,273,NULL,'cancel',NULL,'prepayment','cash',NULL,NULL,'N','N',NULL,NULL,NULL,'N',NULL,'2019-03-20 03:26:52','2019-03-21 03:53:27',NULL),(639,NULL,1,NULL,3,NULL,'16131285','2019-03-20 16:13:37','수협체크','621640**********',1,7000,6364,636,'00','pay',NULL,'normal','credit','N',NULL,'N','N','02101000000000000010040000000000000000000000000016131285    19032016133713수협체크            01비씨카드            720410010      2393300001          IC카드 정상승인 16131285                                                                                       621640**********123933000010320161326                    ',NULL,NULL,'N',NULL,'2019-03-20 07:13:25','2019-03-20 07:13:39',NULL),(640,NULL,1,NULL,4,NULL,'16171286','2019-03-20 16:17:41','수협체크','621640**********',1,7000,6364,636,'00','pay',NULL,'normal','credit','N',NULL,'N','N','02101000000000000010040000000000000000000000000016171286    19032016174113수협체크            01비씨카드            720410010      2393300001          IC카드 정상승인 16171286                                                                                       621640**********123933000010320161734                    ',NULL,NULL,'N',NULL,'2019-03-20 07:17:33','2019-03-20 07:17:43',NULL),(641,NULL,1,NULL,NULL,NULL,NULL,NULL,NULL,NULL,1,7000,6364,636,'00','order',NULL,'normal','credit','N',NULL,'N','N',NULL,NULL,NULL,'N',NULL,'2019-03-20 07:57:37','2019-03-20 07:57:37',NULL),(642,NULL,1,NULL,NULL,NULL,NULL,NULL,NULL,NULL,1,20000,18182,1818,'00','order',NULL,'normal','credit','N',NULL,'N','N',NULL,NULL,NULL,'N',NULL,'2019-03-20 07:57:48','2019-03-20 07:57:48',NULL),(643,NULL,1,NULL,5,NULL,'17001302','2019-03-20 17:00:16','수협체크','621640**********',1,7000,6364,636,'00','pay',NULL,'normal','credit','N',NULL,'N','N','02101000000000000010040000000000000000000000000017001302    19032017001613수협체크            01비씨카드            720410010      2393300001          IC카드 정상승인 17001302                                                                                       621640**********123933000010320170007                    ',NULL,NULL,'N',NULL,'2019-03-20 08:00:06','2019-03-20 08:00:17',NULL),(644,NULL,1,NULL,6,NULL,'17001303','2019-03-20 17:00:48','수협체크','621640**********',1,7000,6364,636,'00','pay',NULL,'normal','credit','N',NULL,'N','N','02101000000000000010040000000000000000000000000017001303    19032017004813수협체크            01비씨카드            720410010      2393300001          IC카드 정상승인 17001303                                                                                       621640**********123933000010320170040                    ',NULL,NULL,'N',NULL,'2019-03-20 08:00:39','2019-03-20 08:00:50',NULL),(645,NULL,1,NULL,7,NULL,'17141307','2019-03-20 17:14:52','수협체크','621640**********',1,6400,5818,582,'00','pay',NULL,'normal','credit','Y',NULL,'N','N','02101000000000000010040000000000000000000000000017141307    19032017145213수협체크            01비씨카드            720410010      2393300001          IC카드 정상승인 17141307                                                                                       621640**********123933000010320171438                    ',NULL,NULL,'N',NULL,'2019-03-20 08:14:37','2019-03-20 08:14:53',NULL),(646,NULL,1,NULL,8,NULL,'17291316','2019-03-20 17:29:23','수협체크','621640**********',1,6000,5455,545,'00','pay',NULL,'normal','credit','N',NULL,'N','N','02101000000000000010040000000000000000000000000017291316    19032017292313수협체크            01비씨카드            720410010      2393300001          IC카드 정상승인 17291316                                                                                       621640**********123933000010320172859                    ',NULL,NULL,'N',NULL,'2019-03-20 08:28:58','2019-03-20 08:29:25',NULL),(647,NULL,1,NULL,NULL,NULL,NULL,NULL,NULL,NULL,1,6000,5455,545,'00','order',NULL,'normal','credit','N',NULL,'N','N',NULL,NULL,NULL,'N',NULL,'2019-03-20 08:34:00','2019-03-20 08:34:00',NULL),(648,NULL,1,NULL,NULL,NULL,NULL,NULL,NULL,NULL,1,3000,2727,273,'00','order',NULL,'normal','credit','N',NULL,'N','N',NULL,NULL,NULL,'N',NULL,'2019-03-20 08:35:00','2019-03-20 08:35:00',NULL),(649,NULL,1,NULL,NULL,NULL,NULL,NULL,NULL,NULL,1,7000,6364,636,NULL,'order',NULL,'normal','cash','N',NULL,'N','N',NULL,NULL,NULL,'N',NULL,'2019-03-20 08:35:37','2019-03-20 08:35:37',NULL),(650,NULL,1,NULL,9,NULL,'17351318','2019-03-20 17:35:54','수협체크','621640**********',1,7000,6364,636,'00','pay',NULL,'normal','credit','N',NULL,'N','N','02101000000000000010040000000000000000000000000017351318    19032017355413수협체크            01비씨카드            720410010      2393300001          IC카드 정상승인 17351318                                                                                       621640**********123933000010320173541                    ',NULL,NULL,'N',NULL,'2019-03-20 08:35:41','2019-03-20 08:35:55',NULL),(651,NULL,1,NULL,11,NULL,NULL,'2019-03-20 05:38:30',NULL,NULL,1,6000,5455,545,NULL,'cancel',NULL,'normal','cash','N',NULL,'N','N',NULL,0,0,'N',NULL,'2019-03-20 08:38:08','2019-03-20 08:39:07',NULL),(652,NULL,1,NULL,NULL,NULL,NULL,NULL,NULL,NULL,1,20000,18182,1818,'00','order',NULL,'normal','credit','N',NULL,'N','N',NULL,NULL,NULL,'N',NULL,'2019-03-20 12:20:19','2019-03-20 12:20:19',NULL),(653,NULL,1,NULL,NULL,NULL,NULL,NULL,NULL,NULL,12,62600,56909,5691,'03','order',NULL,'normal','credit','N',NULL,'N','N',NULL,NULL,NULL,'N',NULL,'2019-03-21 03:31:48','2019-03-21 03:31:48',NULL),(654,NULL,1,NULL,1,NULL,'12321441','2019-03-21 12:32:45','수협체크','621640**********',2,12000,10909,1091,'00','cancel',NULL,'normal','credit','N',NULL,'N','N','04303000000000000010040000000000000000000000000012321441    19032112511213수협체크            01비씨카드            720410010      2393300001          IC카드 정상취소 12321441                                                                                       621640**********123933000010321125101                    ',NULL,NULL,'N',NULL,'2019-03-21 03:32:36','2019-03-21 03:51:13',NULL),(655,7,1,NULL,NULL,NULL,NULL,NULL,NULL,NULL,NULL,3000,2727,273,NULL,'pay',NULL,'prepayment','',NULL,NULL,'N','N',NULL,NULL,NULL,'N',NULL,'2019-03-21 04:05:03','2019-03-21 04:05:03',NULL),(656,NULL,1,NULL,2,NULL,'17121631','2019-03-21 17:12:40','수협체크','621640**********',1,7000,6364,636,'00','pay',NULL,'normal','credit','N',NULL,'N','N','02101000000000000010040000000000000000000000000017121631    19032117124013수협체크            01비씨카드            720410010      2393300001          IC카드 정상승인 17121631                                                                                       621640**********123933000010321171232                    ',NULL,NULL,'N',NULL,'2019-03-21 08:12:32','2019-03-21 08:12:41',NULL),(657,NULL,1,NULL,3,NULL,'39564180','2019-03-21 17:21:29','하나카드','457047**********',1,3000,2727,273,'00','pay',NULL,'normal','credit','N',NULL,'N','N','02101000000000000010040000000000000000000000000039564180    19032117212929하나카드            29하나카드            8102776786     2393300001          IC카드 정상승인 39564180                                                                                       457047**********023933000010321172116                    ',NULL,NULL,'N',NULL,'2019-03-21 08:21:16','2019-03-21 08:21:30',NULL),(658,NULL,1,NULL,4,NULL,'17431658','2019-03-21 17:43:29','수협체크','621640**********',4,9500,8636,864,'00','pay',NULL,'normal','credit','N',NULL,'N','N','02101000000000000010040000000000000000000000000017431658    19032117432913수협체크            01비씨카드            720410010      2393300001          IC카드 정상승인 17431658                                                                                       621640**********123933000010321174323                    ',NULL,NULL,'N',NULL,'2019-03-21 08:43:22','2019-03-21 08:43:31',NULL),(659,NULL,1,NULL,5,NULL,'17431659','2019-03-21 17:43:52','수협체크','621640**********',2,32000,29091,2909,'00','pay',NULL,'normal','credit','N',NULL,'N','N','02101000000000000010040000000000000000000000000017431659    19032117435213수협체크            01비씨카드            720410010      2393300001          IC카드 정상승인 17431659                                                                                       621640**********123933000010321174344                    ',NULL,NULL,'N',NULL,'2019-03-21 08:43:43','2019-03-21 08:43:53',NULL),(660,NULL,1,NULL,6,NULL,'17461660','2019-03-21 17:46:14','수협체크','621640**********',2,5500,5000,500,'00','pay',NULL,'normal','credit','Y',NULL,'N','N','02101000000000000010040000000000000000000000000017461660    19032117461413수협체크            01비씨카드            720410010      2393300001          IC카드 정상승인 17461660                                                                                       621640**********123933000010321174608                    ',NULL,NULL,'N',NULL,'2019-03-21 08:46:07','2019-03-21 08:46:15',NULL),(661,NULL,1,NULL,7,NULL,'17471661','2019-03-21 17:47:28','수협체크','621640**********',2,27000,24545,2455,'00','pay',NULL,'normal','credit','N',NULL,'N','N','02101000000000000010040000000000000000000000000017471661    19032117472813수협체크            01비씨카드            720410010      2393300001          IC카드 정상승인 17471661                                                                                       621640**********123933000010321174721                    ',NULL,NULL,'N',NULL,'2019-03-21 08:47:20','2019-03-21 08:47:29',NULL),(662,NULL,1,NULL,NULL,NULL,NULL,NULL,NULL,NULL,1,3000,2727,273,'00','order',NULL,'normal','credit','N',NULL,'N','N',NULL,NULL,NULL,'N',NULL,'2019-03-21 09:00:31','2019-03-21 09:00:31',NULL),(663,NULL,1,NULL,NULL,NULL,NULL,NULL,NULL,NULL,1,3000,2727,273,'00','order',NULL,'normal','credit','N',NULL,'N','N',NULL,NULL,NULL,'N',NULL,'2019-03-21 09:01:01','2019-03-21 09:01:01',NULL),(664,NULL,1,NULL,NULL,NULL,NULL,NULL,NULL,NULL,1,3000,2727,273,'00','order',NULL,'normal','credit','N',NULL,'N','N',NULL,NULL,NULL,'N',NULL,'2019-03-21 09:01:31','2019-03-21 09:01:31',NULL),(665,NULL,1,NULL,NULL,NULL,NULL,NULL,NULL,NULL,1,3000,2727,273,'00','order',NULL,'normal','credit','N',NULL,'N','N',NULL,NULL,NULL,'N',NULL,'2019-03-21 09:19:25','2019-03-21 09:19:25',NULL),(666,NULL,1,NULL,8,NULL,'37564185','2019-03-21 18:29:27','하나카드','457047**********',1,3000,2727,273,'00','pay',NULL,'normal','credit','N',NULL,'N','N','02101000000000000010040000000000000000000000000037564185    19032118292729하나카드            29하나카드            8102776786     2393300001          IC카드 정상승인 37564185                                                                                       457047**********023933000010321182919                    ',NULL,NULL,'N',NULL,'2019-03-21 09:29:18','2019-03-21 09:29:28',NULL),(667,NULL,1,NULL,9,NULL,'31584182','2019-03-21 18:33:01','하나카드','457047**********',1,3000,2727,273,'00','pay',NULL,'normal','credit','N',NULL,'N','N','02101000000000000010040000000000000000000000000031584182    19032118330129하나카드            29하나카드            8102776786     2393300001          IC카드 정상승인 31584182                                                                                       457047**********023933000010321183248                    ',NULL,NULL,'N',NULL,'2019-03-21 09:32:48','2019-03-21 09:33:02',NULL),(668,4,1,NULL,1,NULL,NULL,NULL,NULL,NULL,NULL,50000,45455,4545,NULL,'pay',NULL,'prepayment','',NULL,NULL,'N','N',NULL,NULL,NULL,'N','/images/2019/03/22/1553219685581.bmp','2019-03-22 01:54:23','2019-03-22 01:54:45',NULL),(669,4,1,NULL,2,NULL,NULL,'2019-03-22 10:59:11',NULL,NULL,NULL,5000,4545,455,NULL,'pay',NULL,'prepayment','cash',NULL,NULL,'N','N',NULL,5000,0,'N',NULL,'2019-03-22 01:55:24','2019-03-22 01:59:10',NULL),(670,8,1,NULL,NULL,NULL,NULL,NULL,NULL,NULL,NULL,10000,9091,909,NULL,'pay',NULL,'prepayment','',NULL,NULL,'N','N',NULL,NULL,NULL,'N',NULL,'2019-03-22 04:24:33','2019-03-22 04:24:33',NULL),(671,8,1,NULL,NULL,NULL,NULL,NULL,NULL,NULL,NULL,10000,9091,909,NULL,'pay',NULL,'prepayment','',NULL,NULL,'N','N',NULL,NULL,NULL,'N',NULL,'2019-03-22 04:24:41','2019-03-22 04:24:41',NULL),(672,8,1,NULL,NULL,NULL,NULL,NULL,NULL,NULL,NULL,10000,9091,909,NULL,'pay',NULL,'prepayment','',NULL,NULL,'N','N',NULL,NULL,NULL,'N',NULL,'2019-03-22 04:24:54','2019-03-22 04:24:54',NULL),(673,9,1,NULL,NULL,NULL,NULL,NULL,NULL,NULL,NULL,100000,90909,9091,NULL,'pay',NULL,'prepayment','credit',NULL,NULL,'N','N',NULL,NULL,NULL,'N',NULL,'2019-03-22 04:41:04','2019-03-22 04:41:04',NULL),(674,4,1,NULL,3,NULL,NULL,'2019-03-22 01:42:46',NULL,NULL,NULL,5000,4545,455,NULL,'pay',NULL,'prepayment','cash',NULL,NULL,'N','N',NULL,5000,0,'N',NULL,'2019-03-22 04:42:39','2019-03-22 04:42:46',NULL),(675,4,1,NULL,4,NULL,NULL,NULL,NULL,NULL,NULL,1000,909,91,NULL,'pay',NULL,'prepayment','',NULL,NULL,'N','N',NULL,NULL,NULL,'N','/images/2019/03/22/1553229904608.bmp','2019-03-22 04:44:51','2019-03-22 04:45:04',NULL),(676,9,1,NULL,NULL,NULL,NULL,NULL,NULL,NULL,NULL,1012341234,920310213,92031021,NULL,'pay',NULL,'prepayment','cash',NULL,NULL,'N','N',NULL,NULL,NULL,'N',NULL,'2019-03-22 04:56:53','2019-03-22 04:56:53',NULL),(677,NULL,1,NULL,NULL,NULL,NULL,NULL,NULL,NULL,1,7000,6364,636,NULL,'order',NULL,'normal','cash','N',NULL,'N','N',NULL,NULL,NULL,'N',NULL,'2019-03-25 07:06:55','2019-03-25 07:06:55',NULL),(678,1,1,NULL,1,NULL,NULL,NULL,NULL,NULL,1,5000,4545,455,NULL,'pay',NULL,'prepayment','prepayment','N',NULL,'N','N',NULL,NULL,NULL,'N',NULL,'2019-03-25 07:08:07','2019-03-25 07:08:09',NULL),(679,1,1,NULL,2,NULL,NULL,NULL,NULL,NULL,1,5000,4545,455,NULL,'pay',NULL,'prepayment','prepayment','N',NULL,'N','N',NULL,NULL,NULL,'N',NULL,'2019-03-25 07:08:58','2019-03-25 07:08:59',NULL),(680,NULL,1,NULL,3,NULL,'30037959','2019-03-25 16:09:29','KB국민카드','516453**********',1,5000,4545,455,'00','pay',NULL,'normal','credit','N',NULL,'N','N',NULL,NULL,NULL,'N',NULL,'2019-03-25 07:09:20','2019-03-26 00:27:38',NULL),(681,NULL,1,NULL,NULL,NULL,NULL,NULL,NULL,NULL,1,8000,7273,727,NULL,'order',NULL,'normal','cash','N',NULL,'N','N',NULL,NULL,NULL,'N',NULL,'2019-03-27 09:18:43','2019-03-27 09:18:43',NULL),(682,NULL,1,NULL,NULL,NULL,NULL,NULL,NULL,NULL,1,8000,7273,727,NULL,'order',NULL,'normal','cash','N',NULL,'N','N',NULL,NULL,NULL,'N',NULL,'2019-03-27 09:20:18','2019-03-27 09:20:18',NULL),(683,NULL,1,NULL,1,NULL,'77955655','2019-03-28 14:49:03','IBK비씨신용','414003**********',2,27000,24545,2455,'00','pay',NULL,'normal','credit','N',NULL,'N','N','02101000000000000010040000000000000000000000000077955655    19032814490301IBK비씨신용         01비씨카드 EDC        720410010      2393300001          IC카드 정상승인 77955655                                                                                       414003**********023933000010328144852                    ',NULL,NULL,'N',NULL,'2019-03-28 05:48:51','2019-03-28 05:49:04',NULL),(684,NULL,1,NULL,2,NULL,'77961761','2019-03-28 14:49:31','IBK비씨신용','414003**********',2,32000,29091,2909,'00','cancel',NULL,'normal','credit','N',NULL,'N','N','04303000000000000010040000000000000000000000000077961761    19032814553801IBK비씨신용         01비씨카드 EDC        720410010      2393300001          IC카드 정상취소 77961761                                                                                       414003**********023933000010328145529                    ',NULL,NULL,'N',NULL,'2019-03-28 05:49:24','2019-03-28 05:55:39',NULL),(685,NULL,1,NULL,3,NULL,'78191936','2019-03-28 15:12:09','IBK비씨신용','414003**********',1,7000,6364,636,'00','cancel',NULL,'normal','credit','N',NULL,'N','N','04303000000000000010040000000000000000000000000078191936    19032815133801IBK비씨신용         01비씨카드 EDC        720410010      2393300001          IC카드 정상취소 78191936                                                                                       414003**********023933000010328151328                    ',NULL,NULL,'N',NULL,'2019-03-28 06:12:01','2019-03-28 06:13:39',NULL),(686,NULL,1,NULL,4,NULL,'15273669','2019-03-28 15:27:20','IBK비씨기프트','414003**********',1,20000,18182,1818,'00','pay',NULL,'normal','credit','N',NULL,'N','N','02101000000000000010040000000000000000000000000015273669    19032815272001IBK비씨기프트       01비씨카드 EDC        720410010      2393300001000000123 IC카드 정상승인 15273669                                                                                       414003**********223933000010328152713                    ',NULL,NULL,'N',NULL,'2019-03-28 06:27:09','2019-03-28 06:27:21',NULL),(687,NULL,1,NULL,5,NULL,'78401507','2019-03-28 15:33:37','IBK비씨신용','414003**********',2,10000,9091,909,'00','cancel',NULL,'normal','credit','N',NULL,'N','N','04303000000000000010040000000000000000000000000078401507    19032815350101IBK비씨신용         01비씨카드 EDC        720410010      2393300001          IC카드 정상취소 78401507                                                                                       414003**********023933000010328153456                    ',NULL,NULL,'N',NULL,'2019-03-28 06:33:29','2019-03-28 06:35:02',NULL),(688,NULL,1,NULL,6,NULL,'16123722','2019-03-28 16:12:33','IBK비씨기프트','414003**********',1,20000,18182,1818,'00','pay',NULL,'normal','credit','N',NULL,'N','N','02101000000000000010040000000000000000000000000016123722    19032816123301IBK비씨기프트       01비씨카드 EDC        720410010      2393300001000000123 IC카드 정상승인 16123722                                                                                       414003**********223933000010328161227                    ',NULL,NULL,'N',NULL,'2019-03-28 07:12:27','2019-03-28 07:12:34',NULL),(689,NULL,1,NULL,NULL,NULL,NULL,NULL,NULL,NULL,1,20000,18182,1818,NULL,'order',NULL,'normal','cash','N',NULL,'N','N',NULL,NULL,NULL,'N',NULL,'2019-03-28 07:18:43','2019-03-28 07:18:43',NULL),(690,NULL,1,NULL,NULL,NULL,NULL,NULL,NULL,NULL,1,12000,10909,1091,NULL,'order',NULL,'normal','cash','N',NULL,'N','N',NULL,NULL,NULL,'N',NULL,'2019-03-28 07:19:50','2019-03-28 07:19:50',NULL),(691,NULL,1,NULL,NULL,NULL,NULL,NULL,NULL,NULL,1,7000,6364,636,NULL,'order',NULL,'normal','cash','N',NULL,'N','N',NULL,NULL,NULL,'N',NULL,'2019-03-28 07:58:08','2019-03-28 07:58:08',NULL),(692,NULL,1,NULL,7,NULL,NULL,'2019-03-28 05:00:10',NULL,NULL,1,7000,6364,636,NULL,'pay',NULL,'normal','cash','N',NULL,'N','N',NULL,10000,3000,'N',NULL,'2019-03-28 08:00:01','2019-03-28 08:00:09',NULL),(693,NULL,1,NULL,8,NULL,NULL,'2019-03-28 05:17:45',NULL,NULL,1,7000,6364,636,NULL,'pay',NULL,'normal','cash','N',NULL,'N','N',NULL,10000,3000,'N',NULL,'2019-03-28 08:17:32','2019-03-28 08:17:44',NULL),(694,NULL,1,NULL,9,NULL,'17223813','2019-03-28 17:22:18','IBK비씨기프트','414003**********',1,7000,6364,636,'00','pay',NULL,'normal','credit','N',NULL,'N','N','02101000000000000010040000000000000000000000000017223813    19032817221801IBK비씨기프트       01비씨카드 EDC        720410010      2393300001000000123 IC카드 정상승인 17223813                                                                                       414003**********223933000010328172209                    ',NULL,NULL,'N',NULL,'2019-03-28 08:22:08','2019-03-28 08:22:19',NULL),(695,NULL,1,NULL,10,NULL,'17233815','2019-03-28 17:23:42','IBK비씨기프트','414003**********',1,7000,6364,636,'00','pay',NULL,'normal','credit','N',NULL,'N','N','02101000000000000010040000000000000000000000000017233815    19032817234201IBK비씨기프트       01비씨카드 EDC        720410010      2393300001000000123 IC카드 정상승인 17233815                                                                                       414003**********223933000010328172337                    ',NULL,NULL,'N',NULL,'2019-03-28 08:23:36','2019-03-28 08:23:43',NULL),(696,NULL,1,NULL,11,NULL,'17243819','2019-03-28 17:24:50','IBK비씨기프트','414003**********',1,7000,6364,636,'00','pay',NULL,'normal','credit','N',NULL,'N','N','02101000000000000010040000000000000000000000000017243819    19032817245001IBK비씨기프트       01비씨카드 EDC        720410010      2393300001000000123 IC카드 정상승인 17243819                                                                                       414003**********223933000010328172445                    ',NULL,NULL,'N',NULL,'2019-03-28 08:24:44','2019-03-28 08:24:51',NULL),(697,NULL,1,NULL,12,NULL,'17293832','2019-03-28 17:29:14','IBK비씨기프트','414003**********',1,6500,5909,591,'00','pay',NULL,'normal','credit','Y',NULL,'N','N','02101000000000000010040000000000000000000000000017293832    19032817291401IBK비씨기프트       01비씨카드 EDC        720410010      2393300001000000123 IC카드 정상승인 17293832                                                                                       414003**********223933000010328172909                    ',NULL,NULL,'N',NULL,'2019-03-28 08:29:08','2019-03-28 08:29:15',NULL),(698,NULL,1,NULL,13,NULL,'17323845','2019-03-28 17:32:04','IBK비씨기프트','414003**********',1,6500,5909,591,'00','pay',NULL,'normal','credit','Y',NULL,'N','N','02101000000000000010040000000000000000000000000017323845    19032817320401IBK비씨기프트       01비씨카드 EDC        720410010      2393300001000000123 IC카드 정상승인 17323845                                                                                       414003**********223933000010328173156                    ',NULL,NULL,'N',NULL,'2019-03-28 08:31:54','2019-03-28 08:32:06',NULL),(699,NULL,1,NULL,14,NULL,'17383851','2019-03-28 17:38:05','IBK비씨기프트','414003**********',1,7000,6364,636,'00','pay',NULL,'normal','credit','N',NULL,'N','N','02101000000000000010040000000000000000000000000017383851    19032817380501IBK비씨기프트       01비씨카드 EDC        720410010      2393300001000000123 IC카드 정상승인 17383851                                                                                       414003**********223933000010328173759                    ',NULL,NULL,'N',NULL,'2019-03-28 08:37:58','2019-03-28 08:38:06',NULL),(700,NULL,1,NULL,15,NULL,'17383852','2019-03-28 17:38:40','IBK비씨기프트','414003**********',1,7000,6364,636,'00','pay',NULL,'normal','credit','N',NULL,'N','N','02101000000000000010040000000000000000000000000017383852    19032817384001IBK비씨기프트       01비씨카드 EDC        720410010      2393300001000000123 IC카드 정상승인 17383852                                                                                       414003**********223933000010328173833                    ',NULL,NULL,'N',NULL,'2019-03-28 08:38:32','2019-03-28 08:38:41',NULL),(701,NULL,1,NULL,16,NULL,'17393853','2019-03-28 17:39:14','IBK비씨기프트','414003**********',1,3000,2727,273,'00','pay',NULL,'normal','credit','N',NULL,'N','N','02101000000000000010040000000000000000000000000017393853    19032817391401IBK비씨기프트       01비씨카드 EDC        720410010      2393300001000000123 IC카드 정상승인 17393853                                                                                       414003**********223933000010328173909                    ',NULL,NULL,'N',NULL,'2019-03-28 08:39:08','2019-03-28 08:39:15',NULL),(702,NULL,1,NULL,17,NULL,'17403869','2019-03-28 17:40:53','IBK비씨기프트','414003**********',1,7000,6364,636,'00','pay',NULL,'normal','credit','N',NULL,'N','N','02101000000000000010040000000000000000000000000017403869    19032817405301IBK비씨기프트       01비씨카드 EDC        720410010      2393300001000000123 IC카드 정상승인 17403869                                                                                       414003**********223933000010328174048                    ',NULL,NULL,'N',NULL,'2019-03-28 08:40:47','2019-03-28 08:40:54',NULL),(703,NULL,1,NULL,18,NULL,'17413870','2019-03-28 17:41:33','IBK비씨기프트','414003**********',1,11500,10455,1045,'00','pay',NULL,'normal','credit','Y',NULL,'N','N','02101000000000000010040000000000000000000000000017413870    19032817413301IBK비씨기프트       01비씨카드 EDC        720410010      2393300001000000123 IC카드 정상승인 17413870                                                                                       414003**********223933000010328174128                    ',NULL,NULL,'N',NULL,'2019-03-28 08:41:27','2019-03-28 08:41:34',NULL),(704,NULL,1,NULL,19,NULL,'17423871','2019-03-28 17:42:49','IBK비씨기프트','414003**********',1,7000,6364,636,'00','pay',NULL,'normal','credit','N',NULL,'N','N','02101000000000000010040000000000000000000000000017423871    19032817424901IBK비씨기프트       01비씨카드 EDC        720410010      2393300001000000123 IC카드 정상승인 17423871                                                                                       414003**********223933000010328174243                    ',NULL,NULL,'N',NULL,'2019-03-28 08:42:42','2019-03-28 08:42:50',NULL),(705,NULL,1,NULL,20,NULL,'17433872','2019-03-28 17:43:57','IBK비씨기프트','414003**********',1,7000,6364,636,'00','pay',NULL,'normal','credit','N',NULL,'N','N','02101000000000000010040000000000000000000000000017433872    19032817435701IBK비씨기프트       01비씨카드 EDC        720410010      2393300001000000123 IC카드 정상승인 17433872                                                                                       414003**********223933000010328174352                    ',NULL,NULL,'N',NULL,'2019-03-28 08:43:51','2019-03-28 08:43:58',NULL),(706,NULL,1,NULL,21,NULL,'17533873','2019-03-28 17:53:04','IBK비씨기프트','414003**********',1,7000,6364,636,'00','pay',NULL,'normal','credit','N',NULL,'N','N','02101000000000000010040000000000000000000000000017533873    19032817530401IBK비씨기프트       01비씨카드 EDC        720410010      2393300001000000123 IC카드 정상승인 17533873                                                                                       414003**********223933000010328175259                    ',NULL,NULL,'N',NULL,'2019-03-28 08:52:58','2019-03-28 08:53:05',NULL),(707,NULL,1,NULL,22,NULL,'17593884','2019-03-28 17:59:03','IBK비씨기프트','414003**********',1,7000,6364,636,'00','pay',NULL,'normal','credit','N',NULL,'N','N','02101000000000000010040000000000000000000000000017593884    19032817590301IBK비씨기프트       01비씨카드 EDC        720410010      2393300001000000123 IC카드 정상승인 17593884                                                                                       414003**********223933000010328175858                    ',NULL,NULL,'N',NULL,'2019-03-28 08:58:57','2019-03-28 08:59:04',NULL),(708,NULL,1,NULL,1,NULL,NULL,'2019-03-29 03:09:55',NULL,NULL,1,7000,6364,636,NULL,'pay',NULL,'normal','cash','N',NULL,'N','N',NULL,10000,3000,'N',NULL,'2019-03-29 06:09:39','2019-03-29 06:09:54',NULL),(709,NULL,1,NULL,2,NULL,NULL,'2019-03-29 03:10:42',NULL,NULL,1,6500,5909,591,NULL,'pay',NULL,'normal','cash','Y',NULL,'N','N',NULL,10000,3500,'N',NULL,'2019-03-29 06:10:11','2019-03-29 06:10:40',NULL),(710,NULL,1,NULL,3,NULL,NULL,'2019-03-29 03:14:33',NULL,NULL,1,7000,6364,636,NULL,'pay',NULL,'normal','cash','N',NULL,'N','N',NULL,10000,3000,'N',NULL,'2019-03-29 06:11:00','2019-03-29 06:14:32',NULL),(711,NULL,1,NULL,4,NULL,NULL,'2019-03-29 03:14:58',NULL,NULL,1,6500,5909,591,NULL,'pay',NULL,'normal','cash','Y',NULL,'N','N',NULL,10000,3500,'Y',NULL,'2019-03-29 06:14:47','2019-03-29 06:15:19',NULL),(712,NULL,1,NULL,1,NULL,NULL,NULL,NULL,NULL,2,27000,24545,2455,'00','cancel',NULL,'normal','credit','N',NULL,'N','N','021010731800000000100400000000000000000000000000            19040114283813수협체크            01비씨카드            720410010      2393300001         회원정보오류                            처리불가                                                                621640********** 23933000010401142829                    ',NULL,NULL,'N',NULL,'2019-04-01 05:28:28','2019-04-01 05:28:39',NULL),(713,NULL,1,NULL,2,NULL,NULL,NULL,NULL,NULL,1,7000,6364,636,'00','cancel',NULL,'normal','credit','N',NULL,'N','N','021010731800000000100400000000000000000000000000            19040114551313수협체크            01비씨카드            720410010      2393300001         회원정보오류                            처리불가                                                                621640********** 23933000010401145504                    ',NULL,NULL,'N',NULL,'2019-04-01 05:55:04','2019-04-01 05:55:14',NULL),(714,NULL,1,NULL,3,NULL,NULL,'2019-04-01 04:05:05',NULL,NULL,1,7000,6364,636,NULL,'pay',NULL,'normal','cash','N',NULL,'N','N',NULL,10000,3000,'N',NULL,'2019-04-01 07:04:57','2019-04-01 07:05:04',NULL),(715,NULL,1,NULL,4,NULL,NULL,NULL,NULL,NULL,1,7000,6364,636,'00','cancel',NULL,'normal','credit','N',NULL,'N','N','021010731800000000100400000000000000000000000000            19040116052913수협체크            01비씨카드            720410010      2393300001         회원정보오류                            처리불가                                                                621640********** 23933000010401160519                    ',NULL,NULL,'N',NULL,'2019-04-01 07:05:18','2019-04-01 07:05:30',NULL),(716,NULL,1,NULL,5,NULL,'75658349','2019-04-01 16:06:36','수협체크','621640**********',1,7000,6364,636,'00','cancel',NULL,'normal','credit','N',NULL,'N','N','04303000000000000010040000000000000000000000000075658349    19040116071013수협체크            01비씨카드            720410010      2393300001          IC카드 정상취소 75658349                                                                                       621640**********123933000010401160702                    ',NULL,NULL,'N',NULL,'2019-04-01 07:06:27','2019-04-01 07:07:10',NULL),(717,NULL,1,NULL,6,NULL,'75717156','2019-04-01 16:11:59','수협체크','621640**********',1,3000,2727,273,'00','cancel',NULL,'normal','credit','N',NULL,'N','N','04303000000000000010040000000000000000000000000075717156    19040116122013수협체크            01비씨카드            720410010      2393300001          IC카드 정상취소 75717156                                                                                       621640**********123933000010401161214                    ',NULL,NULL,'N',NULL,'2019-04-01 07:11:50','2019-04-01 07:12:20',NULL),(718,NULL,1,NULL,7,NULL,NULL,NULL,NULL,NULL,1,7000,6364,636,'00','cancel',NULL,'normal','credit','N',NULL,'N','N','021010731800000000100400000000000000000000000000            19040116132613수협체크            01비씨카드            720410010      2393300001         회원정보오류                            처리불가                                                                621640********** 23933000010401161317                    ',NULL,NULL,'N',NULL,'2019-04-01 07:13:16','2019-04-01 07:13:27',NULL),(719,NULL,1,NULL,8,NULL,NULL,NULL,NULL,NULL,1,7000,6364,636,'00','cancel',NULL,'normal','credit','N',NULL,'N','N','0210108393000000001004000000000000000000000000FF                        13수협체크                                                 2393300001         거래거절                                할부개월오류                                                            621640********** 23933000010401161537                    ',NULL,NULL,'N',NULL,'2019-04-01 07:15:36','2019-04-01 07:15:48',NULL),(720,NULL,1,7000,NULL,NULL,NULL,NULL,NULL,NULL,1,7000,6364,636,NULL,'order',NULL,'point','point','N',NULL,'N','N',NULL,NULL,NULL,'N',NULL,'2019-04-02 05:51:27','2019-04-02 05:51:27',NULL),(721,NULL,1,NULL,NULL,NULL,NULL,NULL,NULL,NULL,1,6500,5909,591,'00','order',NULL,'normal','credit','Y',NULL,'N','N',NULL,NULL,NULL,'N',NULL,'2019-04-02 05:57:03','2019-04-02 05:57:03',NULL),(722,NULL,1,NULL,1,NULL,NULL,NULL,NULL,NULL,1,7000,6364,636,'00','cancel',NULL,'normal','credit','N',NULL,'N','N','0210108393000000001004000000000000000000000000FF                        13수협체크                                                 2393300001         거래거절                                할부개월오류                                                            621640********** 23933000010402150409                    ',NULL,NULL,'N',NULL,'2019-04-02 06:04:07','2019-04-02 06:04:23',NULL),(723,NULL,1,NULL,2,NULL,NULL,NULL,NULL,NULL,1,7000,6364,636,'00','cancel',NULL,'normal','credit','N',NULL,'N','N','021010731800000000100400000000000000000000000000            19040216155113수협체크            01비씨카드            720410010      2393300001         회원정보오류                            처리불가                                                                621640********** 23933000010402161545                    ',NULL,NULL,'N',NULL,'2019-04-02 07:15:44','2019-04-02 07:15:52',NULL),(724,NULL,1,NULL,3,NULL,NULL,NULL,NULL,NULL,1,7000,6364,636,'00','cancel',NULL,'normal','credit','N',NULL,'N','N','021010731800000000100400000000000000000000000000            19040216172113수협체크            01비씨카드            720410010      2393300001         회원정보오류                            처리불가                                                                621640********** 23933000010402161716                    ',NULL,NULL,'N',NULL,'2019-04-02 07:17:14','2019-04-02 07:17:22',NULL),(725,NULL,1,NULL,4,NULL,NULL,NULL,NULL,NULL,1,6500,5909,591,'00','cancel',NULL,'normal','credit','Y',NULL,'N','N','021010731800000000100400000000000000000000000000            19040216185613수협체크            01비씨카드            720410010      2393300001         회원정보오류                            처리불가                                                                621640********** 23933000010402161850                    ',NULL,NULL,'N',NULL,'2019-04-02 07:18:49','2019-04-02 07:18:57',NULL),(726,NULL,1,NULL,5,NULL,'75023899','2019-04-02 16:20:01','수협체크','621640**********',1,7000,6364,636,'00','cancel',NULL,'normal','credit','N',NULL,'N','N','04303000000000000010040000000000000000000000000075023899    19040216203913수협체크            01비씨카드            720410010      2393300001          IC카드 정상취소 75023899                                                                                       621640**********123933000010402162034                    ',NULL,NULL,'N',NULL,'2019-04-02 07:19:55','2019-04-02 07:20:39',NULL),(727,NULL,1,NULL,6,NULL,NULL,NULL,NULL,NULL,1,7000,6364,636,'00','cancel',NULL,'normal','credit','N',NULL,'N','N','021010731800000000100400000000000000000000000000            19040216235713수협체크            01비씨카드            720410010      2393300001         회원정보오류                            처리불가                                                                621640********** 23933000010402162351                    ',NULL,NULL,'N',NULL,'2019-04-02 07:23:49','2019-04-02 07:23:57',NULL),(728,NULL,1,NULL,1,NULL,NULL,'2019-04-03 04:44:22',NULL,NULL,1,6500,5909,591,NULL,'pay',NULL,'normal','cash','Y',NULL,'N','N',NULL,10000,3500,'N',NULL,'2019-04-03 07:44:10','2019-04-03 07:44:21',NULL),(729,NULL,1,NULL,2,NULL,NULL,'2019-04-03 04:52:34',NULL,NULL,1,7000,6364,636,NULL,'pay',NULL,'normal','cash','N',NULL,'N','N',NULL,10000,3000,'N',NULL,'2019-04-03 07:52:24','2019-04-03 07:52:33',NULL),(730,NULL,1,NULL,3,NULL,NULL,'2019-04-03 05:15:24',NULL,NULL,1,7000,6364,636,NULL,'pay',NULL,'normal','cash','N',NULL,'N','N',NULL,7000,0,'N',NULL,'2019-04-03 08:14:53','2019-04-03 08:15:22',NULL),(731,NULL,1,NULL,NULL,NULL,NULL,NULL,NULL,NULL,1,12000,10909,1091,'00','order',NULL,'normal','credit','N',NULL,'N','N',NULL,NULL,NULL,'N',NULL,'2019-04-03 11:53:03','2019-04-03 11:53:03',NULL),(732,NULL,1,NULL,4,NULL,NULL,NULL,NULL,NULL,1,6000,5455,545,NULL,'cancel',NULL,'normal','cash','N',NULL,'N','N',NULL,0,0,'N',NULL,'2019-04-03 11:53:23','2019-04-03 11:53:35',NULL),(733,NULL,1,NULL,5,NULL,NULL,NULL,NULL,NULL,2,18000,16364,1636,NULL,'cancel',NULL,'normal','cash','N',NULL,'N','N',NULL,0,0,'N',NULL,'2019-04-03 11:54:06','2019-04-03 11:54:12',NULL),(734,NULL,1,NULL,6,NULL,NULL,NULL,NULL,NULL,1,12000,10909,1091,NULL,'cancel',NULL,'normal','cash','N',NULL,'N','N',NULL,0,0,'N',NULL,'2019-04-03 11:55:45','2019-04-03 11:56:22',NULL),(735,NULL,1,NULL,7,NULL,NULL,NULL,NULL,NULL,1,12000,10909,1091,NULL,'cancel',NULL,'normal','cash','N',NULL,'N','N',NULL,0,0,'N',NULL,'2019-04-03 11:57:09','2019-04-03 11:57:37',NULL),(736,NULL,1,NULL,1,NULL,NULL,'2019-04-04 02:36:52',NULL,NULL,1,20000,18182,1818,NULL,'pay',NULL,'normal','cash','N',NULL,'N','N',NULL,20000,0,'N',NULL,'2019-04-04 05:35:58','2019-04-04 05:36:49',NULL),(737,NULL,1,NULL,2,NULL,NULL,'2019-04-04 02:38:05',NULL,NULL,1,7000,6364,636,NULL,'pay',NULL,'normal','cash','N',NULL,'N','N',NULL,10000,3000,'N',NULL,'2019-04-04 05:37:52','2019-04-04 05:38:03',NULL),(738,NULL,1,NULL,3,NULL,NULL,'2019-04-04 02:45:54',NULL,NULL,1,7000,6364,636,NULL,'pay',NULL,'normal','cash','N',NULL,'N','N',NULL,10000,3000,'N',NULL,'2019-04-04 05:45:44','2019-04-04 05:45:51',NULL),(739,NULL,1,NULL,4,NULL,NULL,'2019-04-04 02:48:03',NULL,NULL,1,7000,6364,636,NULL,'pay',NULL,'normal','cash','N',NULL,'N','N',NULL,7000,0,'N',NULL,'2019-04-04 05:47:41','2019-04-04 05:48:00',NULL),(740,NULL,1,NULL,5,NULL,NULL,'2019-04-04 02:56:52',NULL,NULL,1,7000,6364,636,NULL,'pay',NULL,'normal','cash','N',NULL,'N','N',NULL,10000,3000,'N',NULL,'2019-04-04 05:56:38','2019-04-04 05:56:50',NULL),(741,NULL,1,NULL,NULL,NULL,NULL,NULL,NULL,NULL,1,7000,6364,636,'00','order',NULL,'normal','credit','N',NULL,'N','N',NULL,NULL,NULL,'N',NULL,'2019-04-04 06:02:16','2019-04-04 06:02:16',NULL),(742,NULL,1,NULL,6,NULL,NULL,NULL,NULL,NULL,1,7000,6364,636,NULL,'cancel',NULL,'normal','cash','N',NULL,'N','N',NULL,0,0,'N',NULL,'2019-04-04 06:02:30','2019-04-04 06:02:34',NULL),(743,NULL,1,NULL,7,NULL,NULL,'2019-04-04 03:03:01',NULL,NULL,1,5000,4545,455,NULL,'pay',NULL,'normal','cash','N',NULL,'N','N',NULL,5000,0,'Y',NULL,'2019-04-04 06:02:49','2019-04-04 06:03:21',NULL),(744,NULL,1,NULL,8,NULL,NULL,'2019-04-04 03:11:44',NULL,NULL,1,5000,4545,455,NULL,'pay',NULL,'normal','cash','N',NULL,'N','N',NULL,5000,0,'Y',NULL,'2019-04-04 06:11:35','2019-04-04 06:12:05',NULL),(745,NULL,1,NULL,1,NULL,NULL,'2019-04-05 11:45:13',NULL,NULL,1,7000,6364,636,NULL,'pay',NULL,'normal','cash','N',NULL,'N','N',NULL,7000,0,'Y',NULL,'2019-04-05 02:44:53','2019-04-05 02:45:26',NULL),(746,NULL,1,NULL,2,NULL,NULL,'2019-04-05 02:30:18',NULL,NULL,1,7000,6364,636,NULL,'pay',NULL,'normal','cash','N',NULL,'N','N',NULL,10000,3000,'N',NULL,'2019-04-05 05:30:05','2019-04-05 05:30:18',NULL),(747,NULL,1,NULL,3,NULL,'14357170','2019-04-05 14:35:18','수협체크','621640**********',1,8000,7273,727,'00','cancel',NULL,'normal','credit','N',NULL,'N','N','04303000000000000010040000000000000000000000000014357170    19040514402813수협체크            01비씨카드            720410010      2393300001          IC카드 정상취소 14357170                                                                                       621640**********123933000010405144010                    ',NULL,NULL,'N',NULL,'2019-04-05 05:34:55','2019-04-05 05:40:29',NULL),(748,NULL,1,NULL,4,NULL,NULL,'2019-04-05 02:41:14',NULL,NULL,1,7000,6364,636,NULL,'pay',NULL,'normal','cash','N',NULL,'N','N',NULL,7000,0,'Y',NULL,'2019-04-05 05:40:53','2019-04-05 05:41:25',NULL),(749,NULL,1,NULL,1,NULL,'74199653','2019-04-08 20:26:33','수협체크','621640**********',1,3000,2727,273,'00','cancel',NULL,'normal','credit','N',NULL,'N','N','04303000000000000010040000000000000000000000000074199653    19040820270213수협체크            01비씨카드            720410010      2393300001          IC카드 정상취소 74199653                                                                                       621640**********123933000010408202657                    ',NULL,NULL,'N',NULL,'2019-04-08 11:26:18','2019-04-08 11:27:03',NULL),(750,NULL,1,NULL,2,NULL,'20297838','2019-04-08 20:29:21','수협체크','621640**********',1,3000,2727,273,'00','pay',NULL,'normal','credit','N',NULL,'N','N','02101000000000000010040000000000000000000000000020297838    19040820292113수협체크            01비씨카드            720410010      2393300001          IC카드 정상승인 20297838                                                                                       621640**********123933000010408202915                    ',NULL,NULL,'N',NULL,'2019-04-08 11:29:14','2019-04-08 11:29:23',NULL),(751,NULL,1,NULL,3,NULL,'20307839','2019-04-08 20:30:38','수협체크','621640**********',1,3000,2727,273,'00','pay',NULL,'normal','credit','N',NULL,'N','N','02101000000000000010040000000000000000000000000020307839    19040820303813수협체크            01비씨카드            720410010      2393300001          IC카드 정상승인 20307839                                                                                       621640**********123933000010408203032                    ',NULL,NULL,'N',NULL,'2019-04-08 11:30:31','2019-04-08 11:30:39',NULL),(752,NULL,1,NULL,4,NULL,'20367840','2019-04-08 20:36:35','수협체크','621640**********',1,3000,2727,273,'00','pay',NULL,'normal','credit','N',NULL,'N','N','02101000000000000010040000000000000000000000000020367840    19040820363513수협체크            01비씨카드            720410010      2393300001          IC카드 정상승인 20367840                                                                                       621640**********123933000010408203628                    ',NULL,NULL,'N',NULL,'2019-04-08 11:36:28','2019-04-08 11:36:36',NULL),(753,NULL,1,NULL,5,NULL,'20387841','2019-04-08 20:38:24','수협체크','621640**********',1,3000,2727,273,'00','pay',NULL,'normal','credit','N',NULL,'N','N','02101000000000000010040000000000000000000000000020387841    19040820382413수협체크            01비씨카드            720410010      2393300001          IC카드 정상승인 20387841                                                                                       621640**********123933000010408203818                    ',NULL,NULL,'N',NULL,'2019-04-08 11:38:18','2019-04-08 11:38:25',NULL),(754,NULL,1,NULL,6,NULL,'20447842','2019-04-08 20:44:12','수협체크','621640**********',1,3000,2727,273,'00','pay',NULL,'normal','credit','N',NULL,'N','N','02101000000000000010040000000000000000000000000020447842    19040820441213수협체크            01비씨카드            720410010      2393300001          IC카드 정상승인 20447842                                                                                       621640**********123933000010408204405                    ',NULL,NULL,'N',NULL,'2019-04-08 11:44:05','2019-04-08 11:44:13',NULL),(755,NULL,1,NULL,7,NULL,NULL,'2019-04-08 08:45:00',NULL,NULL,1,3000,2727,273,NULL,'pay',NULL,'normal','cash','N',NULL,'N','N',NULL,5000,2000,'N',NULL,'2019-04-08 11:44:50','2019-04-08 11:45:00',NULL),(756,NULL,1,NULL,8,NULL,'20467843','2019-04-08 20:46:25','수협체크','621640**********',1,3000,2727,273,'00','pay',NULL,'normal','credit','N',NULL,'N','N','02101000000000000010040000000000000000000000000020467843    19040820462513수협체크            01비씨카드            720410010      2393300001          IC카드 정상승인 20467843                                                                                       621640**********123933000010408204619                    ',NULL,NULL,'N',NULL,'2019-04-08 11:46:19','2019-04-08 11:46:26',NULL),(757,NULL,1,NULL,9,NULL,'20477844','2019-04-08 20:47:16','수협체크','621640**********',1,3000,2727,273,'00','pay',NULL,'normal','credit','N',NULL,'N','N','02101000000000000010040000000000000000000000000020477844    19040820471613수협체크            01비씨카드            720410010      2393300001          IC카드 정상승인 20477844                                                                                       621640**********123933000010408204710                    ',NULL,NULL,'N',NULL,'2019-04-08 11:47:10','2019-04-08 11:47:17',NULL),(758,NULL,1,NULL,10,NULL,'20487845','2019-04-08 20:48:09','수협체크','621640**********',1,3000,2727,273,'00','pay',NULL,'normal','credit','N',NULL,'N','N','02101000000000000010040000000000000000000000000020487845    19040820480913수협체크            01비씨카드            720410010      2393300001          IC카드 정상승인 20487845                                                                                       621640**********123933000010408204803                    ',NULL,NULL,'N',NULL,'2019-04-08 11:48:03','2019-04-08 11:48:10',NULL),(759,NULL,1,NULL,11,NULL,'20497846','2019-04-08 20:49:29','수협체크','621640**********',1,3000,2727,273,'00','pay',NULL,'normal','credit','N',NULL,'N','N','02101000000000000010040000000000000000000000000020497846    19040820492913수협체크            01비씨카드            720410010      2393300001          IC카드 정상승인 20497846                                                                                       621640**********123933000010408204923                    ',NULL,NULL,'N',NULL,'2019-04-08 11:49:23','2019-04-08 11:49:30',NULL),(760,NULL,1,NULL,12,NULL,'20537847','2019-04-08 20:53:37','수협체크','621640**********',1,3000,2727,273,'00','pay',NULL,'normal','credit','N',NULL,'N','N','02101000000000000010040000000000000000000000000020537847    19040820533713수협체크            01비씨카드            720410010      2393300001          IC카드 정상승인 20537847                                                                                       621640**********123933000010408205331                    ',NULL,NULL,'N',NULL,'2019-04-08 11:53:31','2019-04-08 11:53:38',NULL),(761,NULL,1,NULL,13,NULL,'20577848','2019-04-08 20:57:22','수협체크','621640**********',1,3000,2727,273,'00','pay',NULL,'normal','credit','N',NULL,'N','N','02101000000000000010040000000000000000000000000020577848    19040820572213수협체크            01비씨카드            720410010      2393300001          IC카드 정상승인 20577848                                                                                       621640**********123933000010408205715                    ',NULL,NULL,'N',NULL,'2019-04-08 11:57:15','2019-04-08 11:57:23',NULL),(762,NULL,1,NULL,14,NULL,'21017849','2019-04-08 21:01:20','수협체크','621640**********',1,3000,2727,273,'00','pay',NULL,'normal','credit','N',NULL,'N','N','02101000000000000010040000000000000000000000000021017849    19040821012013수협체크            01비씨카드            720410010      2393300001          IC카드 정상승인 21017849                                                                                       621640**********123933000010408210114                    ',NULL,NULL,'N',NULL,'2019-04-08 12:01:13','2019-04-08 12:01:21',NULL),(763,NULL,1,NULL,15,NULL,'21027850','2019-04-08 21:02:11','수협체크','621640**********',1,3000,2727,273,'00','pay',NULL,'normal','credit','N',NULL,'N','N','02101000000000000010040000000000000000000000000021027850    19040821021113수협체크            01비씨카드            720410010      2393300001          IC카드 정상승인 21027850                                                                                       621640**********123933000010408210204                    ',NULL,NULL,'N',NULL,'2019-04-08 12:02:04','2019-04-08 12:02:12',NULL),(764,NULL,1,NULL,16,NULL,'21137854','2019-04-08 21:13:10','수협체크','621640**********',1,3000,2727,273,'00','pay',NULL,'normal','credit','N',NULL,'N','N','02101000000000000010040000000000000000000000000021137854    19040821131013수협체크            01비씨카드            720410010      2393300001          IC카드 정상승인 21137854                                                                                       621640**********123933000010408211304                    ',NULL,NULL,'N',NULL,'2019-04-08 12:13:04','2019-04-08 12:13:12',NULL),(765,NULL,1,NULL,17,NULL,'21287855','2019-04-08 21:28:37','수협체크','621640**********',1,3000,2727,273,'00','pay',NULL,'normal','credit','N',NULL,'N','N','02101000000000000010040000000000000000000000000021287855    19040821283713수협체크            01비씨카드            720410010      2393300001          IC카드 정상승인 21287855                                                                                       621640**********123933000010408212830                    ',NULL,NULL,'N',NULL,'2019-04-08 12:28:31','2019-04-08 12:28:39',NULL),(766,NULL,1,NULL,1,NULL,'13142287','2019-04-09 13:14:20','신한카드-체크','436420**********',1,3000,2727,273,'00','pay',NULL,'normal','credit','N',NULL,'N','N','02101000000000000010040000000000000000000000000013142287    19040913142007신한카드-체크       07신한카드            0041991860     2393300001          IC카드 정상승인 13142287                                                                                       436420**********123933000010409131414                    ',NULL,NULL,'N',NULL,'2019-04-09 04:14:13','2019-04-09 04:14:21',NULL),(767,NULL,1,NULL,2,NULL,'13152288','2019-04-09 13:15:02','신한카드-체크','436420**********',1,3000,2727,273,'00','pay',NULL,'normal','credit','N',NULL,'N','N','02101000000000000010040000000000000000000000000013152288    19040913150207신한카드-체크       07신한카드            0041991860     2393300001          IC카드 정상승인 13152288                                                                                       436420**********123933000010409131456                    ',NULL,NULL,'N',NULL,'2019-04-09 04:14:56','2019-04-09 04:15:03',NULL),(768,NULL,1,NULL,NULL,NULL,NULL,NULL,NULL,NULL,1,3000,2727,273,'00','order',NULL,'normal','credit','N',NULL,'N','N',NULL,NULL,NULL,'N',NULL,'2019-04-09 07:27:09','2019-04-09 07:27:09',NULL),(769,NULL,1,NULL,1,NULL,'13272497','2019-04-10 13:27:37','신한카드-체크','436420**********',1,3000,2727,273,'00','pay',NULL,'normal','credit','N',NULL,'N','N','02101000000000000010040000000000000000000000000013272497    19041013273707신한카드-체크       07신한카드            0041991860     2393300001          IC카드 정상승인 13272497                                                                                       436420**********123933000010410132732                    ',NULL,NULL,'N',NULL,'2019-04-10 04:27:30','2019-04-10 04:27:38',NULL),(770,NULL,1,NULL,2,NULL,'44544195','2019-04-10 13:35:04','하나카드','457047**********',1,12000,10909,1091,'00','pay',NULL,'normal','credit','N',NULL,'N','N','02101000000000000010040000000000000000000000000044544195    19041013350429하나카드            29하나카드            8102776786     2393300001          IC카드 정상승인 44544195                                                                                       457047**********023933000010410133458                    ',NULL,NULL,'N','/images/2019/04/10/1554870905480.bmp','2019-04-10 04:34:57','2019-04-10 04:35:06',NULL),(771,NULL,1,NULL,3,NULL,'45584193','2019-04-10 13:53:25','하나카드','457047**********',1,9000,8182,818,'00','pay',NULL,'normal','credit','N',NULL,'N','N','02101000000000000010040000000000000000000000000045584193    19041013532529하나카드            29하나카드            8102776786     2393300001          IC카드 정상승인 45584193                                                                                       457047**********023933000010410135318                    ',NULL,NULL,'N','/images/2019/04/10/1554872006752.bmp','2019-04-10 04:53:17','2019-04-10 04:53:26',NULL),(772,NULL,1,NULL,NULL,NULL,NULL,NULL,NULL,NULL,1,3000,2727,273,NULL,'order',NULL,'normal','cash','N',NULL,'N','N',NULL,NULL,NULL,'N',NULL,'2019-04-10 05:12:00','2019-04-10 05:12:00',NULL),(773,NULL,1,NULL,NULL,NULL,NULL,NULL,NULL,NULL,1,3000,2727,273,NULL,'order',NULL,'normal','cash','N',NULL,'N','N',NULL,NULL,NULL,'N',NULL,'2019-04-10 05:12:55','2019-04-10 05:12:55',NULL),(774,NULL,1,NULL,NULL,NULL,NULL,NULL,NULL,NULL,1,3000,2727,273,NULL,'order',NULL,'normal','cash','N',NULL,'N','N',NULL,NULL,NULL,'N',NULL,'2019-04-10 05:13:46','2019-04-10 05:13:46',NULL),(775,NULL,1,NULL,NULL,NULL,NULL,NULL,NULL,NULL,1,3000,2727,273,'00','order',NULL,'normal','credit','N',NULL,'N','N',NULL,NULL,NULL,'N',NULL,'2019-04-10 06:12:00','2019-04-10 06:12:00',NULL),(776,NULL,1,NULL,4,NULL,'12812642','2019-04-10 15:13:13','신한카드-체크','436420**********',1,3000,2727,273,'00','cancel',NULL,'normal','credit','N',NULL,'N','N','04303000000000000010040000000000000000000000000012812642    19041015133907신한카드-체크       07신한카드            07187453       2393300001          IC카드 정상취소 12812642                                                                                       436420**********123933000010410151334                    ',NULL,NULL,'N',NULL,'2019-04-10 06:13:07','2019-04-10 06:13:40',NULL),(777,NULL,1,NULL,NULL,NULL,NULL,NULL,NULL,NULL,1,3000,2727,273,NULL,'order',NULL,'normal','cash','N',NULL,'N','N',NULL,NULL,NULL,'N',NULL,'2019-04-10 06:14:52','2019-04-10 06:14:52',NULL),(778,NULL,1,NULL,NULL,NULL,NULL,NULL,NULL,NULL,1,7000,6364,636,NULL,'order',NULL,'normal','cash','N',NULL,'N','N',NULL,NULL,NULL,'N',NULL,'2019-04-10 06:21:45','2019-04-10 06:21:45',NULL),(779,NULL,1,NULL,NULL,NULL,NULL,NULL,NULL,NULL,1,7000,6364,636,'00','order',NULL,'normal','credit','N',NULL,'N','N',NULL,NULL,NULL,'N',NULL,'2019-04-10 06:22:16','2019-04-10 06:22:16',NULL),(780,NULL,1,NULL,NULL,NULL,NULL,NULL,NULL,NULL,1,5000,4545,455,'00','order',NULL,'normal','credit','N',NULL,'N','N',NULL,NULL,NULL,'N',NULL,'2019-04-10 06:22:56','2019-04-10 06:22:56',NULL),(781,NULL,1,NULL,NULL,NULL,NULL,NULL,NULL,NULL,1,7000,6364,636,'00','order',NULL,'normal','credit','N',NULL,'N','N',NULL,NULL,NULL,'N',NULL,'2019-04-10 06:24:16','2019-04-10 06:24:16',NULL),(782,NULL,1,NULL,NULL,NULL,NULL,NULL,NULL,NULL,1,3000,2727,273,'00','order',NULL,'normal','credit','N',NULL,'N','N',NULL,NULL,NULL,'N',NULL,'2019-04-10 06:28:44','2019-04-10 06:28:44',NULL),(783,NULL,1,NULL,5,NULL,'15342541','2019-04-10 15:34:32','신한카드-체크','436420**********',1,3000,2727,273,'00','pay',NULL,'normal','credit','N',NULL,'N','N','02101000000000000010040000000000000000000000000015342541    19041015343207신한카드-체크       07신한카드            0041991860     2393300001          IC카드 정상승인 15342541                                                                                       436420**********123933000010410153424                    ',NULL,NULL,'N',NULL,'2019-04-10 06:34:23','2019-04-10 06:34:34',NULL),(784,NULL,1,NULL,6,NULL,NULL,'2019-04-10 03:34:53',NULL,NULL,1,3000,2727,273,NULL,'pay',NULL,'normal','cash','N',NULL,'N','N',NULL,5000,2000,'N',NULL,'2019-04-10 06:34:45','2019-04-10 06:34:52',NULL),(785,NULL,1,NULL,7,NULL,'15352542','2019-04-10 15:35:48','신한카드-체크','436420**********',1,3000,2727,273,'00','pay',NULL,'normal','credit','N',NULL,'N','N','02101000000000000010040000000000000000000000000015352542    19041015354807신한카드-체크       07신한카드            0041991860     2393300001          IC카드 정상승인 15352542                                                                                       436420**********123933000010410153540                    ',NULL,NULL,'N',NULL,'2019-04-10 06:35:39','2019-04-10 06:35:49',NULL),(786,NULL,1,NULL,8,NULL,'15472548','2019-04-10 15:47:02','신한카드-체크','436420**********',1,3000,2727,273,'00','pay',NULL,'normal','credit','N',NULL,'N','N','02101000000000000010040000000000000000000000000015472548    19041015470207신한카드-체크       07신한카드            0041991860     2393300001          IC카드 정상승인 15472548                                                                                       436420**********123933000010410154654                    ',NULL,NULL,'N',NULL,'2019-04-10 06:46:52','2019-04-10 06:47:03',NULL),(787,NULL,1,NULL,9,NULL,'15482549','2019-04-10 15:48:02','신한카드-체크','436420**********',1,3000,2727,273,'00','pay',NULL,'normal','credit','N',NULL,'N','N','02101000000000000010040000000000000000000000000015482549    19041015480207신한카드-체크       07신한카드            0041991860     2393300001          IC카드 정상승인 15482549                                                                                       436420**********123933000010410154758                    ',NULL,NULL,'N',NULL,'2019-04-10 06:47:56','2019-04-10 06:48:03',NULL),(788,NULL,1,NULL,10,NULL,'15562551','2019-04-10 15:56:49','신한카드-체크','436420**********',2,17000,15455,1545,'00','pay',NULL,'normal','credit','N',NULL,'N','N','02101000000000000010040000000000000000000000000015562551    19041015564907신한카드-체크       07신한카드            0041991860     2393300001          IC카드 정상승인 15562551                                                                                       436420**********123933000010410155645                    ',NULL,NULL,'N',NULL,'2019-04-10 06:56:43','2019-04-10 06:56:52',NULL),(789,NULL,1,NULL,11,NULL,NULL,'2019-04-10 03:59:11',NULL,NULL,1,3000,2727,273,NULL,'pay',NULL,'normal','cash','N',NULL,'N','N',NULL,5000,2000,'N',NULL,'2019-04-10 06:58:59','2019-04-10 06:59:09',NULL),(790,NULL,1,NULL,12,NULL,NULL,'2019-04-10 03:59:49',NULL,NULL,1,5000,4545,455,NULL,'pay',NULL,'normal','cash','N',NULL,'N','N',NULL,5000,0,'N',NULL,'2019-04-10 06:59:42','2019-04-10 06:59:48',NULL),(791,NULL,1,NULL,13,NULL,'16022552','2019-04-10 16:02:45','신한카드-체크','436420**********',1,8000,7273,727,'00','pay',NULL,'normal','credit','N',NULL,'N','N','02101000000000000010040000000000000000000000000016022552    19041016024507신한카드-체크       07신한카드            0041991860     2393300001          IC카드 정상승인 16022552                                                                                       436420**********123933000010410160240                    ',NULL,NULL,'N',NULL,'2019-04-10 07:02:39','2019-04-10 07:02:46',NULL),(792,NULL,1,NULL,14,NULL,'16042553','2019-04-10 16:04:03','신한카드-체크','436420**********',1,14000,12727,1273,'00','pay',NULL,'normal','credit','N',NULL,'N','N','02101000000000000010040000000000000000000000000016042553    19041016040307신한카드-체크       07신한카드            0041991860     2393300001          IC카드 정상승인 16042553                                                                                       436420**********123933000010410160359                    ',NULL,NULL,'N',NULL,'2019-04-10 07:03:57','2019-04-10 07:04:04',NULL),(793,NULL,1,NULL,15,NULL,'16062554','2019-04-10 16:06:08','신한카드-체크','436420**********',1,5000,4545,455,'00','pay',NULL,'normal','credit','N',NULL,'N','N','02101000000000000010040000000000000000000000000016062554    19041016060807신한카드-체크       07신한카드            0041991860     2393300001          IC카드 정상승인 16062554                                                                                       436420**********123933000010410160600                    ',NULL,NULL,'N',NULL,'2019-04-10 07:05:59','2019-04-10 07:06:09',NULL),(794,NULL,1,NULL,16,NULL,'16122555','2019-04-10 16:12:41','신한카드-체크','436420**********',1,3000,2727,273,'00','pay',NULL,'normal','credit','N',NULL,'N','N','02101000000000000010040000000000000000000000000016122555    19041016124107신한카드-체크       07신한카드            0041991860     2393300001          IC카드 정상승인 16122555                                                                                       436420**********123933000010410161231                    ',NULL,NULL,'N',NULL,'2019-04-10 07:12:29','2019-04-10 07:12:43',NULL),(795,NULL,1,NULL,17,NULL,'16142558','2019-04-10 16:14:47','신한카드-체크','436420**********',1,9000,8182,818,'00','pay',NULL,'normal','credit','N',NULL,'N','N','02101000000000000010040000000000000000000000000016142558    19041016144707신한카드-체크       07신한카드            0041991860     2393300001          IC카드 정상승인 16142558                                                                                       436420**********123933000010410161443                    ',NULL,NULL,'N',NULL,'2019-04-10 07:14:41','2019-04-10 07:14:49',NULL),(796,NULL,1,NULL,18,NULL,'16212562','2019-04-10 16:21:04','신한카드-체크','436420**********',1,3000,2727,273,'00','pay',NULL,'normal','credit','N',NULL,'N','N','02101000000000000010040000000000000000000000000016212562    19041016210407신한카드-체크       07신한카드            0041991860     2393300001          IC카드 정상승인 16212562                                                                                       436420**********123933000010410162100                    ',NULL,NULL,'N',NULL,'2019-04-10 07:20:58','2019-04-10 07:21:05',NULL),(797,NULL,1,NULL,19,NULL,'16312563','2019-04-10 16:31:19','신한카드-체크','436420**********',1,9000,8182,818,'00','pay',NULL,'normal','credit','N',NULL,'N','N','02101000000000000010040000000000000000000000000016312563    19041016311907신한카드-체크       07신한카드            0041991860     2393300001          IC카드 정상승인 16312563                                                                                       436420**********123933000010410163114                    ',NULL,NULL,'N',NULL,'2019-04-10 07:31:13','2019-04-10 07:31:20',NULL),(798,NULL,1,NULL,20,NULL,'16322566','2019-04-10 16:32:24','신한카드-체크','436420**********',1,5000,4545,455,'00','pay',NULL,'normal','credit','N',NULL,'N','N','02101000000000000010040000000000000000000000000016322566    19041016322407신한카드-체크       07신한카드            0041991860     2393300001          IC카드 정상승인 16322566                                                                                       436420**********123933000010410163219                    ',NULL,NULL,'N',NULL,'2019-04-10 07:32:18','2019-04-10 07:32:25',NULL),(799,NULL,1,NULL,21,NULL,'16352567','2019-04-10 16:35:52','신한카드-체크','436420**********',1,3000,2727,273,'00','pay',NULL,'normal','credit','N',NULL,'N','N','02101000000000000010040000000000000000000000000016352567    19041016355207신한카드-체크       07신한카드            0041991860     2393300001          IC카드 정상승인 16352567                                                                                       436420**********123933000010410163544                    ',NULL,NULL,'N',NULL,'2019-04-10 07:35:44','2019-04-10 07:35:53',NULL),(800,NULL,1,NULL,22,NULL,'16412569','2019-04-10 16:41:09','신한카드-체크','436420**********',1,7000,6364,636,'00','pay',NULL,'normal','credit','N',NULL,'N','N','02101000000000000010040000000000000000000000000016412569    19041016410907신한카드-체크       07신한카드            0041991860     2393300001          IC카드 정상승인 16412569                                                                                       436420**********123933000010410164102                    ',NULL,NULL,'N',NULL,'2019-04-10 07:41:01','2019-04-10 07:41:12',NULL),(801,NULL,1,NULL,23,NULL,'16502574','2019-04-10 16:50:29','신한카드-체크','436420**********',1,3000,2727,273,'00','pay',NULL,'normal','credit','N',NULL,'N','N','02101000000000000010040000000000000000000000000016502574    19041016502907신한카드-체크       07신한카드            0041991860     2393300001          IC카드 정상승인 16502574                                                                                       436420**********123933000010410165025                    ',NULL,NULL,'N',NULL,'2019-04-10 07:50:23','2019-04-10 07:50:31',NULL),(802,NULL,1,NULL,24,NULL,'16512575','2019-04-10 16:51:08','신한카드-체크','436420**********',1,14000,12727,1273,'00','pay',NULL,'normal','credit','N',NULL,'N','N','02101000000000000010040000000000000000000000000016512575    19041016510807신한카드-체크       07신한카드            0041991860     2393300001          IC카드 정상승인 16512575                                                                                       436420**********123933000010410165104                    ',NULL,NULL,'N',NULL,'2019-04-10 07:51:02','2019-04-10 07:51:09',NULL),(803,NULL,1,NULL,25,NULL,'16542576','2019-04-10 16:54:15','신한카드-체크','436420**********',1,5000,4545,455,'00','pay',NULL,'normal','credit','N',NULL,'N','N','02101000000000000010040000000000000000000000000016542576    19041016541507신한카드-체크       07신한카드            0041991860     2393300001          IC카드 정상승인 16542576                                                                                       436420**********123933000010410165411                    ',NULL,NULL,'N',NULL,'2019-04-10 07:54:09','2019-04-10 07:54:17',NULL),(804,NULL,1,NULL,26,NULL,'14035661','2019-04-10 17:10:34','신한카드-체크','436420**********',1,3000,2727,273,'00','cancel',NULL,'normal','credit','N',NULL,'N','N','04303000000000000010040000000000000000000000000014035661    19041017140707신한카드-체크       07신한카드            07187453       2393300001          IC카드 정상취소 14035661                                                                                       436420**********123933000010410171403                    ',NULL,NULL,'N',NULL,'2019-04-10 08:10:28','2019-04-10 08:14:08',NULL),(805,NULL,1,NULL,27,NULL,'14050908','2019-04-10 17:11:31','신한카드-체크','436420**********',1,7000,6364,636,'00','cancel',NULL,'normal','credit','N',NULL,'N','N','04303000000000000010040000000000000000000000000014050908    19041017115907신한카드-체크       07신한카드            07187453       2393300001          IC카드 정상취소 14050908                                                                                       436420**********123933000010410171155                    ',NULL,NULL,'N',NULL,'2019-04-10 08:11:25','2019-04-10 08:12:00',NULL),(806,NULL,1,NULL,28,NULL,'14168605','2019-04-10 17:22:17','신한카드-체크','436420**********',1,3000,2727,273,'00','cancel',NULL,'normal','credit','N',NULL,'N','N','04303000000000000010040000000000000000000000000014168605    19041017225107신한카드-체크       07신한카드            07187453       2393300001          IC카드 정상취소 14168605                                                                                       436420**********123933000010410172247                    ',NULL,NULL,'N',NULL,'2019-04-10 08:22:11','2019-04-10 08:22:52',NULL),(807,NULL,1,NULL,29,NULL,NULL,'2019-04-10 05:28:47',NULL,NULL,1,2500,2273,227,NULL,'pay',NULL,'normal','cash','Y',NULL,'N','N',NULL,5000,2500,'N',NULL,'2019-04-10 08:28:31','2019-04-10 08:28:46',NULL),(808,NULL,1,NULL,30,NULL,'17302602','2019-04-10 17:30:56','신한카드-체크','436420**********',1,7000,6364,636,'00','pay',NULL,'normal','credit','N',NULL,'N','N','02101000000000000010040000000000000000000000000017302602    19041017305607신한카드-체크       07신한카드            0041991860     2393300001          IC카드 정상승인 17302602                                                                                       436420**********123933000010410173051                    ',NULL,NULL,'N',NULL,'2019-04-10 08:30:50','2019-04-10 08:30:57',NULL),(809,NULL,1,NULL,31,NULL,NULL,'2019-04-10 05:33:53',NULL,NULL,1,3000,2727,273,NULL,'pay',NULL,'normal','cash','N',NULL,'N','N',NULL,3000,0,'N',NULL,'2019-04-10 08:33:39','2019-04-10 08:33:52',NULL),(810,NULL,1,NULL,1,NULL,'42504183','2019-04-11 14:45:42','하나카드','457047**********',1,6000,5455,545,'00','pay',NULL,'normal','credit','N',NULL,'N','N','02101000000000000010040000000000000000000000000042504183    19041114454229하나카드            29하나카드            8102776786     2393300001          IC카드 정상승인 42504183                                                                                       457047**********023933000010411144536                    ',NULL,NULL,'N',NULL,'2019-04-11 05:45:35','2019-04-11 05:45:42',NULL),(811,NULL,1,NULL,2,NULL,'42544189','2019-04-11 14:47:02','하나카드','457047**********',1,6000,5455,545,'00','pay',NULL,'normal','credit','N',NULL,'N','N','02101000000000000010040000000000000000000000000042544189    19041114470229하나카드            29하나카드            8102776786     2393300001          IC카드 정상승인 42544189                                                                                       457047**********023933000010411144658                    ',NULL,NULL,'N',NULL,'2019-04-11 05:46:57','2019-04-11 05:47:03',NULL),(812,NULL,1,NULL,3,NULL,'43584183','2019-04-11 14:48:23','하나카드','457047**********',1,6000,5455,545,'00','pay',NULL,'normal','credit','N',NULL,'N','N','02101000000000000010040000000000000000000000000043584183    19041114482329하나카드            29하나카드            8102776786     2393300001          IC카드 정상승인 43584183                                                                                       457047**********023933000010411144819                    ',NULL,NULL,'N',NULL,'2019-04-11 05:48:18','2019-04-11 05:48:24',NULL),(813,NULL,1,NULL,4,NULL,'41594187','2019-04-11 14:49:11','하나카드','457047**********',1,6000,5455,545,'00','pay',NULL,'normal','credit','N',NULL,'N','N','02101000000000000010040000000000000000000000000041594187    19041114491129하나카드            29하나카드            8102776786     2393300001          IC카드 정상승인 41594187                                                                                       457047**********023933000010411144907                    ',NULL,NULL,'N',NULL,'2019-04-11 05:49:06','2019-04-11 05:49:12',NULL),(814,NULL,1,NULL,5,NULL,'41574183','2019-04-11 14:56:01','하나카드','457047**********',1,6000,5455,545,'00','pay',NULL,'normal','credit','N',NULL,'N','N','02101000000000000010040000000000000000000000000041574183    19041114560129하나카드            29하나카드            8102776786     2393300001          IC카드 정상승인 41574183                                                                                       457047**********023933000010411145557                    ',NULL,NULL,'N',NULL,'2019-04-11 05:55:55','2019-04-11 05:56:02',NULL),(815,NULL,1,NULL,6,NULL,'40594182','2019-04-11 14:56:30','하나카드','457047**********',1,6000,5455,545,'00','pay',NULL,'normal','credit','N',NULL,'N','N','02101000000000000010040000000000000000000000000040594182    19041114563029하나카드            29하나카드            8102776786     2393300001          IC카드 정상승인 40594182                                                                                       457047**********023933000010411145627                    ',NULL,NULL,'N',NULL,'2019-04-11 05:56:25','2019-04-11 05:56:31',NULL),(816,NULL,1,NULL,7,NULL,'44554186','2019-04-11 15:19:54','하나카드','457047**********',1,6000,5455,545,'00','pay',NULL,'normal','credit','N',NULL,'N','N','02101000000000000010040000000000000000000000000044554186    19041115195429하나카드            29하나카드            8102776786     2393300001          IC카드 정상승인 44554186                                                                                       457047**********023933000010411151950                    ',NULL,NULL,'N',NULL,'2019-04-11 06:19:48','2019-04-11 06:19:55',NULL),(817,NULL,1,NULL,8,NULL,'21393038','2019-04-11 21:39:59','신한카드-체크','436420**********',1,7000,6364,636,'00','pay',NULL,'normal','credit','N',NULL,'N','N','02101000000000000010040000000000000000000000000021393038    19041121395907신한카드-체크       07신한카드            0041991860     2393300001          IC카드 정상승인 21393038                                                                                       436420**********123933000010411213956                    ',NULL,NULL,'N',NULL,'2019-04-11 12:39:52','2019-04-11 12:40:00',NULL),(818,NULL,1,NULL,9,NULL,'21423039','2019-04-11 21:42:59','신한카드-체크','436420**********',1,7000,6364,636,'00','pay',NULL,'normal','credit','N',NULL,'N','N','02101000000000000010040000000000000000000000000021423039    19041121425907신한카드-체크       07신한카드            0041991860     2393300001          IC카드 정상승인 21423039                                                                                       436420**********123933000010411214256                    ',NULL,NULL,'N',NULL,'2019-04-11 12:42:53','2019-04-11 12:43:00',NULL),(819,NULL,1,NULL,10,NULL,'21463040','2019-04-11 21:46:34','신한카드-체크','436420**********',1,5000,4545,455,'00','pay',NULL,'normal','credit','N',NULL,'N','N','02101000000000000010040000000000000000000000000021463040    19041121463407신한카드-체크       07신한카드            0041991860     2393300001          IC카드 정상승인 21463040                                                                                       436420**********123933000010411214631                    ',NULL,NULL,'N',NULL,'2019-04-11 12:46:28','2019-04-11 12:46:35',NULL),(820,NULL,1,NULL,11,NULL,NULL,'2019-04-11 09:47:02',NULL,NULL,1,5000,4545,455,NULL,'pay',NULL,'normal','cash','N',NULL,'N','N',NULL,5000,0,'N',NULL,'2019-04-11 12:46:53','2019-04-11 12:46:59',NULL),(821,NULL,1,NULL,NULL,NULL,NULL,NULL,NULL,NULL,1,5000,4545,455,NULL,'order',NULL,'normal','cash','N',NULL,'N','N',NULL,NULL,NULL,'N',NULL,'2019-04-11 12:50:38','2019-04-11 12:50:38',NULL),(822,NULL,1,NULL,12,NULL,'21503041','2019-04-11 21:50:54','신한카드-체크','436420**********',1,5000,4545,455,'00','pay',NULL,'normal','credit','N',NULL,'N','N','02101000000000000010040000000000000000000000000021503041    19041121505407신한카드-체크       07신한카드            0041991860     2393300001          IC카드 정상승인 21503041                                                                                       436420**********123933000010411215050                    ',NULL,NULL,'N',NULL,'2019-04-11 12:50:47','2019-04-11 12:50:55',NULL),(823,NULL,1,NULL,1,NULL,'13093148','2019-04-12 13:09:02','신한카드-체크','436420**********',1,7000,6364,636,'00','pay',NULL,'normal','credit','N',NULL,'N','N','02101000000000000010040000000000000000000000000013093148    19041213090207신한카드-체크       07신한카드            0041991860     2393300001          IC카드 정상승인 13093148                                                                                       436420**********123933000010412130859                    ',NULL,NULL,'N',NULL,'2019-04-12 04:08:55','2019-04-12 04:09:03',NULL),(824,NULL,1,NULL,NULL,NULL,NULL,NULL,NULL,NULL,1,3000,2727,273,NULL,'order',NULL,'normal','cash','N',NULL,'N','N',NULL,NULL,NULL,'N',NULL,'2019-04-12 04:09:14','2019-04-12 04:09:14',NULL),(825,NULL,1,NULL,2,NULL,'13253151','2019-04-12 13:25:08','신한카드-체크','436420**********',1,7000,6364,636,'00','pay',NULL,'normal','credit','N',NULL,'N','N','02101000000000000010040000000000000000000000000013253151    19041213250807신한카드-체크       07신한카드            0041991860     2393300001          IC카드 정상승인 13253151                                                                                       436420**********123933000010412132506                    ',NULL,NULL,'N',NULL,'2019-04-12 04:25:02','2019-04-12 04:25:09',NULL),(826,NULL,1,NULL,NULL,NULL,NULL,NULL,NULL,NULL,1,3000,2727,273,NULL,'order',NULL,'normal','cash','N',NULL,'N','N',NULL,NULL,NULL,'N',NULL,'2019-04-12 04:25:29','2019-04-12 04:25:29',NULL),(827,NULL,1,NULL,3,NULL,NULL,NULL,NULL,NULL,1,3000,2727,273,NULL,'cancel',NULL,'normal','cash','N',NULL,'N','N',NULL,25000,25000,'N',NULL,'2019-04-12 04:25:50','2019-04-12 04:26:06',NULL),(828,NULL,1,NULL,4,NULL,NULL,'2019-04-12 01:26:58',NULL,NULL,1,5000,4545,455,NULL,'pay',NULL,'normal','cash','N',NULL,'N','N',NULL,10000,5000,'N',NULL,'2019-04-12 04:26:47','2019-04-12 04:26:55',NULL),(829,NULL,1,NULL,5,NULL,NULL,'2019-04-12 01:36:03',NULL,NULL,1,2500,2273,227,NULL,'pay',NULL,'normal','cash','Y',NULL,'N','N',NULL,5000,2500,'N',NULL,'2019-04-12 04:35:46','2019-04-12 04:35:59',NULL),(830,NULL,1,NULL,6,NULL,NULL,'2019-04-12 02:22:50',NULL,NULL,1,3000,2727,273,NULL,'pay',NULL,'normal','cash','N',NULL,'N','N',NULL,5000,2000,'N',NULL,'2019-04-12 05:22:40','2019-04-12 05:22:50',NULL),(831,NULL,1,NULL,NULL,NULL,NULL,NULL,NULL,NULL,6,60000,54545,5455,'00','order',NULL,'normal','credit','N',NULL,'N','N',NULL,NULL,NULL,'N',NULL,'2019-04-15 06:42:58','2019-04-15 06:42:58',NULL),(832,4,1,3600,1,NULL,NULL,NULL,NULL,NULL,1,3600,3273,327,NULL,'pay',NULL,'point','point','N',NULL,'N','N',NULL,NULL,NULL,'N',NULL,'2019-05-17 11:48:22','2019-05-17 11:48:25',NULL),(833,4,1,9000,2,NULL,NULL,NULL,NULL,NULL,2,9000,8182,818,NULL,'pay',NULL,'point','point','N',NULL,'N','N',NULL,NULL,NULL,'N',NULL,'2019-05-17 11:50:33','2019-05-17 11:50:39',NULL),(834,4,1,12000,3,NULL,NULL,NULL,NULL,NULL,2,12000,10909,1091,NULL,'pay',NULL,'point','point','N',NULL,'N','N',NULL,NULL,NULL,'N',NULL,'2019-05-17 11:53:47','2019-05-17 11:53:50',NULL),(835,NULL,1,NULL,4,NULL,NULL,'2019-05-17 08:57:29',NULL,NULL,1,6000,5455,545,NULL,'pay',NULL,'normal','cash','N',NULL,'N','N',NULL,10000,4000,'N',NULL,'2019-05-17 11:57:19','2019-05-17 11:57:29',NULL),(836,NULL,1,NULL,5,NULL,NULL,'2019-05-17 08:58:43',NULL,NULL,1,8000,7273,727,NULL,'pay',NULL,'normal','cash','N',NULL,'N','N',NULL,10000,2000,'N',NULL,'2019-05-17 11:58:35','2019-05-17 11:58:43',NULL),(837,NULL,1,NULL,6,NULL,NULL,'2019-05-17 08:59:54',NULL,NULL,2,8000,7273,727,NULL,'pay',NULL,'normal','cash','N',NULL,'N','N',NULL,10000,2000,'N',NULL,'2019-05-17 11:59:46','2019-05-17 11:59:54',NULL),(838,NULL,1,NULL,1,NULL,NULL,'2019-05-22 02:04:20',NULL,NULL,2,25000,22727,2273,NULL,'pay',NULL,'normal','cash','N',NULL,'N','N',NULL,25000,0,'N',NULL,'2019-05-22 05:03:09','2019-05-22 05:03:40',NULL),(839,NULL,1,NULL,2,NULL,'14045888','2019-05-22 14:04:17','수협체크','621640**********',1,3000,2727,273,'00','pay',NULL,'normal','credit','N',NULL,'N','N','02101000000000000030000000000000000000000000000014045888    19052214041713수협체크            01비씨카드            720410010      2393300001          IC카드 정상승인 14045888                                                                                       621640**********123933000010522140440                    ',NULL,NULL,'N',NULL,'2019-05-22 05:03:58','2019-05-22 05:04:18',NULL),(840,NULL,1,NULL,3,NULL,NULL,'2019-05-22 02:05:31',NULL,NULL,1,3000,2727,273,NULL,'pay',NULL,'normal','cash','N',NULL,'N','N',NULL,5000,2000,'N',NULL,'2019-05-22 05:04:39','2019-05-22 05:04:50',NULL),(841,NULL,1,NULL,4,NULL,NULL,'2019-05-22 02:42:47',NULL,NULL,1,3000,2727,273,NULL,'pay',NULL,'normal','cash','N',NULL,'N','N',NULL,3000,0,'N',NULL,'2019-05-22 05:41:50','2019-05-22 05:42:06',NULL),(842,NULL,1,NULL,5,NULL,'76593571','2019-05-22 15:01:31','수협체크','621640**********',1,3000,2727,273,'00','cancel',NULL,'normal','credit','N',NULL,'N','N','04303000000000000030000000000000000000000000000076593571    19052215022413수협체크            01비씨카드            720410010      1879443001          IC카드 정상취소 76593571                                                                                       621640**********118794430010522150257                    ',NULL,NULL,'N',NULL,'2019-05-22 06:01:23','2019-05-22 06:02:25',NULL),(843,NULL,1,NULL,6,NULL,NULL,'2019-05-22 03:04:09',NULL,NULL,1,3000,2727,273,NULL,'pay',NULL,'normal','cash','N',NULL,'N','N',NULL,3000,0,'Y',NULL,'2019-05-22 06:03:12','2019-05-22 06:03:36',NULL),(844,NULL,1,NULL,NULL,NULL,NULL,NULL,NULL,NULL,1,3000,2727,273,'00','order',NULL,'normal','credit','N',NULL,'N','N',NULL,NULL,NULL,'N',NULL,'2019-05-22 10:29:01','2019-05-22 10:29:01',NULL),(845,NULL,25,NULL,NULL,NULL,NULL,NULL,NULL,NULL,1,9000,8182,818,'00','order',NULL,'normal','credit','N',NULL,'N','N',NULL,NULL,NULL,'N',NULL,'2019-05-23 04:49:42','2019-05-23 04:49:42',NULL),(846,NULL,25,NULL,NULL,NULL,NULL,NULL,NULL,NULL,1,9000,8182,818,'00','order',NULL,'normal','credit','N',NULL,'N','N',NULL,NULL,NULL,'N',NULL,'2019-05-23 04:50:12','2019-05-23 04:50:12',NULL),(847,NULL,25,NULL,1,NULL,NULL,NULL,NULL,NULL,1,9000,8182,818,'00','cancel',NULL,'normal','credit','N',NULL,'N','N','021010797900000000900000000000000000000000000000                        13수협체크                                                 1879443001         나이스체크                              미등록가맹점                                                            621640********** 18794430010523135128                    ',NULL,NULL,'N',NULL,'2019-05-23 04:50:46','2019-05-23 04:50:55',NULL),(848,NULL,25,NULL,2,NULL,NULL,NULL,NULL,NULL,1,9000,8182,818,'00','cancel',NULL,'normal','credit','N',NULL,'N','N','021010797900000000900000000000000000000000000000                        02KB국민카드                                               1879443001         나이스체크                              미등록가맹점                                                            520504********** 18794430010523140138                    ',NULL,NULL,'N',NULL,'2019-05-23 05:00:56','2019-05-23 05:01:09',NULL),(849,NULL,25,NULL,3,NULL,NULL,NULL,NULL,NULL,1,9000,8182,818,'00','cancel',NULL,'normal','credit','N',NULL,'N','N','021010797900000000900000000000000000000000000000                        02KB국민카드                                               1879443001         나이스체크                              미등록가맹점                                                            520504********** 18794430010523140714                    ',NULL,NULL,'N',NULL,'2019-05-23 05:06:32','2019-05-23 05:06:41',NULL),(850,NULL,25,NULL,4,NULL,NULL,NULL,NULL,NULL,1,9000,8182,818,'00','cancel',NULL,'normal','credit','N',NULL,'N','N','021010797900000000900000000000000000000000000000                        02KB국민카드                                               1879443001         나이스체크                              미등록가맹점                                                            520504********** 18794430010523141938                    ',NULL,NULL,'N',NULL,'2019-05-23 05:18:56','2019-05-23 05:19:03',NULL),(851,NULL,25,NULL,5,NULL,NULL,NULL,NULL,NULL,1,9000,8182,818,'00','cancel',NULL,'normal','credit','N',NULL,'N','N','021010797900000000900000000000000000000000000000                        02KB국민카드                                               1879443001         나이스체크                              미등록가맹점                                                            520504********** 18794430010523145538                    ',NULL,NULL,'N',NULL,'2019-05-23 05:54:56','2019-05-23 05:55:04',NULL),(852,NULL,25,NULL,6,NULL,NULL,NULL,NULL,NULL,1,9000,8182,818,'00','cancel',NULL,'normal','credit','N',NULL,'N','N','021010797900000000900000000000000000000000000000                        02KB국민카드                                               1879443001         나이스체크                              미등록가맹점                                                            520504********** 18794430010523150447                    ',NULL,NULL,'N',NULL,'2019-05-23 06:04:05','2019-05-23 06:04:11',NULL),(853,NULL,1,NULL,1,NULL,'57564147','2019-05-23 16:40:27','하나카드','457047**********',1,3600,3273,327,'00','pay',NULL,'normal','credit','N',NULL,'N','N','02101000000000000036000000000000000000000000000057564147    19052316402729하나카드            29하나카드            8102776786     1879443001          IC카드 정상승인 57564147                                                                                       457047**********018794430010523164018                    ',NULL,NULL,'N',NULL,'2019-05-23 07:40:19','2019-05-23 07:40:28',NULL),(854,NULL,1,NULL,2,NULL,'55413149','2019-05-23 16:53:25','하나카드','457047**********',1,200,182,18,'00','pay',NULL,'normal','credit','N',NULL,'N','N','02101000000000000002000000000000000000000000000055413149    19052316532529하나카드            03하나카드            00990212185    1879443001          IC카드 정상승인 55413149                                                                                       457047**********018794430010523165318                    ',NULL,NULL,'N',NULL,'2019-05-23 07:53:19','2019-05-23 07:53:26',NULL),(855,NULL,25,NULL,7,NULL,'30000059','2019-05-23 19:14:04','KB국민카드','520504**********',1,9000,8182,818,'00','cancel',NULL,'normal','credit','N',NULL,'N','N','04303000000000000090000000000000000000000000000030000059    19052319150802KB국민카드          02KB국민카드          00088035424    1879443001          IC카드 정상취소 30000059                                                                                       520504**********118794430010523191542                    ',NULL,NULL,'N',NULL,'2019-05-23 10:13:59','2019-05-23 10:15:08',NULL),(856,NULL,25,NULL,8,NULL,NULL,NULL,NULL,NULL,1,9000,8182,818,'00','cancel',NULL,'normal','credit','N',NULL,'N','N','021010757400000000900000000000000000000000000000            19052408585113수협체크            01비씨카드            708435527      1879443001         거래거절                                가맹점자기매출                                                          621640********** 18794430010524085926                    ',NULL,NULL,'N',NULL,'2019-05-23 23:58:43','2019-05-23 23:58:52',NULL),(857,NULL,25,NULL,1,NULL,NULL,NULL,NULL,NULL,1,9000,8182,818,'00','cancel',NULL,'normal','credit','N',NULL,'N','N','021010757400000000900000000000000000000000000000            19052409255013수협체크            01비씨카드            708435527      1879443001         거래거절                                가맹점자기매출                                                          621640********** 18794430010524092620                    ',NULL,NULL,'N',NULL,'2019-05-24 00:25:37','2019-05-24 00:25:51',NULL),(858,NULL,25,NULL,2,NULL,NULL,NULL,NULL,NULL,1,9000,8182,818,'00','cancel',NULL,'normal','credit','N',NULL,'N','N','021010757400000000900000000000000000000000000000            19052409515713수협체크            01비씨카드            708435527      1879443001         거래거절                                가맹점자기매출                                                          621640********** 18794430010524095229                    ',NULL,NULL,'N',NULL,'2019-05-24 00:51:46','2019-05-24 00:51:57',NULL),(859,NULL,25,NULL,NULL,NULL,NULL,NULL,NULL,NULL,1,9000,8182,818,NULL,'order',NULL,'normal','cash','N',NULL,'N','N',NULL,NULL,NULL,'N',NULL,'2019-05-24 01:19:59','2019-05-24 01:19:59',NULL),(860,NULL,25,NULL,NULL,NULL,NULL,NULL,NULL,NULL,1,9000,8182,818,NULL,'order',NULL,'normal','cash','N',NULL,'N','N',NULL,NULL,NULL,'N',NULL,'2019-05-24 01:20:51','2019-05-24 01:20:51',NULL),(861,NULL,25,NULL,3,NULL,NULL,'2019-05-24 01:49:14',NULL,NULL,1,9000,8182,818,NULL,'pay',NULL,'normal','cash','N',NULL,'N','N',NULL,10000,1000,'N',NULL,'2019-05-24 04:49:04','2019-05-24 04:49:15',NULL),(862,NULL,25,NULL,4,NULL,NULL,NULL,NULL,NULL,1,9000,8182,818,'00','cancel',NULL,'normal','credit','N',NULL,'N','N','021010757400000000900000000000000000000000000000            19052413502313수협체크            01비씨카드            708435527      1879443001         거래거절                                가맹점자기매출                                                          621640********** 18794430010524135001                    ',NULL,NULL,'N',NULL,'2019-05-24 04:50:01','2019-05-24 04:50:23',NULL),(863,NULL,25,NULL,NULL,NULL,NULL,NULL,NULL,NULL,1,9000,8182,818,'00','order',NULL,'normal','credit','N',NULL,'N','N',NULL,NULL,NULL,'N',NULL,'2019-06-06 07:38:06','2019-06-06 07:38:06',NULL),(864,NULL,25,NULL,1,NULL,'30000071','2019-06-06 16:38:46','KB국민카드','520504**********',1,9000,8182,818,'00','cancel',NULL,'normal','credit','N',NULL,'N','N','04303000000000000090000000000000000000000000000030000071    19060616402802KB국민카드          02KB국민카드          00088035424    1879443001          IC카드 정상취소 30000071                                                                                       520504**********118794430010606164034                    ',NULL,NULL,'N',NULL,'2019-06-06 07:38:39','2019-06-06 07:40:29',NULL),(865,NULL,25,NULL,2,NULL,'30000082','2019-06-06 16:52:15','KB국민카드','520504**********',1,5000,4545,455,'00','cancel',NULL,'normal','credit','N',NULL,'N','N','04303000000000000050000000000000000000000000000030000082    19060616525202KB국민카드          02KB국민카드          00088035424    1879443001          IC카드 정상취소 30000082                                                                                       520504**********118794430010606165257                    ',NULL,NULL,'N',NULL,'2019-06-06 07:52:05','2019-06-06 07:52:53',NULL),(866,NULL,25,NULL,3,NULL,NULL,'2019-06-06 04:58:20',NULL,NULL,1,9000,8182,818,NULL,'pay',NULL,'normal','cash','N',NULL,'N','N',NULL,10000,1000,'N',NULL,'2019-06-06 07:58:01','2019-06-06 07:58:08',NULL),(867,NULL,25,NULL,1,NULL,'30000093','2019-06-07 10:42:18','KB국민카드','520504**********',1,9000,8182,818,'00','cancel',NULL,'normal','credit','N',NULL,'N','N','04303000000000000090000000000000000000000000000030000093    19060711165202KB국민카드          02KB국민카드          00088035424    1879443001          IC카드 정상취소 30000093                                                                                       520504**********118794430010607111647                    ',NULL,NULL,'N',NULL,'2019-06-07 01:42:12','2019-06-07 02:16:52',NULL),(868,NULL,25,NULL,2,NULL,'30000105','2019-06-07 10:43:49','KB국민카드','520504**********',1,9000,8182,818,'00','cancel',NULL,'normal','credit','N',NULL,'N','N','04303000000000000090000000000000000000000000000030000105    19060711164102KB국민카드          02KB국민카드          00088035424    1879443001          IC카드 정상취소 30000105                                                                                       520504**********118794430010607111637                    ',NULL,NULL,'N',NULL,'2019-06-07 01:43:44','2019-06-07 02:16:42',NULL),(869,NULL,25,NULL,3,NULL,NULL,NULL,NULL,NULL,1,9000,8182,818,'00','cancel',NULL,'normal','credit','N',NULL,'N','N','021010757400000000900000000000000000000000000000            19060711171401토스카드체크        01비씨카드 EDC        708435527      1879443001         거래거절                                가맹점자기매출                                                          941642********** 18794430010607111709                    ',NULL,NULL,'N',NULL,'2019-06-07 02:17:08','2019-06-07 02:17:15',NULL),(870,NULL,25,NULL,4,NULL,'30000116','2019-06-07 11:25:37','KB국민카드','520504**********',1,9000,8182,818,'00','cancel',NULL,'normal','credit','N',NULL,'N','N','04303000000000000090000000000000000000000000000030000116    19060711322402KB국민카드          02KB국민카드          00088035424    1879443001          IC카드 정상취소 30000116                                                                                       520504**********118794430010607113220                    ',NULL,NULL,'N',NULL,'2019-06-07 02:25:32','2019-06-07 02:32:24',NULL),(871,NULL,25,NULL,5,NULL,'30000127','2019-06-07 11:32:06','KB국민카드','520504**********',1,9000,8182,818,'00','cancel',NULL,'normal','credit','N',NULL,'N','N','04303000000000000090000000000000000000000000000030000127    19060711323902KB국민카드          02KB국민카드          00088035424    1879443001          IC카드 정상취소 30000127                                                                                       520504**********118794430010607113235                    ',NULL,NULL,'N',NULL,'2019-06-07 02:32:02','2019-06-07 02:32:39',NULL),(872,NULL,25,NULL,6,NULL,'30000138','2019-06-07 11:40:53','KB국민카드','520504**********',1,9000,8182,818,'00','cancel',NULL,'normal','credit','N',NULL,'N','N','04303000000000000090000000000000000000000000000030000138    19060711410902KB국민카드          02KB국민카드          00088035424    1879443001          IC카드 정상취소 30000138                                                                                       520504**********118794430010607114104                    ',NULL,NULL,'N',NULL,'2019-06-07 02:40:48','2019-06-07 02:41:09',NULL),(873,NULL,25,NULL,NULL,NULL,NULL,NULL,NULL,NULL,1,9000,8182,818,'00','order',NULL,'normal','credit','N',NULL,'N','N',NULL,NULL,NULL,'N',NULL,'2019-06-07 03:02:45','2019-06-07 03:02:45',NULL),(874,NULL,25,NULL,NULL,NULL,NULL,NULL,NULL,NULL,1,9000,8182,818,NULL,'order',NULL,'normal','cash','Y',NULL,'N','N',NULL,NULL,NULL,'N',NULL,'2019-06-07 03:17:09','2019-06-07 03:17:09',NULL),(875,NULL,25,NULL,1,NULL,'30000149','2019-06-12 09:35:05','KB국민카드','520504**********',1,9000,8182,818,'00','cancel',NULL,'normal','credit','N',NULL,'N','N','04303000000000000090000000000000000000000000000030000149    19061209400402KB국민카드          02KB국민카드          00088035424    1879443001          IC카드 정상취소 30000149                                                                                       520504**********118794430010612094005                    ',NULL,NULL,'N',NULL,'2019-06-12 00:35:00','2019-06-12 00:40:05',NULL),(876,NULL,25,NULL,2,NULL,'30000150','2019-06-12 09:40:26','KB국민카드','520504**********',1,9000,8182,818,'00','pay',NULL,'normal','credit','N',NULL,'N','N','02101000000000000090000000000000000000000000000030000150    19061209402602KB국민카드          02KB국민카드          00088035424    1879443001          IC카드 정상승인 30000150                                                                                       520504**********118794430010612094027                    ',NULL,NULL,'N',NULL,'2019-06-12 00:40:22','2019-06-12 00:40:27',NULL),(877,NULL,25,NULL,1,NULL,NULL,'2019-06-14 03:18:20',NULL,NULL,1,9000,8182,818,NULL,'pay',NULL,'normal','cash','N',NULL,'N','N',NULL,10000,1000,'N',NULL,'2019-06-14 06:18:10','2019-06-14 06:18:17',NULL),(878,NULL,25,NULL,2,NULL,'30000161','2019-06-14 15:18:44','KB국민카드','520504**********',1,9000,8182,818,'00','cancel',NULL,'normal','credit','N',NULL,'N','N','04303000000000000090000000000000000000000000000030000161    19061415191502KB국민카드          02KB국민카드          00088035424    1879443001          IC카드 정상취소 30000161                                                                                       520504**********118794430010614151914                    ',NULL,NULL,'N',NULL,'2019-06-14 06:18:35','2019-06-14 06:19:16',NULL);
/*!40000 ALTER TABLE `order` ENABLE KEYS */;
UNLOCK TABLES;

--
-- Table structure for table `order_cashbill`
--

DROP TABLE IF EXISTS `order_cashbill`;
/*!40101 SET @saved_cs_client     = @@character_set_client */;
/*!40101 SET character_set_client = utf8 */;
CREATE TABLE `order_cashbill` (
  `id` int(11) NOT NULL AUTO_INCREMENT,
  `order_id` int(11) DEFAULT NULL,
  `price` int(11) DEFAULT NULL COMMENT '현금영수증 신청 금액',
  `identity_num` varchar(50) DEFAULT NULL COMMENT '신분확인번호',
  `approve_num` varchar(50) DEFAULT NULL COMMENT '승인번호',
  `status` enum('bill','cancel') DEFAULT NULL COMMENT '상태 : 발행, 취소',
  `type` varchar(50) DEFAULT NULL COMMENT '소득공제용 or 지출증빙용',
  `code` varchar(10) DEFAULT NULL COMMENT '발행코드',
  `cancel_code` varchar(10) DEFAULT NULL COMMENT '현금영수증 취소 코드 기록',
  `created_at` datetime DEFAULT NULL,
  `updated_at` datetime DEFAULT NULL,
  PRIMARY KEY (`id`)
) ENGINE=InnoDB AUTO_INCREMENT=23 DEFAULT CHARSET=utf8mb4 COMMENT='현금영수증 내역';
/*!40101 SET character_set_client = @saved_cs_client */;

--
-- Dumping data for table `order_cashbill`
--

LOCK TABLES `order_cashbill` WRITE;
/*!40000 ALTER TABLE `order_cashbill` DISABLE KEYS */;
INSERT INTO `order_cashbill` VALUES (1,199,10000,'01025991398','5181600778-199','bill','소득공제용',NULL,NULL,'2018-12-24 08:50:20','2018-12-24 08:50:20'),(2,201,10000,'01025991398','5181600778-201','bill','소득공제용',NULL,NULL,'2018-12-26 01:36:34','2018-12-26 01:36:34'),(3,205,10000,'01025991398','5181600778-205','bill','소득공제용',NULL,NULL,'2018-12-26 02:38:58','2018-12-26 02:38:58'),(4,206,10000,'01025991398','5181600778-206','bill','소득공제용',NULL,NULL,'2018-12-26 02:51:59','2018-12-26 02:51:59'),(5,207,10000,'01025991398','5181600778-207','bill','소득공제용',NULL,NULL,'2018-12-26 02:53:52','2018-12-26 02:53:52'),(6,208,10000,'01025991398','5181600778-208','bill','소득공제용',NULL,NULL,'2018-12-26 02:57:03','2018-12-26 02:57:03'),(7,210,10000,'01025991398','5181600778-210','bill','소득공제용',NULL,NULL,'2018-12-26 02:59:18','2018-12-26 02:59:18'),(8,263,7000,'01025991398','5181600778-263','bill','소득공제용',NULL,NULL,'2019-01-08 05:56:37','2019-01-08 05:56:37'),(9,264,7000,'01025991398','5181600778-264','bill','소득공제용',NULL,NULL,'2019-01-08 06:10:34','2019-01-08 06:10:34'),(10,265,7000,'01025991398','5181600778-265','bill','소득공제용',NULL,NULL,'2019-01-08 06:41:58','2019-01-08 06:41:58'),(11,273,7000,'01025991398','5181600778-273','bill','소득공제용',NULL,NULL,'2019-01-08 08:26:13','2019-01-08 08:26:13'),(12,287,7000,'01025991398','5181600778-287','bill','소득공제용',NULL,NULL,'2019-01-09 02:23:42','2019-01-09 02:23:42'),(13,290,7000,'0 10 25991398','5181600778-290','bill','소득공제용',NULL,NULL,'2019-01-09 04:48:57','2019-01-09 04:48:57'),(14,342,15000,'01025991398','5181600778-342','bill','소득공제용','1',NULL,'2019-01-17 08:39:46','2019-01-17 08:39:46'),(15,365,1000,'01025991398','5181600778-365','bill','소득공제용','1',NULL,'2019-01-18 06:49:08','2019-01-18 06:49:08'),(16,341,15000,'01025991398','5181600778-341','cancel','소득공제용','1','1','2019-01-29 05:04:11','2019-01-29 05:17:22'),(17,711,6500,'01030809636','5181600778-711','bill','소득공제용','1',NULL,'2019-03-29 06:15:19','2019-03-29 06:15:19'),(18,743,5000,'01030809636','5181600778-743','bill','소득공제용','1',NULL,'2019-04-04 06:03:21','2019-04-04 06:03:21'),(19,744,5000,'01030809636','5181600778-744','bill','소득공제용','1',NULL,'2019-04-04 06:12:05','2019-04-04 06:12:05'),(20,745,7000,'01030809636','5181600778-745','bill','소득공제용','1',NULL,'2019-04-05 02:45:26','2019-04-05 02:45:26'),(21,748,7000,'01030809636','5181600778-748','bill','소득공제용','1',NULL,'2019-04-05 05:41:25','2019-04-05 05:41:25'),(22,843,3000,'01030809636','5181600778-843','bill','소득공제용','1',NULL,'2019-05-22 06:03:36','2019-05-22 06:03:36');
/*!40000 ALTER TABLE `order_cashbill` ENABLE KEYS */;
UNLOCK TABLES;

--
-- Table structure for table `order_menu`
--

DROP TABLE IF EXISTS `order_menu`;
/*!40101 SET @saved_cs_client     = @@character_set_client */;
/*!40101 SET character_set_client = utf8 */;
CREATE TABLE `order_menu` (
  `id` int(11) NOT NULL AUTO_INCREMENT,
  `order_id` int(11) DEFAULT NULL,
  `store_menu_id` int(11) DEFAULT NULL,
  `name` varchar(50) DEFAULT NULL,
  `count` int(11) DEFAULT NULL COMMENT '메뉴 주문 갯수',
  `price` int(11) DEFAULT NULL COMMENT '총 가격',
  `created_at` datetime DEFAULT NULL,
  `updated_at` datetime DEFAULT NULL,
  `deleted_at` datetime DEFAULT NULL,
  PRIMARY KEY (`id`)
) ENGINE=InnoDB AUTO_INCREMENT=976 DEFAULT CHARSET=utf8 COMMENT='주문 상세 리스트';
/*!40101 SET character_set_client = @saved_cs_client */;

--
-- Dumping data for table `order_menu`
--

LOCK TABLES `order_menu` WRITE;
/*!40000 ALTER TABLE `order_menu` DISABLE KEYS */;
INSERT INTO `order_menu` VALUES (12,21,3,'콰트로 세트',1,8000,'2018-11-22 06:36:50','2018-11-22 06:36:50',NULL),(13,21,2,'콰트로 와퍼 세트',1,8500,'2018-11-22 06:36:50','2018-11-22 06:36:50',NULL),(14,22,3,'콰트로 세트',2,16000,'2018-11-22 06:37:57','2018-11-22 06:37:57',NULL),(15,22,2,'콰트로 와퍼 세트',2,17000,'2018-11-22 06:37:57','2018-11-22 06:37:57',NULL),(16,22,1,'콰트로 치즈 와퍼 세트',2,18000,'2018-11-22 06:37:57','2018-11-22 06:37:57',NULL),(17,23,3,'콰트로 세트',2,16000,'2018-11-22 06:40:32','2018-11-22 06:40:32',NULL),(18,23,2,'콰트로 와퍼 세트',2,17000,'2018-11-22 06:40:32','2018-11-22 06:40:32',NULL),(19,23,1,'콰트로 치즈 와퍼 세트',2,18000,'2018-11-22 06:40:32','2018-11-22 06:40:32',NULL),(20,24,2,'콰트로 와퍼 세트',1,8500,'2018-11-22 06:41:58','2018-11-22 06:41:58',NULL),(21,24,3,'콰트로 세트',1,8000,'2018-11-22 06:41:58','2018-11-22 06:41:58',NULL),(22,25,2,'콰트로 와퍼 세트',1,8500,'2018-11-22 06:42:18','2018-11-22 06:42:18',NULL),(23,25,3,'콰트로 세트',8,64000,'2018-11-22 06:42:18','2018-11-22 06:42:18',NULL),(24,25,1,'콰트로 치즈 와퍼 세트',1,9000,'2018-11-22 06:42:18','2018-11-22 06:42:18',NULL),(25,26,3,'콰트로 세트',7,56000,'2018-11-22 06:43:10','2018-11-22 06:43:10',NULL),(26,26,2,'콰트로 와퍼 세트',1,8500,'2018-11-22 06:43:11','2018-11-22 06:43:11',NULL),(27,26,1,'콰트로 치즈 와퍼 세트',1,9000,'2018-11-22 06:43:11','2018-11-22 06:43:11',NULL),(28,27,1,'콰트로 치즈 와퍼 세트',1,9000,'2018-11-22 06:48:37','2018-11-22 06:48:37',NULL),(29,28,1,'콰트로 치즈 와퍼 세트',1,9000,'2018-11-22 06:50:40','2018-11-22 06:50:40',NULL),(30,29,1,'콰트로 치즈 와퍼 세트',1,9000,'2018-11-22 06:58:34','2018-11-22 06:58:34',NULL),(31,30,1,'콰트로 치즈 와퍼 세트',1,9000,'2018-11-22 07:01:57','2018-11-22 07:01:57',NULL),(32,31,1,'콰트로 치즈 와퍼 세트',1,9000,'2018-11-22 07:18:38','2018-11-22 07:18:38',NULL),(33,32,1,'콰트로 치즈 와퍼 세트',1,9000,'2018-11-22 07:19:40','2018-11-22 07:19:40',NULL),(34,33,1,'콰트로 치즈 와퍼 세트',1,9000,'2018-11-22 07:25:31','2018-11-22 07:25:31',NULL),(35,34,1,'콰트로 치즈 와퍼 세트',1,9000,'2018-11-22 07:30:20','2018-11-22 07:30:20',NULL),(36,35,3,'콰트로 세트',1,8000,'2018-11-22 07:36:44','2018-11-22 07:36:44',NULL),(37,36,3,'콰트로 세트',2,16000,'2018-11-22 07:38:00','2018-11-22 07:38:00',NULL),(38,36,2,'콰트로 와퍼 세트',2,17000,'2018-11-22 07:38:00','2018-11-22 07:38:00',NULL),(39,37,1,'콰트로 치즈 와퍼 세트',1,9000,'2018-11-22 08:04:35','2018-11-22 08:04:35',NULL),(40,38,1,'콰트로 치즈 와퍼 세트',1,9000,'2018-11-22 08:05:47','2018-11-22 08:05:47',NULL),(41,39,3,'콰트로 세트',1,8000,'2018-11-22 08:16:02','2018-11-22 08:16:02',NULL),(42,40,3,'콰트로 세트',1,8000,'2018-11-22 08:16:52','2018-11-22 08:16:52',NULL),(43,41,1,'콰트로 치즈 와퍼 세트',1,9000,'2018-11-22 08:10:29','2018-11-22 08:10:29',NULL),(44,42,3,'콰트로 세트',10,80000,'2018-11-22 08:19:14','2018-11-22 08:19:14',NULL),(45,43,3,'콰트로 세트',10,80000,'2018-11-22 08:20:05','2018-11-22 08:20:05',NULL),(46,44,1,'콰트로 치즈 와퍼 세트',1,9000,'2018-11-22 08:31:33','2018-11-22 08:31:33',NULL),(47,45,2,'콰트로 와퍼 세트',1,8500,'2018-11-22 09:01:46','2018-11-22 09:01:46',NULL),(48,46,2,'콰트로 와퍼 세트',1,8500,'2018-11-22 09:13:16','2018-11-22 09:13:16',NULL),(49,47,2,'콰트로 와퍼 세트',1,8500,'2018-11-22 09:15:26','2018-11-22 09:15:26',NULL),(50,48,3,'콰트로 세트',1,8000,'2018-11-22 09:52:53','2018-11-22 09:52:53',NULL),(51,49,1,'콰트로 치즈 와퍼 세트',1,9000,'2018-11-22 10:20:07','2018-11-22 10:20:07',NULL),(52,50,1,'콰트로 치즈 와퍼 세트',1,9000,'2018-11-22 10:25:09','2018-11-22 10:25:09',NULL),(53,51,1,'콰트로 치즈 와퍼 세트',1,9000,'2018-11-22 11:20:37','2018-11-22 11:20:37',NULL),(54,52,1,'콰트로 치즈 와퍼 세트',1,9000,'2018-11-22 11:20:50','2018-11-22 11:20:50',NULL),(55,53,1,'콰트로 치즈 와퍼 세트',1,9000,'2018-11-22 11:21:16','2018-11-22 11:21:16',NULL),(56,54,1,'콰트로 치즈 와퍼 세트',1,9000,'2018-11-22 11:24:34','2018-11-22 11:24:34',NULL),(57,55,1,'콰트로 치즈 와퍼 세트',1,9000,'2018-11-22 11:30:33','2018-11-22 11:30:33',NULL),(58,56,1,'콰트로 치즈 와퍼 세트',1,9000,'2018-11-22 11:30:58','2018-11-22 11:30:58',NULL),(59,57,1,'콰트로 치즈 와퍼 세트',1,9000,'2018-11-22 11:31:23','2018-11-22 11:31:23',NULL),(60,58,1,'콰트로 치즈 와퍼 세트',1,9000,'2018-11-22 11:31:52','2018-11-22 11:31:52',NULL),(61,59,1,'콰트로 치즈 와퍼 세트',1,9000,'2018-11-22 11:32:17','2018-11-22 11:32:17',NULL),(62,60,1,'콰트로 치즈 와퍼 세트',1,9000,'2018-11-22 11:49:49','2018-11-22 11:49:49',NULL),(63,61,1,'콰트로 치즈 와퍼 세트',1,9000,'2018-11-22 11:53:50','2018-11-22 11:53:50',NULL),(64,62,1,'콰트로 치즈 와퍼 세트',1,9000,'2018-11-22 11:54:24','2018-11-22 11:54:24',NULL),(65,63,1,'콰트로 치즈 와퍼 세트',1,9000,'2018-11-22 11:55:52','2018-11-22 11:55:52',NULL),(66,63,2,'콰트로 와퍼 세트',1,8500,'2018-11-22 11:55:52','2018-11-22 11:55:52',NULL),(67,63,3,'콰트로 세트',1,8000,'2018-11-22 11:55:52','2018-11-22 11:55:52',NULL),(68,64,1,'콰트로 치즈 와퍼 세트',2,18000,'2018-11-22 11:56:24','2018-11-22 11:56:24',NULL),(69,64,2,'콰트로 와퍼 세트',3,25500,'2018-11-22 11:56:24','2018-11-22 11:56:24',NULL),(70,64,3,'콰트로 세트',1,8000,'2018-11-22 11:56:24','2018-11-22 11:56:24',NULL),(71,65,1,'콰트로 치즈 와퍼 세트',2,18000,'2018-11-22 11:57:02','2018-11-22 11:57:02',NULL),(72,65,2,'콰트로 와퍼 세트',3,25500,'2018-11-22 11:57:02','2018-11-22 11:57:02',NULL),(73,65,3,'콰트로 세트',1,8000,'2018-11-22 11:57:02','2018-11-22 11:57:02',NULL),(74,66,2,'콰트로 와퍼 세트',1,8500,'2018-11-22 11:59:02','2018-11-22 11:59:02',NULL),(75,66,3,'콰트로 세트',1,8000,'2018-11-22 11:59:02','2018-11-22 11:59:02',NULL),(76,67,2,'콰트로 와퍼 세트',1,8500,'2018-11-22 11:59:21','2018-11-22 11:59:21',NULL),(77,67,3,'콰트로 세트',1,8000,'2018-11-22 11:59:21','2018-11-22 11:59:21',NULL),(78,68,2,'콰트로 와퍼 세트',1,8500,'2018-11-22 11:59:31','2018-11-22 11:59:31',NULL),(79,68,3,'콰트로 세트',1,8000,'2018-11-22 11:59:31','2018-11-22 11:59:31',NULL),(80,69,2,'콰트로 와퍼 세트',1,8500,'2018-11-22 12:00:02','2018-11-22 12:00:02',NULL),(81,69,3,'콰트로 세트',1,8000,'2018-11-22 12:00:02','2018-11-22 12:00:02',NULL),(82,70,3,'콰트로 세트',1,8000,'2018-11-23 00:10:32','2018-11-23 00:10:32',NULL),(83,70,2,'콰트로 와퍼 세트',2,17000,'2018-11-23 00:10:32','2018-11-23 00:10:32',NULL),(84,71,3,'콰트로 세트',1,8000,'2018-11-23 00:18:38','2018-11-23 00:18:38',NULL),(85,72,3,'콰트로 세트',1,8000,'2018-11-23 00:31:15','2018-11-23 00:31:15',NULL),(86,73,3,'콰트로 세트',1,8000,'2018-11-23 00:34:38','2018-11-23 00:34:38',NULL),(87,73,2,'콰트로 와퍼 세트',1,8500,'2018-11-23 00:34:38','2018-11-23 00:34:38',NULL),(88,74,3,'콰트로 세트',1,8000,'2018-11-23 00:34:59','2018-11-23 00:34:59',NULL),(89,74,2,'콰트로 와퍼 세트',1,8500,'2018-11-23 00:34:59','2018-11-23 00:34:59',NULL),(90,75,3,'콰트로 세트',1,8000,'2018-11-23 00:35:19','2018-11-23 00:35:19',NULL),(91,75,2,'콰트로 와퍼 세트',1,8500,'2018-11-23 00:35:19','2018-11-23 00:35:19',NULL),(92,76,3,'콰트로 세트',1,8000,'2018-11-23 00:36:28','2018-11-23 00:36:28',NULL),(93,76,2,'콰트로 와퍼 세트',2,17000,'2018-11-23 00:36:28','2018-11-23 00:36:28',NULL),(94,77,1,'콰트로 치즈 와퍼 세트',1,9000,'2018-11-23 02:03:20','2018-11-23 02:03:20',NULL),(95,78,1,'콰트로 치즈 와퍼 세트',1,9000,'2018-11-23 02:06:58','2018-11-23 02:06:58',NULL),(96,79,2,'콰트로 와퍼 세트',2,17000,'2018-11-23 02:45:28','2018-11-23 02:45:28',NULL),(97,79,3,'콰트로 세트',1,8000,'2018-11-23 02:45:28','2018-11-23 02:45:28',NULL),(98,80,2,'콰트로 와퍼 세트',1,8500,'2018-11-23 04:06:01','2018-11-23 04:06:01',NULL),(99,80,3,'콰트로 세트',1,8000,'2018-11-23 04:06:01','2018-11-23 04:06:01',NULL),(100,81,2,'콰트로 와퍼 세트',1,8500,'2018-11-23 04:22:57','2018-11-23 04:22:57',NULL),(101,82,2,'콰트로 와퍼 세트',2,17000,'2018-11-23 04:23:41','2018-11-23 04:23:41',NULL),(102,82,3,'콰트로 세트',1,8000,'2018-11-23 04:23:41','2018-11-23 04:23:41',NULL),(103,83,2,'콰트로 와퍼 세트',2,17000,'2018-11-23 04:32:17','2018-11-23 04:32:17',NULL),(104,83,3,'콰트로 세트',1,8000,'2018-11-23 04:32:17','2018-11-23 04:32:17',NULL),(105,84,10,'트러플 머쉬룸X버거',2,9800,'2018-11-23 06:14:31','2018-11-23 06:14:31',NULL),(106,84,11,'콰트로 와퍼',6,9000,'2018-11-23 06:14:31','2018-11-23 06:14:31',NULL),(107,84,12,'와퍼',1,1000,'2018-11-23 06:14:31','2018-11-23 06:14:31',NULL),(108,85,6,'통새우 와퍼 세트',5,32500,'2018-11-23 07:05:57','2018-11-23 07:05:57',NULL),(109,86,2,'콰트로 와퍼 세트',1,8500,'2018-11-27 04:15:26','2018-11-27 04:15:26',NULL),(117,91,1,'콰트로 치즈 와퍼 세트',1,9000,'2018-12-05 08:49:08','2018-12-05 08:49:08',NULL),(118,91,4,'와퍼 세트',1,7500,'2018-12-05 08:49:08','2018-12-05 08:49:08',NULL),(119,91,6,'통새우 와퍼 세트',1,6500,'2018-12-05 08:49:08','2018-12-05 08:49:08',NULL),(120,92,1,'콰트로 치즈 와퍼 세트',1,9000,'2018-12-05 09:12:50','2018-12-05 09:12:50',NULL),(121,92,5,'트러플 머쉬룸X세트',1,9900,'2018-12-05 09:12:51','2018-12-05 09:12:51',NULL),(122,92,4,'와퍼 세트',1,7500,'2018-12-05 09:12:51','2018-12-05 09:12:51',NULL),(123,93,2,'콰트로 와퍼 세트',1,8500,'2018-12-07 01:04:30','2018-12-07 01:04:30',NULL),(124,94,14,'콜라',1,1000,'2018-12-11 08:21:36','2018-12-11 08:21:36',NULL),(125,95,14,'콜라',1,1000,'2018-12-11 08:21:47','2018-12-11 08:21:47',NULL),(126,96,5,'트러플 머쉬룸X세트',1,9900,'2018-12-11 08:22:08','2018-12-11 08:22:08',NULL),(127,97,5,'트러플 머쉬룸X세트',1,9900,'2018-12-13 01:35:46','2018-12-13 01:35:46',NULL),(128,98,4,'와퍼 세트',1,7500,'2018-12-13 01:36:31','2018-12-13 01:36:31',NULL),(129,99,5,'트러플 머쉬룸X세트',1,9900,'2018-12-13 01:37:38','2018-12-13 01:37:38',NULL),(130,100,5,'트러플 머쉬룸X세트',1,9900,'2018-12-13 01:44:14','2018-12-13 01:44:14',NULL),(131,101,5,'트러플 머쉬룸X세트',1,9900,'2018-12-13 01:48:32','2018-12-13 01:48:32',NULL),(132,102,5,'트러플 머쉬룸X세트',1,9900,'2018-12-13 01:51:35','2018-12-13 01:51:35',NULL),(133,103,5,'트러플 머쉬룸X세트',1,9900,'2018-12-13 02:50:24','2018-12-13 02:50:24',NULL),(134,104,5,'트러플 머쉬룸X세트',1,9900,'2018-12-13 02:55:43','2018-12-13 02:55:43',NULL),(135,105,5,'트러플 머쉬룸X세트',1,9900,'2018-12-13 03:00:01','2018-12-13 03:00:01',NULL),(136,106,5,'트러플 머쉬룸X세트',1,9900,'2018-12-13 04:17:01','2018-12-13 04:17:01',NULL),(137,107,5,'트러플 머쉬룸X세트',1,9900,'2018-12-13 04:19:28','2018-12-13 04:19:28',NULL),(138,108,5,'트러플 머쉬룸X세트',1,9900,'2018-12-13 04:20:40','2018-12-13 04:20:40',NULL),(139,109,5,'트러플 머쉬룸X세트',1,9900,'2018-12-13 06:25:32','2018-12-13 06:25:32',NULL),(140,110,5,'트러플 머쉬룸X세트',1,9900,'2018-12-13 06:32:23','2018-12-13 06:32:23',NULL),(141,111,5,'트러플 머쉬룸X세트',1,9900,'2018-12-13 07:14:40','2018-12-13 07:14:40',NULL),(142,112,2,'콰트로 와퍼 세트',1,8500,'2018-12-14 05:30:42','2018-12-14 05:30:42',NULL),(143,113,2,'콰트로 와퍼 세트',1,8500,'2018-12-14 05:31:00','2018-12-14 05:31:00',NULL),(144,114,5,'트러플 머쉬룸X세트',1,9900,'2018-12-14 07:41:29','2018-12-14 07:41:29',NULL),(145,115,10,'트러플 머쉬룸X버거',1,4900,'2018-12-14 07:45:20','2018-12-14 07:45:20',NULL),(146,115,11,'콰트로 와퍼',2,3000,'2018-12-14 07:45:20','2018-12-14 07:45:20',NULL),(147,116,10,'트러플 머쉬룸X버거',1,4900,'2018-12-14 08:35:21','2018-12-14 08:35:21',NULL),(148,116,11,'콰트로 와퍼',2,3000,'2018-12-14 08:35:21','2018-12-14 08:35:21',NULL),(149,117,10,'트러플 머쉬룸X버거',1,4900,'2018-12-14 08:36:52','2018-12-14 08:36:52',NULL),(150,117,11,'콰트로 와퍼',2,3000,'2018-12-14 08:36:52','2018-12-14 08:36:52',NULL),(151,118,10,'트러플 머쉬룸X버거',1,4900,'2018-12-14 08:50:02','2018-12-14 08:50:02',NULL),(152,118,11,'콰트로 와퍼',2,3000,'2018-12-14 08:50:02','2018-12-14 08:50:02',NULL),(153,119,10,'트러플 머쉬룸X버거',1,4900,'2018-12-14 08:50:04','2018-12-14 08:50:04',NULL),(154,119,11,'콰트로 와퍼',2,3000,'2018-12-14 08:50:04','2018-12-14 08:50:04',NULL),(155,120,10,'트러플 머쉬룸X버거',1,4900,'2018-12-14 08:50:36','2018-12-14 08:50:36',NULL),(156,120,11,'콰트로 와퍼',2,3000,'2018-12-14 08:50:36','2018-12-14 08:50:36',NULL),(157,121,10,'트러플 머쉬룸X버거',1,4900,'2018-12-14 08:51:10','2018-12-14 08:51:10',NULL),(158,121,11,'콰트로 와퍼',2,3000,'2018-12-14 08:51:10','2018-12-14 08:51:10',NULL),(159,122,10,'트러플 머쉬룸X버거',1,4900,'2018-12-14 08:59:23','2018-12-14 08:59:23',NULL),(160,122,11,'콰트로 와퍼',2,3000,'2018-12-14 08:59:23','2018-12-14 08:59:23',NULL),(161,123,10,'트러플 머쉬룸X버거',1,4900,'2018-12-14 09:01:42','2018-12-14 09:01:42',NULL),(162,123,11,'콰트로 와퍼',2,3000,'2018-12-14 09:01:42','2018-12-14 09:01:42',NULL),(163,124,5,'트러플 머쉬룸X세트',1,9900,'2018-12-17 05:35:44','2018-12-17 05:35:44',NULL),(164,125,5,'트러플 머쉬룸X세트',2,19800,'2018-12-17 05:37:17','2018-12-17 05:37:17',NULL),(165,126,5,'트러플 머쉬룸X세트',2,19800,'2018-12-17 05:47:13','2018-12-17 05:47:13',NULL),(166,127,5,'트러플 머쉬룸X세트',2,19800,'2018-12-17 05:47:15','2018-12-17 05:47:15',NULL),(167,128,5,'트러플 머쉬룸X세트',2,19800,'2018-12-17 05:59:24','2018-12-17 05:59:24',NULL),(168,129,5,'트러플 머쉬룸X세트',2,19800,'2018-12-17 06:00:19','2018-12-17 06:00:19',NULL),(169,130,5,'트러플 머쉬룸X세트',2,19800,'2018-12-17 06:00:44','2018-12-17 06:00:44',NULL),(170,131,5,'트러플 머쉬룸X세트',2,19800,'2018-12-17 06:11:51','2018-12-17 06:11:51',NULL),(171,132,5,'트러플 머쉬룸X세트',2,19800,'2018-12-17 06:13:16','2018-12-17 06:13:16',NULL),(172,133,5,'트러플 머쉬룸X세트',2,19800,'2018-12-17 06:13:51','2018-12-17 06:13:51',NULL),(173,134,5,'트러플 머쉬룸X세트',2,19800,'2018-12-17 06:15:28','2018-12-17 06:15:28',NULL),(174,135,5,'트러플 머쉬룸X세트',2,19800,'2018-12-17 06:18:16','2018-12-17 06:18:16',NULL),(175,136,5,'트러플 머쉬룸X세트',2,19800,'2018-12-17 06:18:18','2018-12-17 06:18:18',NULL),(176,137,5,'트러플 머쉬룸X세트',1,9900,'2018-12-17 06:18:56','2018-12-17 06:18:56',NULL),(177,138,5,'트러플 머쉬룸X세트',1,9900,'2018-12-17 06:18:56','2018-12-17 06:18:56',NULL),(178,139,5,'트러플 머쉬룸X세트',2,19800,'2018-12-17 06:26:07','2018-12-17 06:26:07',NULL),(179,140,5,'트러플 머쉬룸X세트',2,19800,'2018-12-18 07:09:12','2018-12-18 07:09:12',NULL),(180,141,5,'트러플 머쉬룸X세트',2,19800,'2018-12-18 07:10:19','2018-12-18 07:10:19',NULL),(181,142,5,'트러플 머쉬룸X세트',2,19800,'2018-12-18 07:10:56','2018-12-18 07:10:56',NULL),(182,143,5,'트러플 머쉬룸X세트',2,19800,'2018-12-18 07:19:47','2018-12-18 07:19:47',NULL),(183,144,5,'트러플 머쉬룸X세트',2,19800,'2018-12-18 07:31:52','2018-12-18 07:31:52',NULL),(184,145,5,'트러플 머쉬룸X세트',1,9900,'2018-12-18 07:33:20','2018-12-18 07:33:20',NULL),(185,146,5,'트러플 머쉬룸X세트',1,9900,'2018-12-18 07:38:42','2018-12-18 07:38:42',NULL),(186,147,5,'트러플 머쉬룸X세트',1,9900,'2018-12-18 07:42:08','2018-12-18 07:42:08',NULL),(187,148,5,'트러플 머쉬룸X세트',1,9900,'2018-12-18 07:51:02','2018-12-18 07:51:02',NULL),(188,149,5,'트러플 머쉬룸X세트',1,9900,'2018-12-18 08:16:14','2018-12-18 08:16:14',NULL),(189,150,5,'트러플 머쉬룸X세트',1,9900,'2018-12-18 08:18:32','2018-12-18 08:18:32',NULL),(190,151,5,'트러플 머쉬룸X세트',1,9900,'2018-12-18 08:24:00','2018-12-18 08:24:00',NULL),(191,152,5,'트러플 머쉬룸X세트',1,9900,'2018-12-18 08:35:05','2018-12-18 08:35:05',NULL),(192,153,5,'트러플 머쉬룸X세트',1,9900,'2018-12-18 08:38:13','2018-12-18 08:38:13',NULL),(193,154,5,'트러플 머쉬룸X세트',1,9900,'2018-12-18 08:38:54','2018-12-18 08:38:54',NULL),(194,155,5,'트러플 머쉬룸X세트',1,9900,'2018-12-18 08:40:11','2018-12-18 08:40:11',NULL),(195,156,5,'트러플 머쉬룸X세트',1,9900,'2018-12-18 08:40:54','2018-12-18 08:40:54',NULL),(196,157,5,'트러플 머쉬룸X세트',1,9900,'2018-12-18 08:41:29','2018-12-18 08:41:29',NULL),(197,158,5,'트러플 머쉬룸X세트',1,9900,'2018-12-18 08:42:40','2018-12-18 08:42:40',NULL),(198,159,5,'트러플 머쉬룸X세트',1,9900,'2018-12-18 08:46:58','2018-12-18 08:46:58',NULL),(199,160,5,'트러플 머쉬룸X세트',1,9900,'2018-12-18 08:52:25','2018-12-18 08:52:25',NULL),(200,161,5,'트러플 머쉬룸X세트',1,9900,'2018-12-18 08:56:03','2018-12-18 08:56:03',NULL),(201,162,5,'트러플 머쉬룸X세트',1,9900,'2018-12-18 08:59:57','2018-12-18 08:59:57',NULL),(202,163,5,'트러플 머쉬룸X세트',1,9900,'2018-12-18 09:00:46','2018-12-18 09:00:46',NULL),(203,164,5,'트러플 머쉬룸X세트',1,9900,'2018-12-18 09:04:57','2018-12-18 09:04:57',NULL),(204,165,5,'트러플 머쉬룸X세트',1,9900,'2018-12-19 01:28:16','2018-12-19 01:28:16',NULL),(205,166,5,'트러플 머쉬룸X세트',1,9900,'2018-12-19 01:31:53','2018-12-19 01:31:53',NULL),(206,167,5,'트러플 머쉬룸X세트',1,9900,'2018-12-19 01:54:16','2018-12-19 01:54:16',NULL),(207,168,5,'트러플 머쉬룸X세트',1,9900,'2018-12-19 01:59:04','2018-12-19 01:59:04',NULL),(208,169,5,'트러플 머쉬룸X세트',1,9900,'2018-12-19 02:03:30','2018-12-19 02:03:30',NULL),(209,170,5,'트러플 머쉬룸X세트',1,9900,'2018-12-19 02:52:47','2018-12-19 02:52:47',NULL),(210,170,1,'콰트로 치즈 와퍼 세트',1,9000,'2018-12-19 02:52:47','2018-12-19 02:52:47',NULL),(211,171,5,'트러플 머쉬룸X세트',1,9900,'2018-12-19 02:53:10','2018-12-19 02:53:10',NULL),(212,171,1,'콰트로 치즈 와퍼 세트',1,9000,'2018-12-19 02:53:10','2018-12-19 02:53:10',NULL),(213,172,5,'트러플 머쉬룸X세트',1,9900,'2018-12-19 02:53:17','2018-12-19 02:53:17',NULL),(214,172,1,'콰트로 치즈 와퍼 세트',1,9000,'2018-12-19 02:53:17','2018-12-19 02:53:17',NULL),(215,173,5,'트러플 머쉬룸X세트',1,9900,'2018-12-19 02:53:24','2018-12-19 02:53:24',NULL),(216,173,1,'콰트로 치즈 와퍼 세트',1,9000,'2018-12-19 02:53:24','2018-12-19 02:53:24',NULL),(217,174,5,'트러플 머쉬룸X세트',1,9900,'2018-12-19 02:54:01','2018-12-19 02:54:01',NULL),(218,174,1,'콰트로 치즈 와퍼 세트',1,9000,'2018-12-19 02:54:01','2018-12-19 02:54:01',NULL),(219,175,5,'트러플 머쉬룸X세트',1,9900,'2018-12-19 02:56:39','2018-12-19 02:56:39',NULL),(220,175,1,'콰트로 치즈 와퍼 세트',1,9000,'2018-12-19 02:56:39','2018-12-19 02:56:39',NULL),(221,176,5,'트러플 머쉬룸X세트',1,9900,'2018-12-19 02:56:40','2018-12-19 02:56:40',NULL),(222,176,1,'콰트로 치즈 와퍼 세트',1,9000,'2018-12-19 02:56:40','2018-12-19 02:56:40',NULL),(223,177,1,'콰트로 치즈 와퍼 세트',1,9000,'2018-12-19 02:57:33','2018-12-19 02:57:33',NULL),(224,178,1,'콰트로 치즈 와퍼 세트',1,9000,'2018-12-19 02:57:33','2018-12-19 02:57:33',NULL),(225,179,5,'트러플 머쉬룸X세트',1,9900,'2018-12-19 05:33:41','2018-12-19 05:33:41',NULL),(226,180,5,'트러플 머쉬룸X세트',1,9900,'2018-12-19 05:34:31','2018-12-19 05:34:31',NULL),(227,181,5,'트러플 머쉬룸X세트',1,9900,'2018-12-19 05:36:14','2018-12-19 05:36:14',NULL),(228,182,5,'트러플 머쉬룸X세트',1,9900,'2018-12-19 05:38:08','2018-12-19 05:38:08',NULL),(229,183,5,'트러플 머쉬룸X세트',1,9900,'2018-12-20 05:24:28','2018-12-20 05:24:28',NULL),(230,184,5,'트러플 머쉬룸X세트',1,9900,'2018-12-20 05:27:13','2018-12-20 05:27:13',NULL),(231,185,5,'트러플 머쉬룸X세트',1,9900,'2018-12-20 05:30:44','2018-12-20 05:30:44',NULL),(232,186,5,'트러플 머쉬룸X세트',1,9900,'2018-12-20 05:32:51','2018-12-20 05:32:51',NULL),(233,187,5,'트러플 머쉬룸X세트',1,9900,'2018-12-20 05:35:31','2018-12-20 05:35:31',NULL),(234,188,5,'트러플 머쉬룸X세트',1,9900,'2018-12-20 08:36:47','2018-12-20 08:36:47',NULL),(235,189,5,'트러플 머쉬룸X세트',1,9900,'2018-12-21 07:49:42','2018-12-21 07:49:42',NULL),(236,190,5,'트러플 머쉬룸X세트',1,9900,'2018-12-24 04:59:58','2018-12-24 04:59:58',NULL),(237,191,5,'트러플 머쉬룸X세트',1,9900,'2018-12-24 05:53:41','2018-12-24 05:53:41',NULL),(238,192,5,'트러플 머쉬룸X세트',1,9900,'2018-12-24 06:00:26','2018-12-24 06:00:26',NULL),(239,193,5,'트러플 머쉬룸X세트',1,9900,'2018-12-24 06:02:30','2018-12-24 06:02:30',NULL),(240,194,5,'트러플 머쉬룸X세트',1,10000,'2018-12-24 06:10:04','2018-12-24 06:10:04',NULL),(241,195,5,'트러플 머쉬룸X세트',1,10000,'2018-12-24 06:10:58','2018-12-24 06:10:58',NULL),(242,196,5,'트러플 머쉬룸X세트',1,10000,'2018-12-24 06:25:00','2018-12-24 06:25:00',NULL),(243,197,5,'트러플 머쉬룸X세트',1,10000,'2018-12-24 06:29:54','2018-12-24 06:29:54',NULL),(244,198,5,'트러플 머쉬룸X세트',1,10000,'2018-12-24 06:34:24','2018-12-24 06:34:24',NULL),(245,199,5,'트러플 머쉬룸X세트',1,10000,'2018-12-24 08:47:15','2018-12-24 08:47:15',NULL),(246,200,5,'트러플 머쉬룸X세트',1,10000,'2018-12-24 09:03:00','2018-12-24 09:03:00',NULL),(247,201,5,'트러플 머쉬룸X세트',1,10000,'2018-12-26 01:35:58','2018-12-26 01:35:58',NULL),(248,202,5,'트러플 머쉬룸X세트',1,10000,'2018-12-26 02:21:53','2018-12-26 02:21:53',NULL),(249,203,5,'트러플 머쉬룸X세트',1,10000,'2018-12-26 02:24:37','2018-12-26 02:24:37',NULL),(250,204,5,'트러플 머쉬룸X세트',1,10000,'2018-12-26 02:34:13','2018-12-26 02:34:13',NULL),(251,205,5,'트러플 머쉬룸X세트',1,10000,'2018-12-26 02:37:46','2018-12-26 02:37:46',NULL),(252,206,5,'트러플 머쉬룸X세트',1,10000,'2018-12-26 02:51:25','2018-12-26 02:51:25',NULL),(253,207,5,'트러플 머쉬룸X세트',1,10000,'2018-12-26 02:53:15','2018-12-26 02:53:15',NULL),(254,208,5,'트러플 머쉬룸X세트',1,10000,'2018-12-26 02:56:41','2018-12-26 02:56:41',NULL),(255,209,5,'트러플 머쉬룸X세트',1,10000,'2018-12-26 02:58:37','2018-12-26 02:58:37',NULL),(256,210,5,'트러플 머쉬룸X세트',1,10000,'2018-12-26 02:58:53','2018-12-26 02:58:53',NULL),(257,234,5,'트러플 머쉬룸X세트',1,10000,'2018-12-28 02:18:50','2018-12-28 02:18:50',NULL),(258,235,4,'와퍼 세트',1,7500,'2018-12-31 04:12:55','2018-12-31 04:12:55',NULL),(259,236,4,'와퍼 세트',1,7500,'2018-12-31 04:38:12','2018-12-31 04:38:12',NULL),(260,237,5,'트러플 머쉬룸X세트',1,10000,'2018-12-31 05:37:12','2018-12-31 05:37:12',NULL),(261,238,4,'와퍼 세트',1,7500,'2018-12-31 05:39:42','2018-12-31 05:39:42',NULL),(262,239,13,'코울슬로',1,1000,'2018-12-31 05:40:59','2018-12-31 05:40:59',NULL),(263,240,13,'코울슬로',1,1000,'2018-12-31 05:42:15','2018-12-31 05:42:15',NULL),(264,241,13,'코울슬로',1,1000,'2018-12-31 05:43:25','2018-12-31 05:43:25',NULL),(265,242,13,'코울슬로',1,1000,'2018-12-31 05:48:13','2018-12-31 05:48:13',NULL),(266,243,6,'통새우 와퍼 세트',1,6500,'2019-01-07 07:33:58','2019-01-07 07:33:58',NULL),(267,244,6,'통새우 와퍼 세트',1,6500,'2019-01-07 07:34:03','2019-01-07 07:34:03',NULL),(268,245,6,'통새우 와퍼 세트',1,6500,'2019-01-07 07:34:04','2019-01-07 07:34:04',NULL),(269,246,6,'통새우 와퍼 세트',1,6500,'2019-01-07 07:34:07','2019-01-07 07:34:07',NULL),(270,247,6,'통새우 와퍼 세트',1,6500,'2019-01-07 08:54:11','2019-01-07 08:54:11',NULL),(271,248,6,'통새우 와퍼 세트',1,6500,'2019-01-07 08:54:13','2019-01-07 08:54:13',NULL),(272,249,6,'통새우 와퍼 세트',1,6500,'2019-01-07 08:54:17','2019-01-07 08:54:17',NULL),(273,250,6,'통새우 와퍼 세트',1,6500,'2019-01-07 08:54:19','2019-01-07 08:54:19',NULL),(274,251,6,'통새우 와퍼 세트',1,6500,'2019-01-07 08:54:25','2019-01-07 08:54:25',NULL),(275,252,6,'통새우 와퍼 세트',1,6500,'2019-01-07 08:54:38','2019-01-07 08:54:38',NULL),(276,253,9,'치즈버거',1,8800,'2019-01-08 02:13:47','2019-01-08 02:13:47',NULL),(277,254,9,'치즈버거',1,8800,'2019-01-08 02:32:17','2019-01-08 02:32:17',NULL),(278,255,9,'치즈버거',1,8800,'2019-01-08 02:33:23','2019-01-08 02:33:23',NULL),(279,256,9,'치즈버거',1,8800,'2019-01-08 04:37:14','2019-01-08 04:37:14',NULL),(280,257,9,'치즈버거',1,8800,'2019-01-08 04:42:13','2019-01-08 04:42:13',NULL),(281,258,9,'치즈버거',1,8800,'2019-01-08 05:25:47','2019-01-08 05:25:47',NULL),(282,259,9,'치즈버거',1,8800,'2019-01-08 05:27:45','2019-01-08 05:27:45',NULL),(283,260,9,'치즈버거',1,8800,'2019-01-08 05:29:46','2019-01-08 05:29:46',NULL),(284,261,8,'뉴올리언스 치킨버거 세트',1,7000,'2019-01-08 05:36:43','2019-01-08 05:36:43',NULL),(285,262,8,'뉴올리언스 치킨버거 세트',1,7000,'2019-01-08 05:41:07','2019-01-08 05:41:07',NULL),(286,263,8,'뉴올리언스 치킨버거 세트',1,7000,'2019-01-08 05:55:24','2019-01-08 05:55:24',NULL),(287,264,8,'뉴올리언스 치킨버거 세트',1,7000,'2019-01-08 06:08:18','2019-01-08 06:08:18',NULL),(288,265,8,'뉴올리언스 치킨버거 세트',1,7000,'2019-01-08 06:40:59','2019-01-08 06:40:59',NULL),(289,266,8,'뉴올리언스 치킨버거 세트',1,7000,'2019-01-08 06:51:27','2019-01-08 06:51:27',NULL),(290,267,8,'뉴올리언스 치킨버거 세트',1,7000,'2019-01-08 06:56:12','2019-01-08 06:56:12',NULL),(291,268,8,'뉴올리언스 치킨버거 세트',1,7000,'2019-01-08 07:49:42','2019-01-08 07:49:42',NULL),(292,269,8,'뉴올리언스 치킨버거 세트',1,7000,'2019-01-08 08:00:57','2019-01-08 08:00:57',NULL),(293,270,8,'뉴올리언스 치킨버거 세트',1,7000,'2019-01-08 08:06:35','2019-01-08 08:06:35',NULL),(294,271,5,'트러플 머쉬룸X세트',1,10000,'2019-01-08 08:11:42','2019-01-08 08:11:42',NULL),(295,271,6,'통새우 와퍼 세트',2,13000,'2019-01-08 08:11:42','2019-01-08 08:11:42',NULL),(296,271,7,'불고기와퍼세트',2,10000,'2019-01-08 08:11:42','2019-01-08 08:11:42',NULL),(297,272,5,'트러플 머쉬룸X세트',1,10000,'2019-01-08 08:12:26','2019-01-08 08:12:26',NULL),(298,272,6,'통새우 와퍼 세트',2,13000,'2019-01-08 08:12:26','2019-01-08 08:12:26',NULL),(299,272,7,'불고기와퍼세트',2,10000,'2019-01-08 08:12:26','2019-01-08 08:12:26',NULL),(300,273,8,'뉴올리언스 치킨버거 세트',1,7000,'2019-01-08 08:24:51','2019-01-08 08:24:51',NULL),(301,274,8,'뉴올리언스 치킨버거 세트',1,7000,'2019-01-08 08:26:30','2019-01-08 08:26:30',NULL),(302,275,8,'뉴올리언스 치킨버거 세트',1,7000,'2019-01-08 08:27:20','2019-01-08 08:27:20',NULL),(303,276,9,'치즈버거',1,8800,'2019-01-08 08:41:09','2019-01-08 08:41:09',NULL),(304,277,21,'2',1,2,'2019-01-09 00:36:01','2019-01-09 00:36:01',NULL),(305,278,21,'2',1,2,'2019-01-09 00:36:02','2019-01-09 00:36:02',NULL),(306,279,21,'2',1,2,'2019-01-09 00:37:35','2019-01-09 00:37:35',NULL),(307,280,8,'뉴올리언스 치킨버거 세트',1,7000,'2019-01-09 01:25:13','2019-01-09 01:25:13',NULL),(308,281,8,'뉴올리언스 치킨버거 세트',1,7000,'2019-01-09 02:09:00','2019-01-09 02:09:00',NULL),(309,282,8,'뉴올리언스 치킨버거 세트',1,7000,'2019-01-09 02:11:05','2019-01-09 02:11:05',NULL),(310,283,5,'트러플 머쉬룸X세트',1,10000,'2019-01-09 02:13:56','2019-01-09 02:13:56',NULL),(311,284,8,'뉴올리언스 치킨버거 세트',1,7000,'2019-01-09 02:15:36','2019-01-09 02:15:36',NULL),(312,285,8,'뉴올리언스 치킨버거 세트',1,7000,'2019-01-09 02:16:25','2019-01-09 02:16:25',NULL),(313,286,8,'뉴올리언스 치킨버거 세트',1,7000,'2019-01-09 02:22:32','2019-01-09 02:22:32',NULL),(314,287,8,'뉴올리언스 치킨버거 세트',1,7000,'2019-01-09 02:22:59','2019-01-09 02:22:59',NULL),(315,288,8,'뉴올리언스 치킨버거 세트',1,7000,'2019-01-09 04:47:36','2019-01-09 04:47:36',NULL),(316,289,8,'뉴올리언스 치킨버거 세트',1,7000,'2019-01-09 04:47:59','2019-01-09 04:47:59',NULL),(317,290,8,'뉴올리언스 치킨버거 세트',1,7000,'2019-01-09 04:48:31','2019-01-09 04:48:31',NULL),(318,291,8,'뉴올리언스 치킨버거 세트',1,7000,'2019-01-09 04:49:33','2019-01-09 04:49:33',NULL),(319,292,8,'뉴올리언스 치킨버거 세트',1,7000,'2019-01-09 06:26:23','2019-01-09 06:26:23',NULL),(320,293,8,'뉴올리언스 치킨버거 세트',1,7000,'2019-01-09 06:27:09','2019-01-09 06:27:09',NULL),(321,294,8,'뉴올리언스 치킨버거 세트',1,7000,'2019-01-09 06:27:16','2019-01-09 06:27:16',NULL),(322,295,8,'뉴올리언스 치킨버거 세트',1,7000,'2019-01-09 06:29:06','2019-01-09 06:29:06',NULL),(323,296,8,'뉴올리언스 치킨버거 세트',1,7000,'2019-01-09 07:01:58','2019-01-09 07:01:58',NULL),(324,297,8,'뉴올리언스 치킨버거 세트',1,7000,'2019-01-10 02:07:52','2019-01-10 02:07:52',NULL),(325,298,8,'뉴올리언스 치킨버거 세트',1,7000,'2019-01-10 02:08:02','2019-01-10 02:08:02',NULL),(326,299,8,'뉴올리언스 치킨버거 세트',1,7000,'2019-01-10 02:28:12','2019-01-10 02:28:12',NULL),(327,300,8,'뉴올리언스 치킨버거 세트',1,7000,'2019-01-10 02:30:16','2019-01-10 02:30:16',NULL),(328,301,8,'뉴올리언스 치킨버거 세트',1,7000,'2019-01-10 02:34:20','2019-01-10 02:34:20',NULL),(329,302,8,'뉴올리언스 치킨버거 세트',1,7000,'2019-01-10 02:34:36','2019-01-10 02:34:36',NULL),(330,303,8,'뉴올리언스 치킨버거 세트',1,7000,'2019-01-10 02:34:56','2019-01-10 02:34:56',NULL),(331,303,9,'치즈버거',1,8800,'2019-01-10 02:34:56','2019-01-10 02:34:56',NULL),(332,304,8,'뉴올리언스 치킨버거 세트',1,7000,'2019-01-10 02:41:13','2019-01-10 02:41:13',NULL),(333,305,8,'뉴올리언스 치킨버거 세트',1,7000,'2019-01-10 02:45:16','2019-01-10 02:45:16',NULL),(334,306,8,'뉴올리언스 치킨버거 세트',1,7000,'2019-01-10 04:20:48','2019-01-10 04:20:48',NULL),(335,307,8,'뉴올리언스 치킨버거 세트',1,7000,'2019-01-10 04:20:54','2019-01-10 04:20:54',NULL),(336,308,8,'뉴올리언스 치킨버거 세트',1,7000,'2019-01-10 04:27:50','2019-01-10 04:27:50',NULL),(337,309,9,'치즈버거',1,8800,'2019-01-10 04:30:20','2019-01-10 04:30:20',NULL),(338,310,9,'치즈버거',1,8800,'2019-01-10 04:40:35','2019-01-10 04:40:35',NULL),(339,311,9,'치즈버거',1,8800,'2019-01-10 04:40:41','2019-01-10 04:40:41',NULL),(340,312,9,'치즈버거',1,8800,'2019-01-10 04:41:55','2019-01-10 04:41:55',NULL),(341,313,9,'치즈버거',1,8800,'2019-01-10 04:46:23','2019-01-10 04:46:23',NULL),(342,314,9,'치즈버거',1,8800,'2019-01-10 05:12:04','2019-01-10 05:12:04',NULL),(343,315,9,'치즈버거',1,8800,'2019-01-10 05:15:19','2019-01-10 05:15:19',NULL),(344,316,8,'뉴올리언스 치킨버거 세트',1,7000,'2019-01-10 05:24:29','2019-01-10 05:24:29',NULL),(345,317,8,'뉴올리언스 치킨버거 세트',1,7000,'2019-01-10 05:24:57','2019-01-10 05:24:57',NULL),(346,318,8,'뉴올리언스 치킨버거 세트',1,7000,'2019-01-10 05:28:14','2019-01-10 05:28:14',NULL),(347,319,8,'뉴올리언스 치킨버거 세트',1,7000,'2019-01-10 05:31:01','2019-01-10 05:31:01',NULL),(348,320,9,'치즈버거',1,8800,'2019-01-10 05:34:19','2019-01-10 05:34:19',NULL),(349,321,8,'뉴올리언스 치킨버거 세트',1,7000,'2019-01-10 05:35:55','2019-01-10 05:35:55',NULL),(350,322,9,'치즈버거',1,8800,'2019-01-10 05:38:36','2019-01-10 05:38:36',NULL),(351,323,9,'치즈버거',1,8800,'2019-01-10 05:49:29','2019-01-10 05:49:29',NULL),(352,324,8,'뉴올리언스 치킨버거 세트',1,7000,'2019-01-10 05:57:08','2019-01-10 05:57:08',NULL),(353,325,9,'치즈버거',1,8800,'2019-01-10 05:57:35','2019-01-10 05:57:35',NULL),(354,326,9,'치즈버거',1,8800,'2019-01-10 05:57:57','2019-01-10 05:57:57',NULL),(355,327,9,'치즈버거',1,8800,'2019-01-11 05:07:54','2019-01-11 05:07:54',NULL),(356,328,9,'치즈버거',1,8800,'2019-01-11 05:14:44','2019-01-11 05:14:44',NULL),(357,329,9,'치즈버거',1,8800,'2019-01-11 05:55:57','2019-01-11 05:55:57',NULL),(358,330,13,'코울슬로',1,1000,'2019-01-11 06:02:23','2019-01-11 06:02:23',NULL),(359,331,13,'코울슬로',1,1000,'2019-01-11 08:00:52','2019-01-11 08:00:52',NULL),(360,332,13,'코울슬로',1,1000,'2019-01-11 08:01:18','2019-01-11 08:01:18',NULL),(361,333,13,'코울슬로',1,1000,'2019-01-11 08:05:08','2019-01-11 08:05:08',NULL),(362,344,9,'치즈버거',1,8800,'2019-01-15 02:23:58','2019-01-15 02:23:58',NULL),(363,345,9,'치즈버거',1,8800,'2019-01-15 04:01:38','2019-01-15 04:01:38',NULL),(364,346,11,'콰트로 와퍼',1,1500,'2019-01-15 08:08:57','2019-01-15 08:08:57',NULL),(365,347,11,'콰트로 와퍼',1,1500,'2019-01-15 08:10:48','2019-01-15 08:10:48',NULL),(366,348,11,'콰트로 와퍼',1,1500,'2019-01-15 08:14:34','2019-01-15 08:14:34',NULL),(367,349,11,'콰트로 와퍼',1,1500,'2019-01-15 08:17:45','2019-01-15 08:17:45',NULL),(368,350,11,'콰트로 와퍼',1,1500,'2019-01-16 00:59:04','2019-01-16 00:59:04',NULL),(369,351,11,'콰트로 와퍼',1,1500,'2019-01-16 01:11:09','2019-01-16 01:11:09',NULL),(370,352,11,'콰트로 와퍼',1,1500,'2019-01-16 01:55:31','2019-01-16 01:55:31',NULL),(371,353,11,'콰트로 와퍼',1,1500,'2019-01-16 02:21:04','2019-01-16 02:21:04',NULL),(372,354,12,'와퍼',1,1000,'2019-01-16 06:17:03','2019-01-16 06:17:03',NULL),(373,355,12,'와퍼',1,1000,'2019-01-16 07:31:05','2019-01-16 07:31:05',NULL),(374,356,12,'와퍼',1,1000,'2019-01-16 07:31:29','2019-01-16 07:31:29',NULL),(375,357,13,'코울슬로',1,1000,'2019-01-18 01:03:38','2019-01-18 01:03:38',NULL),(376,358,13,'코울슬로',1,1000,'2019-01-18 01:04:04','2019-01-18 01:04:04',NULL),(377,359,12,'와퍼',1,1000,'2019-01-18 01:04:30','2019-01-18 01:04:30',NULL),(378,360,12,'와퍼',1,1000,'2019-01-18 01:06:30','2019-01-18 01:06:30',NULL),(385,364,12,'와퍼',1,1000,'2019-01-18 02:22:39','2019-01-18 02:22:39',NULL),(386,365,12,'와퍼',1,1000,'2019-01-18 06:48:43','2019-01-18 06:48:43',NULL),(387,366,11,'콰트로 와퍼',1,1500,'2019-01-18 06:50:59','2019-01-18 06:50:59',NULL),(388,367,10,'트러플 머쉬룸X버거',1,4900,'2019-01-18 06:52:02','2019-01-18 06:52:02',NULL),(389,368,12,'와퍼',1,1000,'2019-01-22 09:12:42','2019-01-22 09:12:42',NULL),(390,372,13,'코울슬로',1,1000,'2019-01-31 04:18:44','2019-01-31 04:18:44',NULL),(391,373,13,'코울슬로',1,1000,'2019-01-31 04:22:06','2019-01-31 04:22:06',NULL),(392,374,61,'페퍼로니 피자',1,10000,'2019-02-11 08:57:20','2019-02-11 08:57:20',NULL),(393,375,61,'페퍼로니 피자',1,10000,'2019-02-11 09:02:24','2019-02-11 09:02:24',NULL),(394,376,61,'페퍼로니 피자',1,10000,'2019-02-12 00:58:27','2019-02-12 00:58:27',NULL),(395,377,61,'페퍼로니 피자',1,10000,'2019-02-15 01:10:03','2019-02-15 01:10:03',NULL),(396,378,61,'페퍼로니 피자',1,10000,'2019-02-15 01:36:12','2019-02-15 01:36:12',NULL),(397,379,61,'페퍼로니 피자',1,10000,'2019-02-15 08:16:01','2019-02-15 08:16:01',NULL),(398,380,61,'페퍼로니 피자',1,10000,'2019-02-15 08:17:16','2019-02-15 08:17:16',NULL),(399,381,61,'페퍼로니 피자',1,10000,'2019-02-15 08:18:43','2019-02-15 08:18:43',NULL),(400,381,59,'치즈피자',1,18000,'2019-02-15 08:18:44','2019-02-15 08:18:44',NULL),(401,382,61,'페퍼로니 피자',1,10000,'2019-02-15 08:19:08','2019-02-15 08:19:08',NULL),(402,382,59,'치즈피자',1,18000,'2019-02-15 08:19:08','2019-02-15 08:19:08',NULL),(403,383,61,'페퍼로니 피자',1,10000,'2019-02-15 08:39:50','2019-02-15 08:39:50',NULL),(404,384,61,'페퍼로니 피자',1,10000,'2019-02-15 08:49:55','2019-02-15 08:49:55',NULL),(405,385,61,'페퍼로니 피자',1,10000,'2019-02-15 08:53:39','2019-02-15 08:53:39',NULL),(406,386,61,'페퍼로니 피자',1,10000,'2019-02-15 08:54:39','2019-02-15 08:54:39',NULL),(407,387,57,'소주',1,4500,'2019-02-16 04:27:37','2019-02-16 04:27:37',NULL),(408,388,57,'소주',1,4500,'2019-02-16 04:27:57','2019-02-16 04:27:57',NULL),(409,389,57,'소주',1,4500,'2019-02-16 04:50:22','2019-02-16 04:50:22',NULL),(410,390,57,'소주',1,4500,'2019-02-16 04:50:41','2019-02-16 04:50:41',NULL),(411,391,61,'페퍼로니 피자',1,10000,'2019-02-18 00:42:26','2019-02-18 00:42:26',NULL),(412,392,61,'페퍼로니 피자',1,10000,'2019-02-18 00:42:30','2019-02-18 00:42:30',NULL),(413,393,61,'페퍼로니 피자',1,10000,'2019-02-18 00:43:07','2019-02-18 00:43:07',NULL),(414,394,61,'페퍼로니 피자',1,10000,'2019-02-18 00:44:31','2019-02-18 00:44:31',NULL),(415,395,61,'페퍼로니 피자',1,10000,'2019-02-18 00:45:00','2019-02-18 00:45:00',NULL),(416,396,61,'페퍼로니 피자',1,10000,'2019-02-18 00:48:18','2019-02-18 00:48:18',NULL),(417,397,61,'페퍼로니 피자',1,10000,'2019-02-18 00:48:42','2019-02-18 00:48:42',NULL),(418,398,61,'페퍼로니 피자',1,10000,'2019-02-18 00:49:18','2019-02-18 00:49:18',NULL),(419,399,61,'페퍼로니 피자',1,10000,'2019-02-18 00:57:23','2019-02-18 00:57:23',NULL),(420,400,61,'페퍼로니 피자',1,10000,'2019-02-18 00:57:54','2019-02-18 00:57:54',NULL),(421,401,61,'페퍼로니 피자',1,10000,'2019-02-18 01:12:42','2019-02-18 01:12:42',NULL),(422,402,61,'페퍼로니 피자',1,10000,'2019-02-18 01:27:47','2019-02-18 01:27:47',NULL),(423,403,61,'페퍼로니 피자',1,10000,'2019-02-18 01:28:37','2019-02-18 01:28:37',NULL),(424,404,61,'페퍼로니 피자',1,10000,'2019-02-18 01:32:42','2019-02-18 01:32:42',NULL),(425,405,61,'페퍼로니 피자',1,10000,'2019-02-18 01:33:17','2019-02-18 01:33:17',NULL),(426,406,61,'페퍼로니 피자',1,10000,'2019-02-18 01:36:23','2019-02-18 01:36:23',NULL),(427,407,61,'페퍼로니 피자',1,10000,'2019-02-18 02:15:44','2019-02-18 02:15:44',NULL),(428,408,67,'ㅎㅎ',1,1000,'2019-02-18 07:20:28','2019-02-18 07:20:28',NULL),(429,409,61,'페퍼로니 피자',1,10000,'2019-02-18 07:22:45','2019-02-18 07:22:45',NULL),(430,410,61,'페퍼로니 피자',1,10000,'2019-02-18 08:02:06','2019-02-18 08:02:06',NULL),(431,411,61,'페퍼로니 피자',1,10000,'2019-02-18 08:17:39','2019-02-18 08:17:39',NULL),(432,412,61,'페퍼로니 피자',1,10000,'2019-02-18 08:23:06','2019-02-18 08:23:06',NULL),(433,413,67,'ㅎㅎ',1,1000,'2019-02-18 08:42:29','2019-02-18 08:42:29',NULL),(434,414,67,'ㅎㅎ',1,1000,'2019-02-18 08:51:00','2019-02-18 08:51:00',NULL),(435,415,67,'ㅎㅎ',1,1000,'2019-02-18 08:51:27','2019-02-18 08:51:27',NULL),(436,416,61,'페퍼로니 피자',1,10000,'2019-02-18 08:53:57','2019-02-18 08:53:57',NULL),(437,417,59,'치즈피자',1,18000,'2019-02-19 04:38:45','2019-02-19 04:38:45',NULL),(438,418,67,'ㅎㅎ',1,1000,'2019-02-19 10:38:16','2019-02-19 10:38:16',NULL),(439,419,67,'ㅎㅎ',1,1000,'2019-02-19 10:59:33','2019-02-19 10:59:33',NULL),(440,420,59,'치즈피자',1,18000,'2019-02-19 11:06:54','2019-02-19 11:06:54',NULL),(441,420,56,'콤비네이션피자',1,18000,'2019-02-19 11:06:54','2019-02-19 11:06:54',NULL),(442,420,67,'ㅎㅎ',1,1000,'2019-02-19 11:06:54','2019-02-19 11:06:54',NULL),(443,420,57,'소주',1,4500,'2019-02-19 11:06:54','2019-02-19 11:06:54',NULL),(444,421,59,'치즈피자',1,18000,'2019-02-19 11:07:06','2019-02-19 11:07:06',NULL),(445,421,56,'콤비네이션피자',1,18000,'2019-02-19 11:07:06','2019-02-19 11:07:06',NULL),(446,421,67,'ㅎㅎ',1,1000,'2019-02-19 11:07:06','2019-02-19 11:07:06',NULL),(447,421,57,'소주',1,4500,'2019-02-19 11:07:06','2019-02-19 11:07:06',NULL),(448,422,59,'치즈피자',1,18000,'2019-02-20 09:24:30','2019-02-20 09:24:30',NULL),(449,423,59,'치즈피자',1,18000,'2019-02-20 09:24:33','2019-02-20 09:24:33',NULL),(450,424,61,'페퍼로니 피자',1,10000,'2019-02-20 09:27:26','2019-02-20 09:27:26',NULL),(451,425,67,'ㅎㅎ',1,1000,'2019-02-20 09:33:13','2019-02-20 09:33:13',NULL),(452,426,67,'ㅎㅎ',1,1000,'2019-02-20 09:34:00','2019-02-20 09:34:00',NULL),(453,427,67,'ㅎㅎ',1,1000,'2019-02-20 09:34:08','2019-02-20 09:34:08',NULL),(454,428,67,'ㅎㅎ',1,1000,'2019-02-20 10:35:37','2019-02-20 10:35:37',NULL),(455,429,67,'ㅎㅎ',1,1000,'2019-02-23 03:26:51','2019-02-23 03:26:51',NULL),(456,430,67,'ㅎㅎ',1,1000,'2019-02-23 03:27:18','2019-02-23 03:27:18',NULL),(457,431,67,'ㅎㅎ',1,1000,'2019-02-23 04:45:02','2019-02-23 04:45:02',NULL),(458,432,67,'ㅎㅎ',1,1000,'2019-02-23 04:45:20','2019-02-23 04:45:20',NULL),(459,433,67,'ㅎㅎ',1,1000,'2019-02-23 05:34:01','2019-02-23 05:34:01',NULL),(460,434,67,'ㅎㅎ',1,1000,'2019-02-23 05:34:21','2019-02-23 05:34:21',NULL),(461,435,67,'ㅎㅎ',1,1000,'2019-02-23 06:55:53','2019-02-23 06:55:53',NULL),(462,436,67,'ㅎㅎ',1,1000,'2019-02-26 05:08:53','2019-02-26 05:08:53',NULL),(463,437,67,'ㅎㅎ',1,1000,'2019-02-26 05:09:36','2019-02-26 05:09:36',NULL),(464,438,67,'ㅎㅎ',1,1000,'2019-02-26 07:23:24','2019-02-26 07:23:24',NULL),(465,439,67,'ㅎㅎ',1,1000,'2019-02-26 07:24:37','2019-02-26 07:24:37',NULL),(466,440,67,'ㅎㅎ',1,1000,'2019-02-26 07:24:49','2019-02-26 07:24:49',NULL),(467,441,67,'ㅎㅎ',1,1000,'2019-02-26 07:25:09','2019-02-26 07:25:09',NULL),(468,442,67,'ㅎㅎ',1,1000,'2019-02-26 07:25:47','2019-02-26 07:25:47',NULL),(469,443,67,'ㅎㅎ',1,1000,'2019-02-26 07:26:46','2019-02-26 07:26:46',NULL),(470,444,67,'ㅎㅎ',1,1000,'2019-02-26 07:27:15','2019-02-26 07:27:15',NULL),(471,445,61,'페퍼로니 피자',1,10000,'2019-02-27 01:08:42','2019-02-27 01:08:42',NULL),(472,446,61,'페퍼로니 피자',1,10000,'2019-02-27 01:09:10','2019-02-27 01:09:10',NULL),(473,447,61,'페퍼로니 피자',1,10000,'2019-02-27 01:23:15','2019-02-27 01:23:15',NULL),(474,448,67,'ㅎㅎ',1,1000,'2019-03-04 04:50:58','2019-03-04 04:50:58',NULL),(475,449,67,'ㅎㅎ',1,1000,'2019-03-04 05:04:52','2019-03-04 05:04:52',NULL),(476,450,67,'ㅎㅎ',1,1000,'2019-03-04 05:30:36','2019-03-04 05:30:36',NULL),(477,451,67,'ㅎㅎ',1,1000,'2019-03-04 05:32:54','2019-03-04 05:32:54',NULL),(478,452,67,'ㅎㅎ',1,1000,'2019-03-04 05:34:00','2019-03-04 05:34:00',NULL),(479,453,56,'콤비네이션피자',1,18000,'2019-03-04 07:27:06','2019-03-04 07:27:06',NULL),(480,454,67,'ㅎㅎ',1,1000,'2019-03-04 08:02:45','2019-03-04 08:02:45',NULL),(481,455,67,'ㅎㅎ',1,1000,'2019-03-04 08:02:54','2019-03-04 08:02:54',NULL),(482,456,67,'ㅎㅎ',1,1000,'2019-03-04 08:10:43','2019-03-04 08:10:43',NULL),(483,457,67,'ㅎㅎ',1,1000,'2019-03-04 08:23:02','2019-03-04 08:23:02',NULL),(484,458,67,'ㅎㅎ',1,1000,'2019-03-04 08:29:30','2019-03-04 08:29:30',NULL),(485,459,67,'ㅎㅎ',1,1000,'2019-03-04 08:29:52','2019-03-04 08:29:52',NULL),(486,460,67,'ㅎㅎ',1,1000,'2019-03-04 08:30:31','2019-03-04 08:30:31',NULL),(487,461,73,'331',1,8000,'2019-03-05 10:01:56','2019-03-05 10:01:56',NULL),(488,461,56,'콤비네이션피자',1,18000,'2019-03-05 10:01:56','2019-03-05 10:01:56',NULL),(489,461,61,'페퍼로니 피자',1,10000,'2019-03-05 10:01:56','2019-03-05 10:01:56',NULL),(490,462,73,'331',1,8000,'2019-03-05 10:04:31','2019-03-05 10:04:31',NULL),(491,462,56,'콤비네이션피자',1,18000,'2019-03-05 10:04:31','2019-03-05 10:04:31',NULL),(492,462,61,'페퍼로니 피자',1,10000,'2019-03-05 10:04:31','2019-03-05 10:04:31',NULL),(493,463,56,'콤비네이션피자',1,18000,'2019-03-06 00:41:05','2019-03-06 00:41:05',NULL),(494,468,57,'소주',1,4500,'2019-03-06 01:07:29','2019-03-06 01:07:29',NULL),(495,469,74,'44',1,5000,'2019-03-06 05:00:34','2019-03-06 05:00:34',NULL),(497,471,74,'44',1,5000,'2019-03-06 05:02:56','2019-03-06 05:02:56',NULL),(498,472,74,'44',1,5000,'2019-03-06 05:03:24','2019-03-06 05:03:24',NULL),(499,473,57,'소주',1,4500,'2019-03-06 05:03:51','2019-03-06 05:03:51',NULL),(500,474,72,'22',1,7000,'2019-03-06 05:06:00','2019-03-06 05:06:00',NULL),(501,475,74,'44',1,5000,'2019-03-06 05:11:01','2019-03-06 05:11:01',NULL),(502,476,74,'44',1,5000,'2019-03-06 05:11:05','2019-03-06 05:11:05',NULL),(503,477,71,'11',1,20000,'2019-03-06 05:12:32','2019-03-06 05:12:32',NULL),(504,477,75,'55',1,3000,'2019-03-06 05:12:32','2019-03-06 05:12:32',NULL),(505,478,57,'소주',1,4500,'2019-03-06 08:26:02','2019-03-06 08:26:02',NULL),(506,479,57,'소주',1,4500,'2019-03-06 08:26:05','2019-03-06 08:26:05',NULL),(507,480,57,'소주',1,4500,'2019-03-06 08:30:21','2019-03-06 08:30:21',NULL),(508,481,57,'소주',1,4500,'2019-03-06 08:30:24','2019-03-06 08:30:24',NULL),(509,482,57,'소주',1,4500,'2019-03-06 08:31:57','2019-03-06 08:31:57',NULL),(510,483,57,'소주',1,4500,'2019-03-06 08:32:00','2019-03-06 08:32:00',NULL),(511,484,57,'소주',1,4500,'2019-03-06 08:32:03','2019-03-06 08:32:03',NULL),(512,485,57,'소주',1,4500,'2019-03-06 08:32:07','2019-03-06 08:32:07',NULL),(513,486,57,'소주',1,4500,'2019-03-06 08:32:10','2019-03-06 08:32:10',NULL),(514,487,57,'소주',1,4500,'2019-03-06 08:32:13','2019-03-06 08:32:13',NULL),(515,488,57,'소주',1,4500,'2019-03-06 08:32:17','2019-03-06 08:32:17',NULL),(516,489,57,'소주',1,4500,'2019-03-06 08:32:34','2019-03-06 08:32:34',NULL),(517,490,57,'소주',1,4500,'2019-03-06 08:32:44','2019-03-06 08:32:44',NULL),(518,491,57,'소주',1,4500,'2019-03-06 08:32:48','2019-03-06 08:32:48',NULL),(519,492,57,'소주',1,4500,'2019-03-06 08:32:52','2019-03-06 08:32:52',NULL),(520,493,57,'소주',1,4500,'2019-03-06 08:32:55','2019-03-06 08:32:55',NULL),(521,494,57,'소주',1,4500,'2019-03-06 08:32:59','2019-03-06 08:32:59',NULL),(522,495,57,'소주',1,4500,'2019-03-06 08:35:30','2019-03-06 08:35:30',NULL),(523,496,57,'소주',1,4500,'2019-03-06 08:35:34','2019-03-06 08:35:34',NULL),(524,497,57,'소주',1,4500,'2019-03-06 08:35:42','2019-03-06 08:35:42',NULL),(525,498,57,'소주',1,4500,'2019-03-06 08:35:45','2019-03-06 08:35:45',NULL),(526,499,57,'소주',1,4500,'2019-03-06 08:35:49','2019-03-06 08:35:49',NULL),(527,500,57,'소주',1,4500,'2019-03-06 08:35:52','2019-03-06 08:35:52',NULL),(528,501,57,'소주',1,4500,'2019-03-06 08:44:37','2019-03-06 08:44:37',NULL),(529,502,74,'44',2,10000,'2019-03-06 08:45:08','2019-03-06 08:45:08',NULL),(530,503,57,'소주',1,4500,'2019-03-06 08:44:40','2019-03-06 08:44:40',NULL),(531,504,57,'소주',1,4500,'2019-03-06 08:45:36','2019-03-06 08:45:36',NULL),(532,505,57,'소주',1,4500,'2019-03-06 08:46:02','2019-03-06 08:46:02',NULL),(533,506,57,'소주',1,4500,'2019-03-06 08:46:43','2019-03-06 08:46:43',NULL),(534,507,57,'소주',1,4500,'2019-03-06 08:49:11','2019-03-06 08:49:11',NULL),(535,508,57,'소주',1,4500,'2019-03-06 08:52:24','2019-03-06 08:52:24',NULL),(536,509,57,'소주',1,4500,'2019-03-06 08:52:32','2019-03-06 08:52:32',NULL),(537,510,57,'소주',1,4500,'2019-03-06 08:53:07','2019-03-06 08:53:07',NULL),(538,511,57,'소주',1,4500,'2019-03-06 08:55:17','2019-03-06 08:55:17',NULL),(539,512,57,'소주',1,4500,'2019-03-06 08:55:27','2019-03-06 08:55:27',NULL),(540,513,78,'ㅇㅇ',1,54000,'2019-03-06 09:10:20','2019-03-06 09:10:20',NULL),(541,514,78,'ㅇㅇ',1,54000,'2019-03-06 09:12:36','2019-03-06 09:12:36',NULL),(542,515,78,'ㅇㅇ',1,54000,'2019-03-06 09:12:48','2019-03-06 09:12:48',NULL),(543,516,78,'ㅇㅇ',1,54000,'2019-03-07 01:03:27','2019-03-07 01:03:27',NULL),(544,526,78,'ㅇㅇ',1,54000,'2019-03-07 02:32:10','2019-03-07 02:32:10',NULL),(545,526,77,'ㄴㄴㄴ',1,1000,'2019-03-07 02:32:10','2019-03-07 02:32:10',NULL),(546,526,NULL,'포장',NULL,-600,'2019-03-07 02:32:10','2019-03-07 02:32:10',NULL),(547,527,77,'ㄴㄴㄴ',1,1000,'2019-03-07 02:32:31','2019-03-07 02:32:31',NULL),(548,527,NULL,'포장',NULL,-600,'2019-03-07 02:32:31','2019-03-07 02:32:31',NULL),(549,528,78,'ㅇㅇ',1,54000,'2019-03-07 04:33:06','2019-03-07 04:33:06',NULL),(550,529,78,'ㅇㅇ',1,54000,'2019-03-07 04:34:00','2019-03-07 04:34:00',NULL),(551,530,78,'ㅇㅇ',1,54000,'2019-03-07 04:39:41','2019-03-07 04:39:41',NULL),(552,530,NULL,'포장',NULL,NULL,'2019-03-07 04:39:41','2019-03-07 04:39:41',NULL),(553,531,78,'ㅇㅇ',1,54000,'2019-03-07 04:44:54','2019-03-07 04:44:54',NULL),(554,531,NULL,'포장',NULL,NULL,'2019-03-07 04:44:54','2019-03-07 04:44:54',NULL),(555,532,77,'ㄴㄴㄴ',1,1000,'2019-03-07 04:56:09','2019-03-07 04:56:09',NULL),(556,532,NULL,'포장',NULL,NULL,'2019-03-07 04:56:09','2019-03-07 04:56:09',NULL),(557,533,77,'ㄴㄴㄴ',1,1000,'2019-03-07 04:59:02','2019-03-07 04:59:02',NULL),(558,533,NULL,'포장',1,-600,'2019-03-07 04:59:02','2019-03-07 04:59:02',NULL),(559,534,78,'ㅇㅇ',1,54000,'2019-03-07 05:18:30','2019-03-07 05:18:30',NULL),(560,534,NULL,'포장',1,-600,'2019-03-07 05:18:30','2019-03-07 05:18:30',NULL),(561,535,77,'ㄴㄴㄴ',1,1000,'2019-03-07 05:19:37','2019-03-07 05:19:37',NULL),(562,535,NULL,'포장',1,-600,'2019-03-07 05:19:37','2019-03-07 05:19:37',NULL),(563,536,78,'ㅇㅇ',1,54000,'2019-03-07 05:22:38','2019-03-07 05:22:38',NULL),(564,536,NULL,'포장',1,-600,'2019-03-07 05:22:38','2019-03-07 05:22:38',NULL),(565,537,77,'ㄴㄴㄴ',1,1000,'2019-03-07 05:23:11','2019-03-07 05:23:11',NULL),(566,537,NULL,'포장',1,-600,'2019-03-07 05:23:11','2019-03-07 05:23:11',NULL),(567,538,77,'ㄴㄴㄴ',1,1000,'2019-03-07 05:26:56','2019-03-07 05:26:56',NULL),(568,538,NULL,'포장',1,-600,'2019-03-07 05:26:56','2019-03-07 05:26:56',NULL),(569,539,78,'ㅇㅇ',1,54000,'2019-03-07 05:31:21','2019-03-07 05:31:21',NULL),(570,539,NULL,'포장',1,-600,'2019-03-07 05:31:21','2019-03-07 05:31:21',NULL),(571,540,77,'ㄴㄴㄴ',1,1000,'2019-03-07 05:32:22','2019-03-07 05:32:22',NULL),(572,540,NULL,'포장',1,NULL,'2019-03-07 05:32:22','2019-03-07 05:32:22',NULL),(573,541,77,'ㄴㄴㄴ',1,1000,'2019-03-07 05:33:26','2019-03-07 05:33:26',NULL),(574,541,NULL,'포장',1,-600,'2019-03-07 05:33:26','2019-03-07 05:33:26',NULL),(575,542,77,'ㄴㄴㄴ',1,1000,'2019-03-07 05:33:57','2019-03-07 05:33:57',NULL),(576,542,NULL,'포장',1,NULL,'2019-03-07 05:33:57','2019-03-07 05:33:57',NULL),(577,543,77,'ㄴㄴㄴ',1,1000,'2019-03-07 05:34:48','2019-03-07 05:34:48',NULL),(578,543,NULL,'포장',1,NULL,'2019-03-07 05:34:48','2019-03-07 05:34:48',NULL),(579,544,77,'ㄴㄴㄴ',1,1000,'2019-03-07 05:51:47','2019-03-07 05:51:47',NULL),(580,544,NULL,'포장',1,NULL,'2019-03-07 05:51:47','2019-03-07 05:51:47',NULL),(581,545,78,'ㅇㅇ',1,54000,'2019-03-07 05:52:53','2019-03-07 05:52:53',NULL),(582,545,NULL,'포장',1,NULL,'2019-03-07 05:52:53','2019-03-07 05:52:53',NULL),(583,546,78,'ㅇㅇ',1,54000,'2019-03-07 05:53:09','2019-03-07 05:53:09',NULL),(584,546,NULL,'포장',1,NULL,'2019-03-07 05:53:09','2019-03-07 05:53:09',NULL),(585,547,78,'ㅇㅇ',1,54000,'2019-03-07 05:53:18','2019-03-07 05:53:18',NULL),(586,547,NULL,'포장',1,NULL,'2019-03-07 05:53:18','2019-03-07 05:53:18',NULL),(587,548,78,'ㅇㅇ',1,54000,'2019-03-07 05:54:56','2019-03-07 05:54:56',NULL),(588,548,NULL,'포장',1,NULL,'2019-03-07 05:54:56','2019-03-07 05:54:56',NULL),(589,549,78,'ㅇㅇ',1,54000,'2019-03-07 05:55:38','2019-03-07 05:55:38',NULL),(590,549,NULL,'포장',1,NULL,'2019-03-07 05:55:38','2019-03-07 05:55:38',NULL),(591,550,78,'ㅇㅇ',1,54000,'2019-03-07 06:31:43','2019-03-07 06:31:43',NULL),(592,550,NULL,'포장',1,NULL,'2019-03-07 06:31:43','2019-03-07 06:31:43',NULL),(593,551,78,'ㅇㅇ',1,54000,'2019-03-07 06:31:53','2019-03-07 06:31:53',NULL),(594,551,NULL,'포장',1,NULL,'2019-03-07 06:31:53','2019-03-07 06:31:53',NULL),(595,552,77,'ㄴㄴㄴ',1,1000,'2019-03-07 06:32:22','2019-03-07 06:32:22',NULL),(596,552,NULL,'포장',1,-600,'2019-03-07 06:32:22','2019-03-07 06:32:22',NULL),(597,553,77,'ㄴㄴㄴ',1,1000,'2019-03-07 07:41:31','2019-03-07 07:41:31',NULL),(598,553,NULL,'포장',1,-600,'2019-03-07 07:41:31','2019-03-07 07:41:31',NULL),(599,554,74,'44',1,5000,'2019-03-08 01:44:30','2019-03-08 01:44:30',NULL),(600,554,NULL,'포장',1,-600,'2019-03-08 01:44:30','2019-03-08 01:44:30',NULL),(601,555,78,'ㅇㅇ',1,54000,'2019-03-11 03:43:25','2019-03-11 03:43:25',NULL),(602,555,NULL,'포장',1,-600,'2019-03-11 03:43:25','2019-03-11 03:43:25',NULL),(607,558,57,'소주',2,9000,'2019-03-11 04:17:04','2019-03-11 04:17:04',NULL),(608,558,77,'ㄴㄴㄴ',1,1000,'2019-03-11 04:17:04','2019-03-11 04:17:04',NULL),(609,558,78,'ㅇㅇ',1,54000,'2019-03-11 04:17:04','2019-03-11 04:17:04',NULL),(610,558,58,'새우피자',1,25000,'2019-03-11 04:17:04','2019-03-11 04:17:04',NULL),(611,558,NULL,'포장',1,NULL,'2019-03-11 04:17:04','2019-03-11 04:17:04',NULL),(612,559,78,'ㅇㅇ',1,54000,'2019-03-12 02:44:56','2019-03-12 02:44:56',NULL),(613,559,NULL,'포장',1,NULL,'2019-03-12 02:44:56','2019-03-12 02:44:56',NULL),(614,560,78,'ㅇㅇ',1,54000,'2019-03-12 04:16:39','2019-03-12 04:16:39',NULL),(615,560,NULL,'포장',1,NULL,'2019-03-12 04:16:39','2019-03-12 04:16:39',NULL),(616,561,57,'소주',1,4500,'2019-03-12 04:23:48','2019-03-12 04:23:48',NULL),(617,561,NULL,'포장',1,NULL,'2019-03-12 04:23:48','2019-03-12 04:23:48',NULL),(618,562,57,'소주',1,4500,'2019-03-12 04:28:59','2019-03-12 04:28:59',NULL),(619,563,57,'소주',1,4500,'2019-03-12 04:31:11','2019-03-12 04:31:11',NULL),(620,563,NULL,'포장',1,-600,'2019-03-12 04:31:11','2019-03-12 04:31:11',NULL),(621,564,57,'소주',1,4500,'2019-03-12 04:33:09','2019-03-12 04:33:09',NULL),(622,565,57,'소주',1,4500,'2019-03-12 04:33:30','2019-03-12 04:33:30',NULL),(623,565,NULL,'포장',1,-600,'2019-03-12 04:33:30','2019-03-12 04:33:30',NULL),(624,566,78,'ㅇㅇ',1,54000,'2019-03-12 04:38:14','2019-03-12 04:38:14',NULL),(625,567,78,'ㅇㅇ',1,54000,'2019-03-12 04:38:45','2019-03-12 04:38:45',NULL),(626,568,78,'ㅇㅇ',1,54000,'2019-03-12 04:41:52','2019-03-12 04:41:52',NULL),(627,569,78,'ㅇㅇ',1,54000,'2019-03-12 04:44:22','2019-03-12 04:44:22',NULL),(628,570,80,'핫도그',1,2000,'2019-03-12 06:51:39','2019-03-12 06:51:39',NULL),(629,570,NULL,'포장',1,-600,'2019-03-12 06:51:39','2019-03-12 06:51:39',NULL),(630,571,80,'핫도그',1,2000,'2019-03-12 06:52:00','2019-03-12 06:52:00',NULL),(631,571,78,'ㅇㅇ',1,54000,'2019-03-12 06:52:00','2019-03-12 06:52:00',NULL),(632,571,NULL,'포장',1,-600,'2019-03-12 06:52:00','2019-03-12 06:52:00',NULL),(633,572,57,'소주',1,4500,'2019-03-12 06:55:16','2019-03-12 06:55:16',NULL),(634,572,NULL,'포장',1,-600,'2019-03-12 06:55:16','2019-03-12 06:55:16',NULL),(635,573,57,'소주',1,4500,'2019-03-12 06:55:18','2019-03-12 06:55:18',NULL),(636,573,NULL,'포장',1,-600,'2019-03-12 06:55:18','2019-03-12 06:55:18',NULL),(637,574,84,'그릴드 머쉬룸 버거',1,7500,'2019-03-12 08:29:14','2019-03-12 08:29:14',NULL),(638,575,82,'골든 에그 치즈버거',1,7500,'2019-03-14 07:28:25','2019-03-14 07:28:25',NULL),(639,576,73,'331',1,8000,'2019-03-14 07:28:43','2019-03-14 07:28:43',NULL),(640,577,73,'331',1,8000,'2019-03-14 07:32:25','2019-03-14 07:32:25',NULL),(641,578,103,'6',1,60000,'2019-03-14 07:33:30','2019-03-14 07:33:30',NULL),(642,579,103,'6',1,60000,'2019-03-14 07:33:53','2019-03-14 07:33:53',NULL),(643,580,103,'6',1,60000,'2019-03-14 07:34:47','2019-03-14 07:34:47',NULL),(644,581,93,'탕수육',1,12000,'2019-03-14 07:34:58','2019-03-14 07:34:58',NULL),(645,582,93,'탕수육',1,12000,'2019-03-14 07:35:04','2019-03-14 07:35:04',NULL),(646,583,91,'짜장면',1,4500,'2019-03-14 08:03:45','2019-03-14 08:03:45',NULL),(647,584,75,'55',1,3000,'2019-03-14 09:00:28','2019-03-14 09:00:28',NULL),(648,585,75,'55',1,3000,'2019-03-14 09:00:45','2019-03-14 09:00:45',NULL),(649,586,75,'55',1,3000,'2019-03-14 09:00:50','2019-03-14 09:00:50',NULL),(650,587,75,'55',1,3000,'2019-03-14 09:01:25','2019-03-14 09:01:25',NULL),(651,588,75,'55',1,3000,'2019-03-14 09:01:55','2019-03-14 09:01:55',NULL),(652,589,74,'44',1,5000,'2019-03-14 09:02:35','2019-03-14 09:02:35',NULL),(653,590,74,'44',11,55000,'2019-03-14 09:27:09','2019-03-14 09:27:09',NULL),(654,591,74,'44',11,55000,'2019-03-14 09:27:38','2019-03-14 09:27:38',NULL),(655,592,75,'55',1,3000,'2019-03-14 09:33:26','2019-03-14 09:33:26',NULL),(656,592,74,'44',1,5000,'2019-03-14 09:33:26','2019-03-14 09:33:26',NULL),(657,592,73,'331',1,8000,'2019-03-14 09:33:26','2019-03-14 09:33:26',NULL),(658,593,73,'331',1,8000,'2019-03-14 09:34:17','2019-03-14 09:34:17',NULL),(659,593,74,'44',9,45000,'2019-03-14 09:34:17','2019-03-14 09:34:17',NULL),(660,594,74,'44',12,60000,'2019-03-14 09:34:55','2019-03-14 09:34:55',NULL),(661,595,74,'44',12,60000,'2019-03-14 09:35:01','2019-03-14 09:35:01',NULL),(662,596,74,'44',11,55000,'2019-03-14 09:35:20','2019-03-14 09:35:20',NULL),(663,597,74,'44',11,55000,'2019-03-14 09:35:36','2019-03-14 09:35:36',NULL),(664,598,74,'44',6,30000,'2019-03-14 09:39:56','2019-03-14 09:39:56',NULL),(665,598,75,'55',5,15000,'2019-03-14 09:39:56','2019-03-14 09:39:56',NULL),(666,598,73,'331',1,8000,'2019-03-14 09:39:56','2019-03-14 09:39:56',NULL),(667,598,81,'에그 불고기 버거',1,3600,'2019-03-14 09:39:56','2019-03-14 09:39:56',NULL),(668,599,74,'44',6,30000,'2019-03-14 09:49:31','2019-03-14 09:49:31',NULL),(669,599,75,'55',5,15000,'2019-03-14 09:49:31','2019-03-14 09:49:31',NULL),(670,599,73,'331',1,8000,'2019-03-14 09:49:31','2019-03-14 09:49:31',NULL),(671,599,81,'에그 불고기 버거',1,3600,'2019-03-14 09:49:31','2019-03-14 09:49:31',NULL),(672,600,81,'에그 불고기 버거',1,3600,'2019-03-14 11:50:01','2019-03-14 11:50:01',NULL),(673,601,74,'44',1,5000,'2019-03-14 11:53:50','2019-03-14 11:53:50',NULL),(674,601,NULL,'포장',1,-600,'2019-03-14 11:53:50','2019-03-14 11:53:50',NULL),(675,602,74,'44',1,5000,'2019-03-14 11:54:13','2019-03-14 11:54:13',NULL),(676,602,NULL,'포장',1,-600,'2019-03-14 11:54:13','2019-03-14 11:54:13',NULL),(677,603,75,'55',1,3000,'2019-03-14 11:56:17','2019-03-14 11:56:17',NULL),(678,604,74,'44',1,5000,'2019-03-14 11:56:28','2019-03-14 11:56:28',NULL),(679,605,74,'44',1,5000,'2019-03-14 11:56:35','2019-03-14 11:56:35',NULL),(680,606,74,'44',1,5000,'2019-03-14 12:02:16','2019-03-14 12:02:16',NULL),(681,607,75,'55',1,3000,'2019-03-14 12:02:48','2019-03-14 12:02:48',NULL),(682,608,84,'그릴드 머쉬룸 버거',1,7500,'2019-03-18 02:27:52','2019-03-18 02:27:52',NULL),(683,609,104,'참치찌개',1,6000,'2019-03-18 09:05:04','2019-03-18 09:05:04',NULL),(684,609,75,'55',1,3000,'2019-03-18 09:05:04','2019-03-18 09:05:04',NULL),(685,609,NULL,'포장',1,-600,'2019-03-18 09:05:04','2019-03-18 09:05:04',NULL),(686,610,71,'11',1,20000,'2019-03-19 00:24:52','2019-03-19 00:24:52',NULL),(687,611,71,'11',1,20000,'2019-03-19 00:25:38','2019-03-19 00:25:38',NULL),(688,612,71,'11',1,20000,'2019-03-19 00:26:31','2019-03-19 00:26:31',NULL),(689,613,71,'11',1,20000,'2019-03-19 00:29:30','2019-03-19 00:29:30',NULL),(690,614,71,'11',1,20000,'2019-03-19 00:30:02','2019-03-19 00:30:02',NULL),(691,615,71,'11',1,20000,'2019-03-19 00:30:14','2019-03-19 00:30:14',NULL),(692,616,81,'에그 불고기 버거',1,3600,'2019-03-19 00:36:23','2019-03-19 00:36:23',NULL),(693,617,92,'짬뽕',1,5000,'2019-03-19 00:42:48','2019-03-19 00:42:48',NULL),(694,618,92,'짬뽕',1,5000,'2019-03-19 00:45:29','2019-03-19 00:45:29',NULL),(695,619,81,'에그 불고기 버거',1,3600,'2019-03-19 00:46:04','2019-03-19 00:46:04',NULL),(696,620,104,'참치찌개',1,6000,'2019-03-19 00:59:11','2019-03-19 00:59:11',NULL),(697,621,72,'22',1,7000,'2019-03-19 01:07:05','2019-03-19 01:07:05',NULL),(698,622,72,'22',1,7000,'2019-03-19 01:11:54','2019-03-19 01:11:54',NULL),(699,623,72,'22',1,7000,'2019-03-19 01:21:35','2019-03-19 01:21:35',NULL),(700,624,72,'22',1,7000,'2019-03-19 08:37:47','2019-03-19 08:37:47',NULL),(701,625,75,'55',1,3000,'2019-03-19 08:39:27','2019-03-19 08:39:27',NULL),(702,626,70,'5xn',1,12000,'2019-03-20 01:54:21','2019-03-20 01:54:21',NULL),(703,627,70,'5xn',1,12000,'2019-03-20 01:54:56','2019-03-20 01:54:56',NULL),(704,628,71,'11',1,20000,'2019-03-20 02:52:45','2019-03-20 02:52:45',NULL),(705,629,71,'11',1,20000,'2019-03-20 02:52:54','2019-03-20 02:52:54',NULL),(706,630,71,'11',1,20000,'2019-03-20 02:57:00','2019-03-20 02:57:00',NULL),(707,630,NULL,'포장',1,-600,'2019-03-20 02:57:00','2019-03-20 02:57:00',NULL),(708,631,75,'55',1,3000,'2019-03-20 02:59:56','2019-03-20 02:59:56',NULL),(709,632,75,'55',1,3000,'2019-03-20 03:00:06','2019-03-20 03:00:06',NULL),(710,636,74,'44',1,5000,'2019-03-20 03:25:47','2019-03-20 03:25:47',NULL),(711,639,72,'22',1,7000,'2019-03-20 07:13:25','2019-03-20 07:13:25',NULL),(712,640,72,'22',1,7000,'2019-03-20 07:17:33','2019-03-20 07:17:33',NULL),(713,641,72,'22',1,7000,'2019-03-20 07:57:37','2019-03-20 07:57:37',NULL),(714,642,71,'11',1,20000,'2019-03-20 07:57:48','2019-03-20 07:57:48',NULL),(715,643,72,'22',1,7000,'2019-03-20 08:00:06','2019-03-20 08:00:06',NULL),(716,644,72,'22',1,7000,'2019-03-20 08:00:39','2019-03-20 08:00:39',NULL),(717,645,72,'22',1,7000,'2019-03-20 08:14:37','2019-03-20 08:14:37',NULL),(718,645,NULL,'포장',1,-600,'2019-03-20 08:14:37','2019-03-20 08:14:37',NULL),(719,646,104,'참치찌개',1,6000,'2019-03-20 08:28:58','2019-03-20 08:28:58',NULL),(720,647,104,'참치찌개',1,6000,'2019-03-20 08:34:00','2019-03-20 08:34:00',NULL),(721,648,75,'55',1,3000,'2019-03-20 08:35:00','2019-03-20 08:35:00',NULL),(722,649,72,'22',1,7000,'2019-03-20 08:35:37','2019-03-20 08:35:37',NULL),(723,650,72,'22',1,7000,'2019-03-20 08:35:41','2019-03-20 08:35:41',NULL),(724,651,104,'참치찌개',1,6000,'2019-03-20 08:38:08','2019-03-20 08:38:08',NULL),(725,652,71,'11',1,20000,'2019-03-20 12:20:19','2019-03-20 12:20:19',NULL),(726,653,70,'5xn',1,12000,'2019-03-21 03:31:48','2019-03-21 03:31:48',NULL),(727,653,71,'11',1,20000,'2019-03-21 03:31:48','2019-03-21 03:31:48',NULL),(728,653,72,'22',1,7000,'2019-03-21 03:31:48','2019-03-21 03:31:48',NULL),(729,653,74,'44',1,5000,'2019-03-21 03:31:48','2019-03-21 03:31:48',NULL),(730,653,73,'331',1,8000,'2019-03-21 03:31:48','2019-03-21 03:31:48',NULL),(731,653,75,'55',1,3000,'2019-03-21 03:31:48','2019-03-21 03:31:48',NULL),(732,653,104,'참치찌개',1,6000,'2019-03-21 03:31:48','2019-03-21 03:31:48',NULL),(733,654,74,'44',1,5000,'2019-03-21 03:32:36','2019-03-21 03:32:36',NULL),(734,654,72,'22',1,7000,'2019-03-21 03:32:36','2019-03-21 03:32:36',NULL),(735,656,72,'22',1,7000,'2019-03-21 08:12:32','2019-03-21 08:12:32',NULL),(736,657,75,'55',1,3000,'2019-03-21 08:21:16','2019-03-21 08:21:16',NULL),(737,658,73,'331',1,8000,'2019-03-21 08:43:22','2019-03-21 08:43:22',NULL),(738,659,70,'5xn',1,12000,'2019-03-21 08:43:43','2019-03-21 08:43:43',NULL),(739,659,71,'11',1,20000,'2019-03-21 08:43:43','2019-03-21 08:43:43',NULL),(740,660,81,'에그 불고기 버거',1,3600,'2019-03-21 08:46:07','2019-03-21 08:46:07',NULL),(741,660,NULL,'포장',1,-1000,'2019-03-21 08:46:07','2019-03-21 08:46:07',NULL),(742,661,72,'22',1,7000,'2019-03-21 08:47:20','2019-03-21 08:47:20',NULL),(743,661,71,'11',1,20000,'2019-03-21 08:47:20','2019-03-21 08:47:20',NULL),(744,662,75,'55',1,3000,'2019-03-21 09:00:32','2019-03-21 09:00:32',NULL),(745,663,75,'55',1,3000,'2019-03-21 09:01:02','2019-03-21 09:01:02',NULL),(746,664,75,'55',1,3000,'2019-03-21 09:01:32','2019-03-21 09:01:32',NULL),(747,665,75,'55',1,3000,'2019-03-21 09:19:25','2019-03-21 09:19:25',NULL),(748,666,75,'55',1,3000,'2019-03-21 09:29:18','2019-03-21 09:29:18',NULL),(749,667,75,'55',1,3000,'2019-03-21 09:32:48','2019-03-21 09:32:48',NULL),(750,677,72,'22',1,7000,'2019-03-25 07:06:55','2019-03-25 07:06:55',NULL),(751,678,105,'뼈',1,5000,'2019-03-25 07:08:07','2019-03-25 07:08:07',NULL),(752,679,105,'뼈',1,5000,'2019-03-25 07:08:58','2019-03-25 07:08:58',NULL),(753,680,105,'뼈',1,5000,'2019-03-25 07:09:20','2019-03-25 07:09:20',NULL),(754,681,73,'331',1,8000,'2019-03-27 09:18:43','2019-03-27 09:18:43',NULL),(755,682,73,'331',1,8000,'2019-03-27 09:20:18','2019-03-27 09:20:18',NULL),(756,683,71,'11',1,20000,'2019-03-28 05:48:51','2019-03-28 05:48:51',NULL),(757,683,72,'22',1,7000,'2019-03-28 05:48:51','2019-03-28 05:48:51',NULL),(758,684,71,'11',1,20000,'2019-03-28 05:49:24','2019-03-28 05:49:24',NULL),(759,684,70,'5xn',1,12000,'2019-03-28 05:49:24','2019-03-28 05:49:24',NULL),(760,685,72,'22',1,7000,'2019-03-28 06:12:01','2019-03-28 06:12:01',NULL),(761,686,71,'11',1,20000,'2019-03-28 06:27:09','2019-03-28 06:27:09',NULL),(762,687,75,'55',1,3000,'2019-03-28 06:33:29','2019-03-28 06:33:29',NULL),(763,687,72,'22',1,7000,'2019-03-28 06:33:29','2019-03-28 06:33:29',NULL),(764,688,71,'11',1,20000,'2019-03-28 07:12:27','2019-03-28 07:12:27',NULL),(765,689,71,'11',1,20000,'2019-03-28 07:18:43','2019-03-28 07:18:43',NULL),(766,690,70,'5xn',1,12000,'2019-03-28 07:19:50','2019-03-28 07:19:50',NULL),(767,691,72,'22',1,7000,'2019-03-28 07:58:08','2019-03-28 07:58:08',NULL),(768,692,72,'22',1,7000,'2019-03-28 08:00:01','2019-03-28 08:00:01',NULL),(769,693,72,'22',1,7000,'2019-03-28 08:17:32','2019-03-28 08:17:32',NULL),(770,694,72,'22',1,7000,'2019-03-28 08:22:08','2019-03-28 08:22:08',NULL),(771,695,72,'22',1,7000,'2019-03-28 08:23:36','2019-03-28 08:23:36',NULL),(772,696,72,'22',1,7000,'2019-03-28 08:24:44','2019-03-28 08:24:44',NULL),(773,697,72,'22',1,7000,'2019-03-28 08:29:08','2019-03-28 08:29:08',NULL),(774,697,NULL,'포장',1,-500,'2019-03-28 08:29:08','2019-03-28 08:29:08',NULL),(775,698,72,'22',1,7000,'2019-03-28 08:31:54','2019-03-28 08:31:54',NULL),(776,698,NULL,'포장',1,-500,'2019-03-28 08:31:54','2019-03-28 08:31:54',NULL),(777,699,72,'22',1,7000,'2019-03-28 08:37:58','2019-03-28 08:37:58',NULL),(778,700,72,'22',1,7000,'2019-03-28 08:38:32','2019-03-28 08:38:32',NULL),(779,701,75,'55',1,3000,'2019-03-28 08:39:08','2019-03-28 08:39:08',NULL),(780,702,72,'22',1,7000,'2019-03-28 08:40:47','2019-03-28 08:40:47',NULL),(781,703,70,'5xn',1,12000,'2019-03-28 08:41:27','2019-03-28 08:41:27',NULL),(782,703,NULL,'포장',1,-500,'2019-03-28 08:41:27','2019-03-28 08:41:27',NULL),(783,704,72,'22',1,7000,'2019-03-28 08:42:42','2019-03-28 08:42:42',NULL),(784,705,72,'22',1,7000,'2019-03-28 08:43:51','2019-03-28 08:43:51',NULL),(785,706,72,'22',1,7000,'2019-03-28 08:52:58','2019-03-28 08:52:58',NULL),(786,707,72,'22',1,7000,'2019-03-28 08:58:57','2019-03-28 08:58:57',NULL),(787,708,72,'22',1,7000,'2019-03-29 06:09:39','2019-03-29 06:09:39',NULL),(788,709,72,'22',1,7000,'2019-03-29 06:10:11','2019-03-29 06:10:11',NULL),(789,709,NULL,'포장',1,-500,'2019-03-29 06:10:11','2019-03-29 06:10:11',NULL),(790,710,72,'22',1,7000,'2019-03-29 06:11:00','2019-03-29 06:11:00',NULL),(791,711,72,'22',1,7000,'2019-03-29 06:14:47','2019-03-29 06:14:47',NULL),(792,711,NULL,'포장',1,-500,'2019-03-29 06:14:47','2019-03-29 06:14:47',NULL),(793,712,71,'11',1,20000,'2019-04-01 05:28:28','2019-04-01 05:28:28',NULL),(794,712,72,'22',1,7000,'2019-04-01 05:28:28','2019-04-01 05:28:28',NULL),(795,713,72,'22',1,7000,'2019-04-01 05:55:04','2019-04-01 05:55:04',NULL),(796,714,72,'22',1,7000,'2019-04-01 07:04:57','2019-04-01 07:04:57',NULL),(797,715,72,'22',1,7000,'2019-04-01 07:05:18','2019-04-01 07:05:18',NULL),(798,716,72,'22',1,7000,'2019-04-01 07:06:27','2019-04-01 07:06:27',NULL),(799,717,75,'55',1,3000,'2019-04-01 07:11:50','2019-04-01 07:11:50',NULL),(800,718,72,'22',1,7000,'2019-04-01 07:13:16','2019-04-01 07:13:16',NULL),(801,719,72,'22',1,7000,'2019-04-01 07:15:36','2019-04-01 07:15:36',NULL),(802,720,72,'22',1,7000,'2019-04-02 05:51:27','2019-04-02 05:51:27',NULL),(803,721,72,'22',1,7000,'2019-04-02 05:57:03','2019-04-02 05:57:03',NULL),(804,721,NULL,'포장',1,-500,'2019-04-02 05:57:03','2019-04-02 05:57:03',NULL),(805,722,72,'22',1,7000,'2019-04-02 06:04:07','2019-04-02 06:04:07',NULL),(806,723,72,'22',1,7000,'2019-04-02 07:15:44','2019-04-02 07:15:44',NULL),(807,724,72,'22',1,7000,'2019-04-02 07:17:14','2019-04-02 07:17:14',NULL),(808,725,72,'22',1,7000,'2019-04-02 07:18:49','2019-04-02 07:18:49',NULL),(809,725,NULL,'포장',1,-500,'2019-04-02 07:18:49','2019-04-02 07:18:49',NULL),(810,726,72,'22',1,7000,'2019-04-02 07:19:55','2019-04-02 07:19:55',NULL),(811,727,72,'22',1,7000,'2019-04-02 07:23:49','2019-04-02 07:23:49',NULL),(812,728,72,'22',1,7000,'2019-04-03 07:44:10','2019-04-03 07:44:10',NULL),(813,728,NULL,'포장',1,-500,'2019-04-03 07:44:10','2019-04-03 07:44:10',NULL),(814,729,72,'22',1,7000,'2019-04-03 07:52:24','2019-04-03 07:52:24',NULL),(815,730,72,'22',1,7000,'2019-04-03 08:14:53','2019-04-03 08:14:53',NULL),(816,731,70,'5xn',1,12000,'2019-04-03 11:53:03','2019-04-03 11:53:03',NULL),(817,732,76,'66',1,6000,'2019-04-03 11:53:23','2019-04-03 11:53:23',NULL),(818,733,76,'66',1,6000,'2019-04-03 11:54:06','2019-04-03 11:54:06',NULL),(819,733,70,'5xn',1,12000,'2019-04-03 11:54:06','2019-04-03 11:54:06',NULL),(820,734,70,'5xn',1,12000,'2019-04-03 11:55:45','2019-04-03 11:55:45',NULL),(821,735,70,'5xn',1,12000,'2019-04-03 11:57:09','2019-04-03 11:57:09',NULL),(822,736,71,'11',1,20000,'2019-04-04 05:35:58','2019-04-04 05:35:58',NULL),(823,737,72,'22',1,7000,'2019-04-04 05:37:52','2019-04-04 05:37:52',NULL),(824,738,72,'22',1,7000,'2019-04-04 05:45:44','2019-04-04 05:45:44',NULL),(825,739,72,'22',1,7000,'2019-04-04 05:47:41','2019-04-04 05:47:41',NULL),(826,740,72,'22',1,7000,'2019-04-04 05:56:38','2019-04-04 05:56:38',NULL),(827,741,72,'22',1,7000,'2019-04-04 06:02:16','2019-04-04 06:02:16',NULL),(828,742,72,'22',1,7000,'2019-04-04 06:02:30','2019-04-04 06:02:30',NULL),(829,743,105,'뼈',1,5000,'2019-04-04 06:02:49','2019-04-04 06:02:49',NULL),(830,744,105,'뼈',1,5000,'2019-04-04 06:11:35','2019-04-04 06:11:35',NULL),(831,745,72,'22',1,7000,'2019-04-05 02:44:53','2019-04-05 02:44:53',NULL),(832,746,72,'22',1,7000,'2019-04-05 05:30:05','2019-04-05 05:30:05',NULL),(833,747,73,'331',1,8000,'2019-04-05 05:34:55','2019-04-05 05:34:55',NULL),(834,748,72,'22',1,7000,'2019-04-05 05:40:53','2019-04-05 05:40:53',NULL),(835,749,75,'55',1,3000,'2019-04-08 11:26:19','2019-04-08 11:26:19',NULL),(836,750,75,'55',1,3000,'2019-04-08 11:29:14','2019-04-08 11:29:14',NULL),(837,751,75,'55',1,3000,'2019-04-08 11:30:31','2019-04-08 11:30:31',NULL),(838,752,75,'55',1,3000,'2019-04-08 11:36:28','2019-04-08 11:36:28',NULL),(839,753,75,'55',1,3000,'2019-04-08 11:38:18','2019-04-08 11:38:18',NULL),(840,754,75,'55',1,3000,'2019-04-08 11:44:05','2019-04-08 11:44:05',NULL),(841,755,75,'55',1,3000,'2019-04-08 11:44:50','2019-04-08 11:44:50',NULL),(842,756,75,'55',1,3000,'2019-04-08 11:46:19','2019-04-08 11:46:19',NULL),(843,757,75,'55',1,3000,'2019-04-08 11:47:10','2019-04-08 11:47:10',NULL),(844,758,75,'55',1,3000,'2019-04-08 11:48:03','2019-04-08 11:48:03',NULL),(845,759,75,'55',1,3000,'2019-04-08 11:49:23','2019-04-08 11:49:23',NULL),(846,760,75,'55',1,3000,'2019-04-08 11:53:31','2019-04-08 11:53:31',NULL),(847,761,75,'55',1,3000,'2019-04-08 11:57:15','2019-04-08 11:57:15',NULL),(848,762,75,'55',1,3000,'2019-04-08 12:01:13','2019-04-08 12:01:13',NULL),(849,763,75,'55',1,3000,'2019-04-08 12:02:04','2019-04-08 12:02:04',NULL),(850,764,75,'55',1,3000,'2019-04-08 12:13:04','2019-04-08 12:13:04',NULL),(851,765,75,'55',1,3000,'2019-04-08 12:28:31','2019-04-08 12:28:31',NULL),(852,766,75,'55',1,3000,'2019-04-09 04:14:13','2019-04-09 04:14:13',NULL),(853,767,75,'55',1,3000,'2019-04-09 04:14:56','2019-04-09 04:14:56',NULL),(854,768,75,'55',1,3000,'2019-04-09 07:27:09','2019-04-09 07:27:09',NULL),(855,769,75,'55',1,3000,'2019-04-10 04:27:30','2019-04-10 04:27:30',NULL),(856,770,70,'5xn',1,12000,'2019-04-10 04:34:57','2019-04-10 04:34:57',NULL),(857,771,106,'tt',1,9000,'2019-04-10 04:53:17','2019-04-10 04:53:17',NULL),(858,772,75,'55',1,3000,'2019-04-10 05:12:00','2019-04-10 05:12:00',NULL),(859,773,75,'55',1,3000,'2019-04-10 05:12:55','2019-04-10 05:12:55',NULL),(860,774,75,'55',1,3000,'2019-04-10 05:13:46','2019-04-10 05:13:46',NULL),(861,775,75,'55',1,3000,'2019-04-10 06:12:00','2019-04-10 06:12:00',NULL),(862,776,75,'55',1,3000,'2019-04-10 06:13:07','2019-04-10 06:13:07',NULL),(863,777,75,'55',1,3000,'2019-04-10 06:14:52','2019-04-10 06:14:52',NULL),(864,778,72,'22',1,7000,'2019-04-10 06:21:45','2019-04-10 06:21:45',NULL),(865,779,72,'22',1,7000,'2019-04-10 06:22:16','2019-04-10 06:22:16',NULL),(866,780,105,'뼈',1,5000,'2019-04-10 06:22:56','2019-04-10 06:22:56',NULL),(867,781,72,'22',1,7000,'2019-04-10 06:24:16','2019-04-10 06:24:16',NULL),(868,782,75,'55',1,3000,'2019-04-10 06:28:44','2019-04-10 06:28:44',NULL),(869,783,75,'55',1,3000,'2019-04-10 06:34:23','2019-04-10 06:34:23',NULL),(870,784,75,'55',1,3000,'2019-04-10 06:34:45','2019-04-10 06:34:45',NULL),(871,785,75,'55',1,3000,'2019-04-10 06:35:39','2019-04-10 06:35:39',NULL),(872,786,75,'55',1,3000,'2019-04-10 06:46:52','2019-04-10 06:46:52',NULL),(873,787,75,'55',1,3000,'2019-04-10 06:47:56','2019-04-10 06:47:56',NULL),(874,788,75,'55',1,3000,'2019-04-10 06:56:43','2019-04-10 06:56:43',NULL),(875,788,108,'한정식',1,14000,'2019-04-10 06:56:43','2019-04-10 06:56:43',NULL),(876,789,75,'55',1,3000,'2019-04-10 06:58:59','2019-04-10 06:58:59',NULL),(877,790,105,'뼈',1,5000,'2019-04-10 06:59:42','2019-04-10 06:59:42',NULL),(878,791,73,'331',1,8000,'2019-04-10 07:02:39','2019-04-10 07:02:39',NULL),(879,792,108,'한정식',1,14000,'2019-04-10 07:03:57','2019-04-10 07:03:57',NULL),(880,793,105,'뼈',1,5000,'2019-04-10 07:05:59','2019-04-10 07:05:59',NULL),(881,794,75,'55',1,3000,'2019-04-10 07:12:29','2019-04-10 07:12:29',NULL),(882,795,106,'tt',1,9000,'2019-04-10 07:14:41','2019-04-10 07:14:41',NULL),(883,796,75,'55',1,3000,'2019-04-10 07:20:58','2019-04-10 07:20:58',NULL),(884,797,107,'tt',1,9000,'2019-04-10 07:31:13','2019-04-10 07:31:13',NULL),(885,798,105,'뼈',1,5000,'2019-04-10 07:32:18','2019-04-10 07:32:18',NULL),(886,799,75,'55',1,3000,'2019-04-10 07:35:44','2019-04-10 07:35:44',NULL),(887,800,72,'22',1,7000,'2019-04-10 07:41:01','2019-04-10 07:41:01',NULL),(888,801,75,'55',1,3000,'2019-04-10 07:50:23','2019-04-10 07:50:23',NULL),(889,802,108,'한정식',1,14000,'2019-04-10 07:51:02','2019-04-10 07:51:02',NULL),(890,803,105,'뼈',1,5000,'2019-04-10 07:54:09','2019-04-10 07:54:09',NULL),(891,804,75,'55',1,3000,'2019-04-10 08:10:28','2019-04-10 08:10:28',NULL),(892,805,72,'22',1,7000,'2019-04-10 08:11:25','2019-04-10 08:11:25',NULL),(893,806,75,'55',1,3000,'2019-04-10 08:22:11','2019-04-10 08:22:11',NULL),(894,807,75,'55',1,3000,'2019-04-10 08:28:31','2019-04-10 08:28:31',NULL),(895,807,NULL,'포장',1,-500,'2019-04-10 08:28:31','2019-04-10 08:28:31',NULL),(896,808,72,'22',1,7000,'2019-04-10 08:30:50','2019-04-10 08:30:50',NULL),(897,809,75,'55',1,3000,'2019-04-10 08:33:39','2019-04-10 08:33:39',NULL),(898,810,104,'참치찌개',1,6000,'2019-04-11 05:45:35','2019-04-11 05:45:35',NULL),(899,811,104,'참치찌개',1,6000,'2019-04-11 05:46:57','2019-04-11 05:46:57',NULL),(900,812,104,'참치찌개',1,6000,'2019-04-11 05:48:18','2019-04-11 05:48:18',NULL),(901,813,104,'참치찌개',1,6000,'2019-04-11 05:49:06','2019-04-11 05:49:06',NULL),(902,814,104,'참치찌개',1,6000,'2019-04-11 05:55:55','2019-04-11 05:55:55',NULL),(903,815,104,'참치찌개',1,6000,'2019-04-11 05:56:25','2019-04-11 05:56:25',NULL),(904,816,104,'참치찌개',1,6000,'2019-04-11 06:19:48','2019-04-11 06:19:48',NULL),(905,817,72,'22',1,7000,'2019-04-11 12:39:52','2019-04-11 12:39:52',NULL),(906,818,72,'22',1,7000,'2019-04-11 12:42:53','2019-04-11 12:42:53',NULL),(907,819,74,'44',1,5000,'2019-04-11 12:46:28','2019-04-11 12:46:28',NULL),(908,820,105,'뼈',1,5000,'2019-04-11 12:46:53','2019-04-11 12:46:53',NULL),(909,821,105,'뼈',1,5000,'2019-04-11 12:50:38','2019-04-11 12:50:38',NULL),(910,822,105,'뼈',1,5000,'2019-04-11 12:50:47','2019-04-11 12:50:47',NULL),(911,823,72,'22',1,7000,'2019-04-12 04:08:55','2019-04-12 04:08:55',NULL),(912,824,75,'55',1,3000,'2019-04-12 04:09:14','2019-04-12 04:09:14',NULL),(913,825,72,'22',1,7000,'2019-04-12 04:25:02','2019-04-12 04:25:02',NULL),(914,826,75,'55',1,3000,'2019-04-12 04:25:29','2019-04-12 04:25:29',NULL),(915,827,75,'55',1,3000,'2019-04-12 04:25:50','2019-04-12 04:25:50',NULL),(916,828,105,'뼈',1,5000,'2019-04-12 04:26:47','2019-04-12 04:26:47',NULL),(917,829,75,'55',1,3000,'2019-04-12 04:35:46','2019-04-12 04:35:46',NULL),(918,829,NULL,'포장',1,-500,'2019-04-12 04:35:46','2019-04-12 04:35:46',NULL),(919,830,75,'55',1,3000,'2019-04-12 05:22:40','2019-04-12 05:22:40',NULL),(920,831,70,'5xn',3,36000,'2019-04-15 06:42:58','2019-04-15 06:42:58',NULL),(921,831,107,'tt',1,9000,'2019-04-15 06:42:58','2019-04-15 06:42:58',NULL),(922,831,76,'66',1,6000,'2019-04-15 06:42:58','2019-04-15 06:42:58',NULL),(923,831,106,'tt',1,9000,'2019-04-15 06:42:58','2019-04-15 06:42:58',NULL),(924,832,81,'에그 불고기 버거',1,3600,'2019-05-17 11:48:22','2019-05-17 11:48:22',NULL),(925,833,85,'빅맥버거',1,4500,'2019-05-17 11:50:33','2019-05-17 11:50:33',NULL),(926,833,86,'맥스파이시 상하이 버거',1,4500,'2019-05-17 11:50:33','2019-05-17 11:50:33',NULL),(927,834,91,'짜장면',1,4500,'2019-05-17 11:53:47','2019-05-17 11:53:47',NULL),(928,834,82,'골든 에그 치즈버거',1,7500,'2019-05-17 11:53:47','2019-05-17 11:53:47',NULL),(929,835,104,'참치찌개',1,6000,'2019-05-17 11:57:19','2019-05-17 11:57:19',NULL),(930,836,73,'331',1,8000,'2019-05-17 11:58:35','2019-05-17 11:58:35',NULL),(931,837,74,'44',1,5000,'2019-05-17 11:59:46','2019-05-17 11:59:46',NULL),(932,837,75,'55',1,3000,'2019-05-17 11:59:46','2019-05-17 11:59:46',NULL),(933,838,71,'11',1,20000,'2019-05-22 05:03:09','2019-05-22 05:03:09',NULL),(934,838,74,'44',1,5000,'2019-05-22 05:03:09','2019-05-22 05:03:09',NULL),(935,839,75,'55',1,3000,'2019-05-22 05:03:58','2019-05-22 05:03:58',NULL),(936,840,75,'55',1,3000,'2019-05-22 05:04:39','2019-05-22 05:04:39',NULL),(937,841,75,'55',1,3000,'2019-05-22 05:41:50','2019-05-22 05:41:50',NULL),(938,842,75,'55',1,3000,'2019-05-22 06:01:23','2019-05-22 06:01:23',NULL),(939,843,75,'55',1,3000,'2019-05-22 06:03:13','2019-05-22 06:03:13',NULL),(940,844,75,'55',1,3000,'2019-05-22 10:29:01','2019-05-22 10:29:01',NULL),(941,845,111,'갈비탕',1,9000,'2019-05-23 04:49:42','2019-05-23 04:49:42',NULL),(942,846,111,'갈비탕',1,9000,'2019-05-23 04:50:12','2019-05-23 04:50:12',NULL),(943,847,111,'갈비탕',1,9000,'2019-05-23 04:50:46','2019-05-23 04:50:46',NULL),(944,848,111,'갈비탕',1,9000,'2019-05-23 05:00:56','2019-05-23 05:00:56',NULL),(945,849,111,'갈비탕',1,9000,'2019-05-23 05:06:32','2019-05-23 05:06:32',NULL),(946,850,111,'갈비탕',1,9000,'2019-05-23 05:18:56','2019-05-23 05:18:56',NULL),(947,851,111,'갈비탕',1,9000,'2019-05-23 05:54:56','2019-05-23 05:54:56',NULL),(948,852,111,'갈비탕',1,9000,'2019-05-23 06:04:05','2019-05-23 06:04:05',NULL),(949,853,81,'에그 불고기 버거',1,3600,'2019-05-23 07:40:19','2019-05-23 07:40:19',NULL),(950,854,112,'과자',1,200,'2019-05-23 07:53:19','2019-05-23 07:53:19',NULL),(951,855,111,'갈비탕',1,9000,'2019-05-23 10:13:59','2019-05-23 10:13:59',NULL),(952,856,111,'갈비탕',1,9000,'2019-05-23 23:58:43','2019-05-23 23:58:43',NULL),(953,857,111,'갈비탕',1,9000,'2019-05-24 00:25:37','2019-05-24 00:25:37',NULL),(954,858,111,'갈비탕',1,9000,'2019-05-24 00:51:46','2019-05-24 00:51:46',NULL),(955,859,111,'갈비탕',1,9000,'2019-05-24 01:19:59','2019-05-24 01:19:59',NULL),(956,860,111,'갈비탕',1,9000,'2019-05-24 01:20:51','2019-05-24 01:20:51',NULL),(957,861,111,'갈비탕',1,9000,'2019-05-24 04:49:04','2019-05-24 04:49:04',NULL),(958,862,111,'갈비탕',1,9000,'2019-05-24 04:50:01','2019-05-24 04:50:01',NULL),(959,863,111,'갈비탕',1,9000,'2019-06-06 07:38:06','2019-06-06 07:38:06',NULL),(960,864,111,'갈비탕',1,9000,'2019-06-06 07:38:39','2019-06-06 07:38:39',NULL),(961,865,114,'ㅊ',1,5000,'2019-06-06 07:52:05','2019-06-06 07:52:05',NULL),(962,866,111,'갈비탕',1,9000,'2019-06-06 07:58:01','2019-06-06 07:58:01',NULL),(963,867,111,'갈비탕',1,9000,'2019-06-07 01:42:12','2019-06-07 01:42:12',NULL),(964,868,111,'갈비탕',1,9000,'2019-06-07 01:43:44','2019-06-07 01:43:44',NULL),(965,869,111,'갈비탕',1,9000,'2019-06-07 02:17:08','2019-06-07 02:17:08',NULL),(966,870,111,'갈비탕',1,9000,'2019-06-07 02:25:32','2019-06-07 02:25:32',NULL),(967,871,111,'갈비탕',1,9000,'2019-06-07 02:32:02','2019-06-07 02:32:02',NULL),(968,872,111,'갈비탕',1,9000,'2019-06-07 02:40:48','2019-06-07 02:40:48',NULL),(969,873,111,'갈비탕',1,9000,'2019-06-07 03:02:45','2019-06-07 03:02:45',NULL),(970,874,111,'갈비탕',1,9000,'2019-06-07 03:17:09','2019-06-07 03:17:09',NULL),(971,874,NULL,'포장',1,0,'2019-06-07 03:17:09','2019-06-07 03:17:09',NULL),(972,875,111,'갈비탕',1,9000,'2019-06-12 00:35:00','2019-06-12 00:35:00',NULL),(973,876,111,'갈비탕',1,9000,'2019-06-12 00:40:22','2019-06-12 00:40:22',NULL),(974,877,111,'갈비탕',1,9000,'2019-06-14 06:18:10','2019-06-14 06:18:10',NULL),(975,878,111,'갈비탕',1,9000,'2019-06-14 06:18:35','2019-06-14 06:18:35',NULL);
/*!40000 ALTER TABLE `order_menu` ENABLE KEYS */;
UNLOCK TABLES;

--
-- Table structure for table `order_menu_option`
--

DROP TABLE IF EXISTS `order_menu_option`;
/*!40101 SET @saved_cs_client     = @@character_set_client */;
/*!40101 SET character_set_client = utf8 */;
CREATE TABLE `order_menu_option` (
  `id` int(11) NOT NULL AUTO_INCREMENT,
  `order_menu_id` int(11) DEFAULT NULL,
  `store_menu_option_id` int(11) DEFAULT NULL,
  `name` varchar(50) DEFAULT NULL COMMENT '옵션 이름',
  `count` int(11) DEFAULT NULL COMMENT '개수',
  `price` int(11) DEFAULT NULL COMMENT '가격',
  `created_at` datetime DEFAULT NULL,
  `updated_at` datetime DEFAULT NULL,
  `deleted_at` datetime DEFAULT NULL,
  PRIMARY KEY (`id`)
) ENGINE=InnoDB AUTO_INCREMENT=81 DEFAULT CHARSET=utf8 COMMENT='주문 메뉴 옵션 리스트';
/*!40101 SET character_set_client = @saved_cs_client */;

--
-- Dumping data for table `order_menu_option`
--

LOCK TABLES `order_menu_option` WRITE;
/*!40000 ALTER TABLE `order_menu_option` DISABLE KEYS */;
INSERT INTO `order_menu_option` VALUES (4,117,1,'R사이즈(중)',1,13000,'2018-12-05 08:49:08','2018-12-05 08:49:08',NULL),(5,117,2,'L사이즈(대)',1,23000,'2018-12-05 08:49:08','2018-12-05 08:49:08',NULL),(6,118,6,'콜랑',1,1000,'2018-12-05 08:49:08','2018-12-05 08:49:08',NULL),(7,120,1,'R사이즈(중)',1,13000,'2018-12-05 09:12:51','2018-12-05 09:12:51',NULL),(8,120,2,'L사이즈(대)',1,23000,'2018-12-05 09:12:51','2018-12-05 09:12:51',NULL),(9,210,1,'R사이즈(중)',1,13000,'2018-12-19 02:52:47','2018-12-19 02:52:47',NULL),(10,210,3,'치즈크러스트',1,3000,'2018-12-19 02:52:47','2018-12-19 02:52:47',NULL),(11,212,1,'R사이즈(중)',1,13000,'2018-12-19 02:53:10','2018-12-19 02:53:10',NULL),(12,212,3,'치즈크러스트',1,3000,'2018-12-19 02:53:10','2018-12-19 02:53:10',NULL),(13,214,1,'R사이즈(중)',1,13000,'2018-12-19 02:53:17','2018-12-19 02:53:17',NULL),(14,214,3,'치즈크러스트',1,3000,'2018-12-19 02:53:17','2018-12-19 02:53:17',NULL),(15,216,1,'R사이즈(중)',1,13000,'2018-12-19 02:53:24','2018-12-19 02:53:24',NULL),(16,216,3,'치즈크러스트',1,3000,'2018-12-19 02:53:24','2018-12-19 02:53:24',NULL),(17,218,1,'R사이즈(중)',1,13000,'2018-12-19 02:54:01','2018-12-19 02:54:01',NULL),(18,218,3,'치즈크러스트',1,3000,'2018-12-19 02:54:01','2018-12-19 02:54:01',NULL),(19,220,1,'R사이즈(중)',1,13000,'2018-12-19 02:56:40','2018-12-19 02:56:40',NULL),(20,220,3,'치즈크러스트',1,3000,'2018-12-19 02:56:40','2018-12-19 02:56:40',NULL),(21,222,1,'R사이즈(중)',1,13000,'2018-12-19 02:56:40','2018-12-19 02:56:40',NULL),(22,222,3,'치즈크러스트',1,3000,'2018-12-19 02:56:40','2018-12-19 02:56:40',NULL),(23,223,1,'R사이즈(중)',1,13000,'2018-12-19 02:57:33','2018-12-19 02:57:33',NULL),(24,223,3,'치즈크러스트',1,3000,'2018-12-19 02:57:33','2018-12-19 02:57:33',NULL),(25,223,5,'치즈볼',4,24000,'2018-12-19 02:57:33','2018-12-19 02:57:33',NULL),(26,224,1,'R사이즈(중)',1,13000,'2018-12-19 02:57:34','2018-12-19 02:57:34',NULL),(27,224,3,'치즈크러스트',1,3000,'2018-12-19 02:57:34','2018-12-19 02:57:34',NULL),(28,224,5,'치즈볼',4,24000,'2018-12-19 02:57:34','2018-12-19 02:57:34',NULL),(29,304,14,'2-1',3,6300,'2019-01-09 00:36:01','2019-01-09 00:36:01',NULL),(30,305,14,'2-1',3,6300,'2019-01-09 00:36:02','2019-01-09 00:36:02',NULL),(31,306,14,'2-1',2,4200,'2019-01-09 00:37:35','2019-01-09 00:37:35',NULL),(32,310,29,'콜라',1,0,'2019-01-09 02:13:56','2019-01-09 02:13:56',NULL),(33,310,31,'어니언링',1,2000,'2019-01-09 02:13:56','2019-01-09 02:13:56',NULL),(40,387,91,'콜라',1,1000,'2019-01-18 06:50:59','2019-01-18 06:50:59',NULL),(41,387,93,'감자튀김',1,1500,'2019-01-18 06:50:59','2019-01-18 06:50:59',NULL),(42,443,133,'스윙칩',3,3000,'2019-02-19 11:06:54','2019-02-19 11:06:54',NULL),(43,447,133,'스윙칩',3,3000,'2019-02-19 11:07:06','2019-02-19 11:07:06',NULL),(44,487,142,NULL,2,1000,'2019-03-05 10:01:56','2019-03-05 10:01:56',NULL),(45,487,142,NULL,2,1000,'2019-03-05 10:01:56','2019-03-05 10:01:56',NULL),(46,487,142,NULL,2,1000,'2019-03-05 10:01:56','2019-03-05 10:01:56',NULL),(47,487,142,NULL,2,1000,'2019-03-05 10:01:56','2019-03-05 10:01:56',NULL),(48,487,142,NULL,2,1000,'2019-03-05 10:01:56','2019-03-05 10:01:56',NULL),(49,487,142,NULL,2,1000,'2019-03-05 10:01:56','2019-03-05 10:01:56',NULL),(50,487,142,NULL,2,1000,'2019-03-05 10:01:56','2019-03-05 10:01:56',NULL),(51,490,142,NULL,2,1000,'2019-03-05 10:04:31','2019-03-05 10:04:31',NULL),(52,490,142,NULL,2,1000,'2019-03-05 10:04:31','2019-03-05 10:04:31',NULL),(53,490,142,NULL,2,1000,'2019-03-05 10:04:31','2019-03-05 10:04:31',NULL),(54,490,142,NULL,2,1000,'2019-03-05 10:04:31','2019-03-05 10:04:31',NULL),(55,490,142,NULL,2,1000,'2019-03-05 10:04:31','2019-03-05 10:04:31',NULL),(56,490,142,NULL,2,1000,'2019-03-05 10:04:31','2019-03-05 10:04:31',NULL),(57,490,142,NULL,2,1000,'2019-03-05 10:04:31','2019-03-05 10:04:31',NULL),(58,494,132,'포카칩',1,1000,'2019-03-06 01:07:29','2019-03-06 01:07:29',NULL),(59,595,143,'통마늘',1,400,'2019-03-07 06:32:22','2019-03-07 06:32:22',NULL),(60,608,143,'통마늘',4,1600,'2019-03-11 04:17:04','2019-03-11 04:17:04',NULL),(61,608,144,'작은마늘',3,900,'2019-03-11 04:17:04','2019-03-11 04:17:04',NULL),(62,610,111,'큰거',6,12000,'2019-03-11 04:17:04','2019-03-11 04:17:04',NULL),(63,616,132,'포카칩',1,1000,'2019-03-12 04:23:48','2019-03-12 04:23:48',NULL),(64,616,134,'레몬',1,1000,'2019-03-12 04:23:48','2019-03-12 04:23:48',NULL),(65,618,132,'포카칩',1,1000,'2019-03-12 04:28:59','2019-03-12 04:28:59',NULL),(66,619,133,'스윙칩',1,1000,'2019-03-12 04:31:11','2019-03-12 04:31:11',NULL),(67,619,134,'레몬',1,1000,'2019-03-12 04:31:11','2019-03-12 04:31:11',NULL),(68,621,132,'포카칩',1,1000,'2019-03-12 04:33:09','2019-03-12 04:33:09',NULL),(69,621,134,'레몬',1,1000,'2019-03-12 04:33:09','2019-03-12 04:33:09',NULL),(70,621,136,'포장지',1,1000,'2019-03-12 04:33:09','2019-03-12 04:33:09',NULL),(71,638,153,'감자칩+콜라 세트',1,1500,'2019-03-14 07:28:25','2019-03-14 07:28:25',NULL),(72,657,142,NULL,3,1500,'2019-03-14 09:33:26','2019-03-14 09:33:26',NULL),(73,658,142,NULL,3,1500,'2019-03-14 09:34:17','2019-03-14 09:34:17',NULL),(74,666,142,NULL,1,500,'2019-03-14 09:39:56','2019-03-14 09:39:56',NULL),(75,670,142,NULL,1,500,'2019-03-14 09:49:31','2019-03-14 09:49:31',NULL),(76,670,142,NULL,1,500,'2019-03-14 09:49:31','2019-03-14 09:49:31',NULL),(77,730,142,NULL,2,1000,'2019-03-21 03:31:48','2019-03-21 03:31:48',NULL),(78,732,201,'치즈',3,600,'2019-03-21 03:31:48','2019-03-21 03:31:48',NULL),(79,737,142,NULL,3,1500,'2019-03-21 08:43:22','2019-03-21 08:43:22',NULL),(80,740,148,'감자칩+아이스 커피 세트',1,2900,'2019-03-21 08:46:07','2019-03-21 08:46:07',NULL);
/*!40000 ALTER TABLE `order_menu_option` ENABLE KEYS */;
UNLOCK TABLES;

--
-- Table structure for table `password_resets`
--

DROP TABLE IF EXISTS `password_resets`;
/*!40101 SET @saved_cs_client     = @@character_set_client */;
/*!40101 SET character_set_client = utf8 */;
CREATE TABLE `password_resets` (
  `email` varchar(255) COLLATE utf8mb4_unicode_ci NOT NULL,
  `token` varchar(255) COLLATE utf8mb4_unicode_ci NOT NULL,
  `created_at` timestamp NULL DEFAULT NULL,
  KEY `password_resets_email_index` (`email`)
) ENGINE=InnoDB DEFAULT CHARSET=utf8mb4 COLLATE=utf8mb4_unicode_ci;
/*!40101 SET character_set_client = @saved_cs_client */;

--
-- Dumping data for table `password_resets`
--

LOCK TABLES `password_resets` WRITE;
/*!40000 ALTER TABLE `password_resets` DISABLE KEYS */;
/*!40000 ALTER TABLE `password_resets` ENABLE KEYS */;
UNLOCK TABLES;

--
-- Table structure for table `sales_users`
--

DROP TABLE IF EXISTS `sales_users`;
/*!40101 SET @saved_cs_client     = @@character_set_client */;
/*!40101 SET character_set_client = utf8 */;
CREATE TABLE `sales_users` (
  `id` int(11) NOT NULL AUTO_INCREMENT,
  `name` varchar(50) DEFAULT NULL COMMENT '대리점명',
  `ceo_name` varchar(50) DEFAULT NULL COMMENT '대리점담당자이름',
  `email` varchar(50) DEFAULT NULL COMMENT '대리점담당자이메일',
  `password` varchar(255) NOT NULL,
  `temp_phone` varchar(50) DEFAULT NULL COMMENT '대리점 연락처',
  `postcode1` varchar(50) DEFAULT NULL,
  `address` varchar(50) DEFAULT NULL COMMENT '대리점 주소',
  `area` varchar(260) DEFAULT NULL COMMENT '담당지역',
  `is_agree` enum('Y','N') DEFAULT 'N' COMMENT '개인정보 동의',
  `is_contract` enum('Y','N') DEFAULT 'N' COMMENT '전자계약서 유무 확인',
  `pdf_url` varchar(255) DEFAULT NULL COMMENT 'PDF url',
  `push_token` varchar(255) DEFAULT NULL COMMENT 'push token',
  `remember_token` varchar(100) DEFAULT NULL,
  `created_at` datetime DEFAULT NULL,
  `updated_at` datetime DEFAULT NULL,
  `deleted_at` datetime DEFAULT NULL,
  `lastjoin_at` datetime DEFAULT NULL,
  PRIMARY KEY (`id`)
) ENGINE=InnoDB AUTO_INCREMENT=22 DEFAULT CHARSET=utf8 COMMENT='영업 사원 정보';
/*!40101 SET character_set_client = @saved_cs_client */;

--
-- Dumping data for table `sales_users`
--

LOCK TABLES `sales_users` WRITE;
/*!40000 ALTER TABLE `sales_users` DISABLE KEYS */;
INSERT INTO `sales_users` VALUES (1,'대리점2','트윙클','ehcodnjs@enjoyworks.co.kr','$2y$10$5YUjenqpAsRA3zCBnr0FROiIJoKK8HuQJW8hm97NFiL1OrnLx0o2q','010-2020-4454','06272','서울 강남구 논현로58길 27',NULL,'N','N',NULL,NULL,NULL,'2018-12-11 02:32:11','2018-12-12 03:09:15',NULL,NULL),(11,'대리점1','미숫가루','me@enjoyworks.co.kr','$2y$10$rNCu7.pRWAneRlLnU7rGEe.Ord.wGFa67N6TTGfFy9T9b0sVyuxgu','010-0101-0101','07622','서울 강서구 남부순환로 11',NULL,'N','N',NULL,NULL,NULL,'2018-12-11 07:21:15','2018-12-12 03:00:03',NULL,NULL),(12,'핸드크림','핸드','hand@enjoyworks.co.kr','$2y$10$D.W3nOEZ744yN6YZcGGiF.uAy.9QR0FpPo.xP9ttmmfDgkQ9l2CE2','010-6060-4444',NULL,'서울 강남구 강남대로 708',NULL,'N','N',NULL,NULL,NULL,'2018-12-12 03:07:00','2018-12-19 00:27:46','2018-12-19 00:27:46',NULL),(13,'대리점3','유대리','you@enjoyworks.co.kr','$2y$10$S/OLgr3gA7qHG6Y0mgunleT6GHya5KZGuUojsTUfJHqDWZ6bYf8kq','010-2020-3030',NULL,'대전 동구 판교1길 3',NULL,'N','N',NULL,NULL,NULL,'2018-12-19 00:27:21','2018-12-19 00:27:21',NULL,NULL),(14,'로그인테스트','로그인','ehcodnjs123@gmail.com','$2y$10$mwfQqyD9o.1A7yojyeC7OOBYeqnjFzwTrA/rboFos55.Q1.93zMoW','010-2427-1977',NULL,'서울 강남구 양재대로 333',NULL,'N','N',NULL,NULL,NULL,'2018-12-19 08:57:55','2018-12-19 08:57:55',NULL,NULL),(15,'sales','enjoyworks','sales@enjoyworks.co.kr','$2y$10$y39PWKsrpVparqBH7M.Y0OpKcJpYgX4o9EGq5Dx0kWCzRFomCU.JK','010-9270-0650',NULL,NULL,NULL,'N','N',NULL,NULL,'jM4Ie42pYch0dMjnItOecNjrLjSE8uZLt1kLGLf7uEk0xYe515pwYsxFQjcU','2019-01-03 16:11:27',NULL,NULL,NULL),(17,'링크온유','권상우','kwon@linkonyou.co.kr','$2y$10$UGneRpqToG50FnDP6Q.zQecuBQWk95OmCvRj3KvkMmB3eTCQZ/TyK','010-1234-5050',NULL,'서울 종로구 서순라길 81',NULL,'N','N',NULL,NULL,NULL,'2019-01-16 02:30:09','2019-05-22 06:21:49','2019-05-22 06:21:49',NULL),(18,'(주)링크온유','윤완식','linkonukiosk@gmail.com','$2y$10$1PJECSToAZlUl53OP4xjCe9ocGR4JfmDfSGhIecQnDxD6tiWNWKey','010-3080-9636',NULL,NULL,NULL,'N','N',NULL,NULL,NULL,'2019-03-20 08:20:09','2019-05-22 06:21:42','2019-05-22 06:21:42',NULL),(19,'대리점','대리점 담당자','sales@linkonu.kr','$2y$10$vywb7SiLENFc3ycogDu4P.v5ocPg85ASwAjWloy8YriHE7ruQ31Qa','010-0000-0000',NULL,NULL,NULL,'N','N',NULL,NULL,NULL,'2019-03-28 00:45:18','2019-03-28 00:45:18',NULL,NULL),(20,'KW','김기현','kkh@naver.com','$2y$10$S1AhoJse5SCFufggTRCuFuQ4OVQkwqLApVLc6/Xi1NU3YxXeUhcF6','010-3333-9999',NULL,NULL,NULL,'N','N',NULL,NULL,NULL,'2019-04-04 09:54:50','2019-04-04 09:54:50',NULL,NULL),(21,'(주)링크온유','윤완식','linkonukiosk@gmail.com','$2y$10$pME7gkt9BZmuEaJjloSWxu40Vav1Tnm/j6jZ6bJbPWyNzEuWnwa4G','010-3080-9636',NULL,'경기 안산시 상록구 한양대학로 55 창업보육센터 613호',NULL,'N','N',NULL,NULL,NULL,'2019-05-22 06:22:46','2019-05-22 06:22:46',NULL,NULL);
/*!40000 ALTER TABLE `sales_users` ENABLE KEYS */;
UNLOCK TABLES;

--
-- Table structure for table `store`
--

DROP TABLE IF EXISTS `store`;
/*!40101 SET @saved_cs_client     = @@character_set_client */;
/*!40101 SET character_set_client = utf8 */;
CREATE TABLE `store` (
  `id` int(11) NOT NULL AUTO_INCREMENT,
  `store_users_id` int(11) DEFAULT NULL COMMENT '해당 점포 소유자 id',
  `sales_users_id` int(11) DEFAULT NULL COMMENT '해당 점포 대리점 id',
  `store_password` varchar(50) DEFAULT NULL COMMENT '키오스트 비밀번호',
  `name` varchar(50) DEFAULT NULL COMMENT '매장명',
  `ceo_name` varchar(50) DEFAULT NULL COMMENT '사장이름',
  `pay` int(11) DEFAULT NULL COMMENT '수수료',
  `logo` varchar(50) DEFAULT NULL COMMENT '매장로고',
  `main_img` varchar(50) DEFAULT NULL COMMENT '메인이미지',
  `status` enum('승인완료','승인거절','승인대기') DEFAULT '승인대기',
  `en_lang` enum('Y','N') DEFAULT 'Y' COMMENT '영문번역',
  `cn_lang` enum('Y','N') DEFAULT 'N' COMMENT '중문',
  `jp_lang` enum('Y','N') DEFAULT 'N' COMMENT '일어',
  `sound` int(11) DEFAULT NULL COMMENT '효과음 음량 조절',
  `kiosk_pay_type` enum('all','card') DEFAULT 'all' COMMENT '현금/카드 키오스크 선택',
  `store_phone` varchar(50) DEFAULT NULL COMMENT '매장 전화',
  `temp_phone` varchar(50) DEFAULT NULL COMMENT '핸드폰번호',
  `postcode1` varchar(10) DEFAULT NULL COMMENT '우편번호1',
  `address` varchar(255) DEFAULT NULL,
  `company_number` varchar(50) DEFAULT NULL COMMENT '사업자 등록번호',
  `company_number_image` varchar(255) DEFAULT NULL COMMENT '사업자 등록번호 이미지 URL',
  `bank_name` varchar(45) DEFAULT NULL,
  `bank_owner_name` varchar(45) DEFAULT NULL,
  `bank_number` varchar(50) DEFAULT NULL,
  `bank_number_image` varchar(255) DEFAULT NULL COMMENT '통상 사본 이미지 URL',
  `use` enum('Y','N') DEFAULT 'N' COMMENT '운영상태',
  `all_apply` enum('Y','N') DEFAULT 'N' COMMENT '판매여부 일괄적용',
  `point` int(11) DEFAULT NULL COMMENT '포인트 적립 비율',
  `point_first` int(11) DEFAULT NULL COMMENT '첫 적립 시 포인트',
  `point_use_over` int(11) DEFAULT NULL COMMENT '포인트 사용 조건',
  `point_use` enum('Y','N') DEFAULT 'N' COMMENT '포인트 사용 여부',
  `prepayment_use` enum('Y','N') DEFAULT 'N' COMMENT '선결제 사용 여부',
  `password_use` enum('Y','N') DEFAULT 'N' COMMENT '비밀번호 적용 여부',
  `togo_use` enum('Y','N') DEFAULT 'N' COMMENT '포장사용여부',
  `togo_price` int(11) DEFAULT NULL COMMENT '포장금액설정(할인또는추가금액)',
  `lat` varchar(50) DEFAULT NULL COMMENT '위도',
  `lng` varchar(50) DEFAULT NULL COMMENT '경도',
  `etc` text DEFAULT NULL,
  `started_at` datetime DEFAULT NULL COMMENT '영업시작시간',
  `finished_at` datetime DEFAULT NULL COMMENT '영업마감시간',
  `created_at` datetime DEFAULT NULL,
  `updated_at` datetime DEFAULT NULL,
  `deleted_at` datetime DEFAULT NULL,
  PRIMARY KEY (`id`)
) ENGINE=InnoDB AUTO_INCREMENT=27 DEFAULT CHARSET=utf8 COMMENT='매장';
/*!40101 SET character_set_client = @saved_cs_client */;

--
-- Dumping data for table `store`
--

LOCK TABLES `store` WRITE;
/*!40000 ALTER TABLE `store` DISABLE KEYS */;
INSERT INTO `store` VALUES (1,1,1,'1234','부드럽소','부들이',1230000,'/images/2019/04/11/1554969331619.PNG','/images/2019/03/21/1553156565653.PNG','승인거절','Y','N','N',72,'all','042-283-1978','010-2427-1977','08789','서울 관악구 낙성대로 4','518-16-00778','/images/2018/11/06/1541470749180.jpg','우리',NULL,'1005003562430','/images/2018/11/06/1541470749038.jpg','Y','N',10,5000,10000,'Y','Y',NULL,'Y',-500,NULL,NULL,'비고','2019-05-13 09:28:59','2019-05-13 09:28:56','2018-12-07 10:46:27','2019-05-13 09:28:59',NULL),(2,2,2,'1234','인조이웍스','마마무',1000000,'/images/2019/01/07/1546836355207.jpg','/images/2019/01/07/1546836976989.jpg','승인대기','N','Y','N',NULL,'all','02-156-7615','010-5050-6060','32548','서울시 동대문구 왕산로 25','511-90-13584',NULL,'국민',NULL,'0843153108048','','Y','N',NULL,NULL,NULL,'Y','Y','N','Y',1000,NULL,NULL,'비고비고비고비고비고비고비고비고비고비고비고비고비고','2019-01-07 05:09:08','2019-01-07 05:08:56','2018-12-07 10:46:33','2019-01-16 02:59:16','2019-01-16 02:59:16'),(11,4,11,'0000','갈릴레오','퀸',11,NULL,NULL,'승인대기','N','N','N',NULL,NULL,'--','010-6666-4444','06028','서울 강남구 압구정로 104',NULL,NULL,NULL,NULL,NULL,NULL,'N','N',NULL,NULL,NULL,'N','N','N','N',NULL,NULL,NULL,'퀸',NULL,NULL,'2018-12-12 02:27:28','2018-12-12 02:29:23','2018-12-12 02:29:23'),(12,5,1,'1234','보헤미안','랩소디',10,NULL,NULL,'승인완료','N','N','N',NULL,NULL,'--','010-5050-4040','06313','서울 강남구 양재대로 339',NULL,NULL,NULL,NULL,NULL,NULL,'N','N',NULL,NULL,NULL,'N','N','N','N',NULL,NULL,NULL,'ㅇㅇㅇ',NULL,NULL,'2018-12-12 02:29:12','2018-12-12 02:40:12',NULL),(15,8,15,'1234','이름','대표자',20,NULL,NULL,'승인대기','Y','N','N',NULL,'all','--','010-0000-0001','06097','대전 동구 판교1길 3 (판암동) 101호',NULL,NULL,NULL,NULL,NULL,NULL,'N','N',NULL,NULL,NULL,'N','N','N','N',NULL,NULL,NULL,'비고 텍스트',NULL,NULL,'2019-01-07 04:44:46','2019-01-07 05:16:15','2019-01-07 05:16:15'),(16,9,15,'1234','상호명','대표자',20,NULL,NULL,'승인대기','Y','N','N',NULL,'all','010-000-0000','010-999-9999','34672','대전 동구 판교1길 3',NULL,NULL,NULL,NULL,NULL,NULL,'N','N',NULL,NULL,NULL,'N','N','N','N',NULL,NULL,NULL,NULL,NULL,NULL,'2019-01-08 02:42:31','2019-01-08 02:42:31',NULL),(17,10,15,'1111','상호명','대표자',30,NULL,NULL,'승인대기','Y','N','N',NULL,'all','--','010-9999-9999','45008','울산 울주군 온산읍 삼평길 16',NULL,NULL,NULL,NULL,NULL,NULL,'N','N',NULL,NULL,NULL,'N','N','N','N',NULL,NULL,NULL,NULL,NULL,NULL,'2019-01-08 02:46:27','2019-01-08 02:46:35','2019-01-08 02:46:35'),(18,11,11,'1234','이름','대표자',20,NULL,NULL,'승인대기','Y','N','N',NULL,'all','--','010-9270-0650','34672','대전 동구 판교1길 4',NULL,NULL,NULL,NULL,NULL,NULL,'N','N',NULL,NULL,NULL,'N','N','N','N',NULL,NULL,NULL,NULL,NULL,NULL,'2019-01-17 08:10:29','2019-01-17 08:10:29',NULL),(19,12,15,'1234','인조이식당','이용인',5000000,NULL,NULL,'승인대기','Y','N','N',NULL,'all','--','010-4023-2501','38006','경북 경주시 강동면 인좌안길 5-10',NULL,NULL,NULL,NULL,NULL,NULL,'N','N',NULL,NULL,NULL,'N','N','N','N',NULL,NULL,NULL,NULL,NULL,NULL,'2019-03-25 07:01:38','2019-03-25 07:01:38',NULL),(20,13,13,'1234','상호이름','대표자',10000,NULL,NULL,'승인완료','Y','N','N',NULL,'all','--','010-0000-0000','34672','대전 동구 판교1길 3',NULL,NULL,NULL,NULL,NULL,NULL,'N','N',NULL,NULL,NULL,'N','N','N','N',NULL,NULL,NULL,NULL,NULL,NULL,'2019-03-28 00:47:43','2019-03-28 00:47:43',NULL),(21,14,14,'2929','부드럽소','윤완식',0,NULL,NULL,'승인완료','Y','N','N',NULL,'all','031-439-2929','010-3080-9636','15471','경기 안산시 단원구 광덕서로 78 대한법조빌딩 128호 부드럽소',NULL,NULL,NULL,NULL,NULL,NULL,'N','N',NULL,NULL,NULL,'N','N','N','N',NULL,NULL,NULL,NULL,NULL,NULL,'2019-04-04 09:09:26','2019-04-04 09:09:26',NULL),(22,15,15,'1234','테스트','테스트대표',0,NULL,NULL,'승인대기','Y','N','N',NULL,'all','--','010-000-0000','06134','서울 강남구 테헤란로 101',NULL,NULL,NULL,NULL,NULL,NULL,'N','N',NULL,NULL,NULL,'N','N','N','N',NULL,NULL,NULL,NULL,NULL,NULL,'2019-04-05 01:24:19','2019-04-05 01:24:19',NULL),(23,16,15,'2929','하이','하이빅스비',1,NULL,NULL,'승인대기','Y','N','N',NULL,'all','--','010-3333-4444','13536','경기 성남시 분당구 판교역로 4',NULL,NULL,NULL,NULL,NULL,NULL,'Y','N',NULL,NULL,NULL,'N','N','N','N',NULL,NULL,NULL,NULL,'2019-04-05 06:03:34',NULL,'2019-04-05 03:50:56','2019-04-05 06:03:34',NULL),(24,17,17,'0914','옵티머스인조이웏스','옵티옵티',18000000,NULL,NULL,'승인완료','Y','N','N',NULL,'all','--','010-5050-4040','06027','서울 강남구 압구정로 102',NULL,NULL,NULL,NULL,NULL,NULL,'N','N',NULL,NULL,NULL,'N','N','N','N',NULL,NULL,NULL,NULL,NULL,NULL,'2019-04-12 06:19:55','2019-04-12 06:19:55',NULL),(25,18,21,'0000','부드럽소','윤완식',0,'/images/2019/05/24/1558660058027.PNG',NULL,'승인완료','Y','N','N',50,'all','031-439-2929','010-3080-9636','15471','경기 안산시 단원구 광덕서로 78 대한법조빌딩 128호 부드럽소',NULL,NULL,NULL,NULL,NULL,NULL,'N','N',10,1000,3000,'Y','Y',NULL,'Y',0,NULL,NULL,NULL,'2019-05-23 23:56:04','2019-06-12 00:39:37','2019-05-22 06:26:29','2019-06-12 00:39:37',NULL),(26,19,19,'1234','예담뷔폐','김용래',400,NULL,NULL,'승인완료','Y','Y','Y',50,'all','--','010-3080-9636','18512','경기 화성시 정남면 가장로 324',NULL,NULL,NULL,NULL,NULL,NULL,'N','N',NULL,NULL,NULL,'N','N',NULL,'N',0,NULL,NULL,NULL,NULL,NULL,'2019-10-11 09:44:45','2019-10-11 09:45:58',NULL);
/*!40000 ALTER TABLE `store` ENABLE KEYS */;
UNLOCK TABLES;

--
-- Table structure for table `store_hopper`
--

DROP TABLE IF EXISTS `store_hopper`;
/*!40101 SET @saved_cs_client     = @@character_set_client */;
/*!40101 SET character_set_client = utf8 */;
CREATE TABLE `store_hopper` (
  `id` int(11) NOT NULL AUTO_INCREMENT,
  `order_id` int(11) NOT NULL DEFAULT 0,
  `store_id` int(11) DEFAULT NULL,
  `coin` int(11) DEFAULT 0 COMMENT '100원',
  `paper` int(11) DEFAULT 0 COMMENT '1000원',
  `status` enum('in','out') DEFAULT NULL COMMENT '상태 : 입금, 인출',
  `total_coin` int(11) DEFAULT 0 COMMENT '현재 누적 100원개수',
  `total_paper` int(11) DEFAULT NULL COMMENT '현재 누적 1000원개수',
  `created_at` datetime DEFAULT NULL,
  `updated_at` datetime DEFAULT NULL,
  `deleted_at` datetime DEFAULT NULL,
  PRIMARY KEY (`id`)
) ENGINE=InnoDB AUTO_INCREMENT=185 DEFAULT CHARSET=utf8 COMMENT='지폐 방출기 관리';
/*!40101 SET character_set_client = @saved_cs_client */;

--
-- Dumping data for table `store_hopper`
--

LOCK TABLES `store_hopper` WRITE;
/*!40000 ALTER TABLE `store_hopper` DISABLE KEYS */;
INSERT INTO `store_hopper` VALUES (1,0,1,10,10,'in',10,10,'2018-12-24 17:19:14',NULL,'2019-05-23 17:35:13'),(2,199,1,0,0,'out',10,10,'2018-12-24 08:49:04','2018-12-24 08:49:04','2019-05-23 17:35:13'),(3,201,1,0,0,'out',10,10,'2018-12-26 01:36:12','2018-12-26 01:36:12','2019-05-23 17:35:13'),(4,202,1,0,0,'out',10,10,'2018-12-26 02:22:18','2018-12-26 02:22:18','2019-05-23 17:35:13'),(5,205,1,0,0,'out',10,10,'2018-12-26 02:38:01','2018-12-26 02:38:01','2019-05-23 17:35:13'),(6,206,1,0,0,'out',10,10,'2018-12-26 02:51:38','2018-12-26 02:51:38','2019-05-23 17:35:13'),(7,207,1,0,0,'out',10,10,'2018-12-26 02:53:32','2018-12-26 02:53:32','2019-05-23 17:35:13'),(8,208,1,0,0,'out',10,10,'2018-12-26 02:56:51','2018-12-26 02:56:51','2019-05-23 17:35:13'),(9,209,1,0,0,'out',10,10,'2018-12-26 02:58:39','2018-12-26 02:58:39','2019-05-23 17:35:13'),(10,210,1,0,0,'out',10,10,'2018-12-26 02:59:08','2018-12-26 02:59:08','2019-05-23 17:35:13'),(11,231,1,0,0,'out',10,10,'2018-12-27 06:31:49','2018-12-27 06:31:49','2019-05-23 17:35:13'),(12,232,1,0,0,'out',10,10,'2018-12-27 06:35:57','2018-12-27 06:35:57','2019-05-23 17:35:13'),(13,233,1,0,0,'out',10,10,'2018-12-27 06:45:33','2018-12-27 06:45:33','2019-05-23 17:35:13'),(18,263,1,0,0,'out',10,10,'2019-01-08 05:55:58','2019-01-08 05:55:58','2019-05-23 17:35:13'),(19,264,1,0,3,'out',10,100,'2019-01-08 06:09:40','2019-01-08 06:09:40','2019-05-23 17:35:13'),(21,266,1,0,3,'out',10,97,'2019-01-08 06:51:49','2019-01-08 06:51:49','2019-05-23 17:35:13'),(22,267,1,0,3,'out',10,94,'2019-01-08 06:56:36','2019-01-08 06:56:36','2019-05-23 17:35:13'),(23,270,1,0,3,'out',10,91,'2019-01-08 08:06:40','2019-01-08 08:06:40','2019-05-23 17:35:13'),(24,273,1,0,3,'out',10,88,'2019-01-08 08:25:15','2019-01-08 08:25:15','2019-05-23 17:35:13'),(25,274,1,0,3,'out',10,85,'2019-01-08 08:26:30','2019-01-08 08:26:30','2019-05-23 17:35:13'),(26,281,1,0,3,'out',10,82,'2019-01-09 02:09:30','2019-01-09 02:09:30','2019-05-23 17:35:13'),(27,282,1,0,3,'out',10,79,'2019-01-09 02:11:18','2019-01-09 02:11:18','2019-05-23 17:35:13'),(28,284,1,0,3,'out',10,76,'2019-01-09 02:15:52','2019-01-09 02:15:52','2019-05-23 17:35:13'),(29,285,1,0,3,'out',10,73,'2019-01-09 02:16:28','2019-01-09 02:16:28','2019-05-23 17:35:13'),(30,286,1,0,0,'out',10,73,'2019-01-09 02:22:39','2019-01-09 02:22:39','2019-05-23 17:35:13'),(31,287,1,0,0,'out',10,73,'2019-01-09 02:23:25','2019-01-09 02:23:25','2019-05-23 17:35:13'),(32,290,1,0,0,'out',10,73,'2019-01-09 04:48:43','2019-01-09 04:48:43','2019-05-23 17:35:13'),(33,316,1,0,0,'out',10,73,'2019-01-10 05:24:42','2019-01-10 05:24:42','2019-05-23 17:35:13'),(34,318,1,0,0,'out',10,73,'2019-01-10 05:28:24','2019-01-10 05:28:24','2019-05-23 17:35:13'),(35,319,1,0,0,'out',10,73,'2019-01-10 05:31:06','2019-01-10 05:31:06','2019-05-23 17:35:13'),(36,319,1,0,0,'out',10,73,'2019-01-10 05:31:09','2019-01-10 05:31:09','2019-05-23 17:35:13'),(37,319,1,0,0,'out',10,73,'2019-01-10 05:31:11','2019-01-10 05:31:11','2019-05-23 17:35:13'),(38,319,1,0,0,'out',10,73,'2019-01-10 05:31:13','2019-01-10 05:31:13','2019-05-23 17:35:13'),(39,319,1,0,0,'out',10,73,'2019-01-10 05:31:15','2019-01-10 05:31:15','2019-05-23 17:35:13'),(40,319,1,0,0,'out',10,73,'2019-01-10 05:31:17','2019-01-10 05:31:17','2019-05-23 17:35:13'),(41,319,1,0,0,'out',10,73,'2019-01-10 05:31:19','2019-01-10 05:31:19','2019-05-23 17:35:13'),(42,319,1,0,0,'out',10,73,'2019-01-10 05:31:27','2019-01-10 05:31:27','2019-05-23 17:35:13'),(43,319,1,0,0,'out',10,73,'2019-01-10 05:31:39','2019-01-10 05:31:39','2019-05-23 17:35:13'),(44,319,1,0,0,'out',10,73,'2019-01-10 05:31:39','2019-01-10 05:31:39','2019-05-23 17:35:13'),(45,319,1,0,0,'out',10,73,'2019-01-10 05:31:40','2019-01-10 05:31:40','2019-05-23 17:35:13'),(46,320,1,0,0,'out',10,73,'2019-01-10 05:34:24','2019-01-10 05:34:24','2019-05-23 17:35:13'),(47,327,1,0,0,'out',10,73,'2019-01-11 05:08:36','2019-01-11 05:08:36','2019-05-23 17:35:13'),(48,328,1,0,5,'out',10,68,'2019-01-11 05:15:01','2019-01-11 05:15:01','2019-05-23 17:35:13'),(49,339,1,0,0,'out',10,68,'2019-01-14 01:59:56','2019-01-14 01:59:56','2019-05-23 17:35:13'),(50,340,1,0,0,'out',10,68,'2019-01-14 02:08:50','2019-01-14 02:08:50','2019-05-23 17:35:13'),(51,340,1,0,0,'out',10,68,'2019-01-14 02:08:58','2019-01-14 02:08:58','2019-05-23 17:35:13'),(52,341,1,0,0,'out',10,68,'2019-01-14 02:14:20','2019-01-14 02:14:20','2019-05-23 17:35:13'),(54,343,1,0,5,'out',10,63,'2019-01-14 02:36:23','2019-01-14 02:36:23','2019-05-23 17:35:13'),(55,365,1,0,4,'out',10,59,'2019-01-18 06:48:58','2019-01-18 06:48:58','2019-05-23 17:35:13'),(56,0,0,NULL,NULL,NULL,0,NULL,'2019-01-30 00:38:53','2019-01-30 00:38:53','2019-05-23 17:35:13'),(57,0,0,NULL,NULL,'in',0,NULL,'2019-01-30 00:44:33','2019-01-30 00:44:33','2019-05-23 17:35:13'),(58,0,0,NULL,NULL,'in',10,59,'2019-01-30 00:49:53','2019-01-30 00:49:53','2019-05-23 17:35:13'),(59,0,0,NULL,NULL,'in',10,59,'2019-01-30 00:50:28','2019-01-30 00:50:28','2019-05-23 17:35:13'),(60,0,2,1,1,'in',11,60,'2019-01-30 00:51:06','2019-01-30 00:51:06','2019-05-23 17:35:13'),(61,0,2,2,10,'in',13,70,'2019-01-30 01:03:03','2019-01-30 01:03:03','2019-05-23 17:35:13'),(62,0,2,2,10,'in',15,80,'2019-01-30 01:04:20','2019-01-30 01:04:20','2019-05-23 17:35:13'),(63,0,2,1,2,'in',16,82,'2019-01-30 01:05:20','2019-01-30 01:05:20','2019-05-23 17:35:13'),(64,0,0,2,3,'in',12,62,'2019-01-30 01:10:24','2019-01-30 01:10:24','2019-05-23 17:35:13'),(65,0,1,10,10,'in',20,69,'2019-01-30 01:10:41','2019-01-30 01:10:41','2019-05-23 17:35:13'),(66,0,1,1,1,'out',19,68,'2019-01-30 01:10:58','2019-01-30 01:10:58','2019-05-23 17:35:13'),(67,0,1,5,6,'in',24,74,'2019-01-30 01:14:26','2019-01-30 01:14:26','2019-05-23 17:35:13'),(68,0,1,1,1,'in',25,75,'2019-01-30 01:14:38','2019-01-30 01:14:38','2019-05-23 17:35:13'),(69,0,1,5,2,'in',30,77,'2019-01-30 01:14:54','2019-01-30 01:14:54','2019-05-23 17:35:13'),(70,0,1,0,80,'out',30,-3,'2019-01-30 01:15:36','2019-01-30 01:15:36','2019-05-23 17:35:13'),(71,0,1,NULL,NULL,'in',30,-3,'2019-01-31 02:31:36','2019-01-31 02:31:36','2019-05-23 17:35:13'),(72,0,1,NULL,NULL,'in',30,-3,'2019-01-31 02:33:58','2019-01-31 02:33:58','2019-05-23 17:35:13'),(73,0,1,NULL,NULL,'in',30,-3,'2019-01-31 02:35:21','2019-01-31 02:35:21','2019-05-23 17:35:13'),(74,0,1,NULL,NULL,'in',30,-3,'2019-01-31 02:35:27','2019-01-31 02:35:27','2019-05-23 17:35:13'),(75,0,1,3,3,'in',33,0,'2019-01-31 02:36:32','2019-01-31 02:36:32','2019-05-23 17:35:13'),(76,0,1,0,0,'in',33,0,'2019-02-11 01:36:08','2019-02-11 01:36:08','2019-05-23 17:35:13'),(77,0,1,0,0,'out',33,0,'2019-02-11 01:36:09','2019-02-11 01:36:09','2019-05-23 17:35:13'),(78,0,1,0,0,'out',33,0,'2019-02-11 01:36:11','2019-02-11 01:36:11','2019-05-23 17:35:13'),(79,0,1,0,0,'in',33,0,'2019-02-11 08:59:29','2019-02-11 08:59:29','2019-05-23 17:35:13'),(80,0,1,0,0,'in',33,0,'2019-02-12 04:08:42','2019-02-12 04:08:42','2019-05-23 17:35:13'),(81,0,1,0,0,'out',33,0,'2019-02-12 04:08:44','2019-02-12 04:08:44','2019-05-23 17:35:13'),(82,0,1,0,0,'in',33,0,'2019-02-12 06:06:03','2019-02-12 06:06:03','2019-05-23 17:35:13'),(83,0,1,0,0,'out',33,0,'2019-02-12 06:06:06','2019-02-12 06:06:06','2019-05-23 17:35:13'),(84,0,1,0,0,'in',33,0,'2019-02-12 06:06:26','2019-02-12 06:06:26','2019-05-23 17:35:13'),(85,0,1,0,0,'out',33,0,'2019-02-12 06:06:28','2019-02-12 06:06:28','2019-05-23 17:35:13'),(86,0,1,0,0,'in',33,0,'2019-02-12 06:06:31','2019-02-12 06:06:31','2019-05-23 17:35:13'),(87,0,1,0,0,'in',33,0,'2019-02-12 06:49:47','2019-02-12 06:49:47','2019-05-23 17:35:13'),(88,0,1,0,0,'out',33,0,'2019-02-12 06:49:49','2019-02-12 06:49:49','2019-05-23 17:35:13'),(89,0,1,0,0,'in',33,0,'2019-02-12 06:50:01','2019-02-12 06:50:01','2019-05-23 17:35:13'),(90,0,1,0,0,'out',33,0,'2019-02-12 06:50:02','2019-02-12 06:50:02','2019-05-23 17:35:13'),(91,0,1,0,0,'out',33,0,'2019-02-12 06:50:17','2019-02-12 06:50:17','2019-05-23 17:35:13'),(92,0,1,0,0,'in',33,0,'2019-02-12 06:50:21','2019-02-12 06:50:21','2019-05-23 17:35:13'),(93,0,1,2,2,'in',35,2,'2019-02-14 01:38:23','2019-02-14 01:38:23','2019-05-23 17:35:13'),(94,0,1,2,2,'out',33,33,'2019-02-14 01:38:43','2019-02-14 01:38:43','2019-05-23 17:35:13'),(95,0,1,0,10,'in',33,43,'2019-02-19 11:13:30','2019-02-19 11:13:30','2019-05-23 17:35:13'),(96,0,1,0,1,'out',33,42,'2019-02-19 11:13:47','2019-02-19 11:13:47','2019-05-23 17:35:13'),(97,0,1,0,10,'in',33,52,'2019-02-23 05:37:40','2019-02-23 05:37:40','2019-05-23 17:35:13'),(98,0,1,0,5,'out',33,47,'2019-02-23 05:37:48','2019-02-23 05:37:48','2019-05-23 17:35:13'),(99,513,1,0,0,'out',33,47,'2019-03-06 09:11:50','2019-03-06 09:11:50','2019-05-23 17:35:13'),(100,513,1,0,0,'out',33,47,'2019-03-06 09:11:52','2019-03-06 09:11:52','2019-05-23 17:35:13'),(101,514,1,0,0,'out',33,47,'2019-03-06 09:12:39','2019-03-06 09:12:39','2019-05-23 17:35:13'),(102,515,1,0,0,'out',33,47,'2019-03-06 09:13:31','2019-03-06 09:13:31','2019-05-23 17:35:13'),(103,0,1,60,80,'in',93,127,'2019-03-11 03:53:25','2019-03-11 03:53:25','2019-05-23 17:35:13'),(104,581,1,0,0,'out',93,127,'2019-03-14 07:35:03','2019-03-14 07:35:03','2019-05-23 17:35:13'),(105,625,1,0,2,'out',93,125,'2019-03-19 08:39:38','2019-03-19 08:39:38','2019-05-23 17:35:13'),(106,625,1,0,0,'out',93,125,'2019-03-19 08:40:03','2019-03-19 08:40:03','2019-05-23 17:35:13'),(107,0,1,30,50,'in',123,175,'2019-03-20 03:15:05','2019-03-20 03:15:05','2019-05-23 17:35:13'),(108,0,1,5,5,'out',118,170,'2019-03-20 03:15:24','2019-03-20 03:15:24','2019-05-23 17:35:13'),(109,651,1,0,4,'out',118,166,'2019-03-20 08:38:30','2019-03-20 08:38:30','2019-05-23 17:35:13'),(110,651,1,0,0,'out',118,166,'2019-03-20 08:39:07','2019-03-20 08:39:07','2019-05-23 17:35:13'),(111,669,1,0,0,'out',118,166,'2019-03-22 01:59:10','2019-03-22 01:59:10','2019-05-23 17:35:13'),(112,674,1,0,0,'out',118,166,'2019-03-22 04:42:46','2019-03-22 04:42:46','2019-05-23 17:35:13'),(113,0,1,0,0,'in',118,166,'2019-03-22 08:56:07','2019-03-22 08:56:07','2019-05-23 17:35:13'),(114,0,1,0,0,'out',118,166,'2019-03-22 08:56:18','2019-03-22 08:56:18','2019-05-23 17:35:13'),(115,692,1,0,3,'out',118,163,'2019-03-28 08:00:09','2019-03-28 08:00:09','2019-05-23 17:35:13'),(116,693,1,0,3,'out',118,160,'2019-03-28 08:17:44','2019-03-28 08:17:44','2019-05-23 17:35:13'),(117,0,1,1,2,'in',119,162,'2019-03-29 05:32:39','2019-03-29 05:32:39','2019-05-23 17:35:13'),(118,708,1,0,3,'out',119,159,'2019-03-29 06:09:54','2019-03-29 06:09:54','2019-05-23 17:35:13'),(119,709,1,5,3,'out',114,156,'2019-03-29 06:10:40','2019-03-29 06:10:40','2019-05-23 17:35:13'),(120,710,1,0,3,'out',114,153,'2019-03-29 06:14:32','2019-03-29 06:14:32','2019-05-23 17:35:13'),(121,711,1,5,3,'out',109,150,'2019-03-29 06:14:57','2019-03-29 06:14:57','2019-05-23 17:35:13'),(122,714,1,0,3,'out',109,147,'2019-04-01 07:05:04','2019-04-01 07:05:04','2019-05-23 17:35:13'),(123,0,1,0,0,'out',109,147,'2019-04-02 04:50:32','2019-04-02 04:50:32','2019-05-23 17:35:13'),(124,728,1,5,3,'out',104,144,'2019-04-03 07:44:21','2019-04-03 07:44:21','2019-05-23 17:35:13'),(125,729,1,0,3,'out',104,141,'2019-04-03 07:52:33','2019-04-03 07:52:33','2019-05-23 17:35:13'),(126,730,1,0,0,'out',104,141,'2019-04-03 08:15:22','2019-04-03 08:15:22','2019-05-23 17:35:13'),(127,732,1,0,0,'out',104,141,'2019-04-03 11:53:35','2019-04-03 11:53:35','2019-05-23 17:35:13'),(128,733,1,0,0,'out',104,141,'2019-04-03 11:54:12','2019-04-03 11:54:12','2019-05-23 17:35:13'),(129,734,1,0,0,'out',104,141,'2019-04-03 11:56:22','2019-04-03 11:56:22','2019-05-23 17:35:13'),(130,735,1,0,0,'out',104,141,'2019-04-03 11:57:37','2019-04-03 11:57:37','2019-05-23 17:35:13'),(131,736,1,0,0,'out',104,141,'2019-04-04 05:36:49','2019-04-04 05:36:49','2019-05-23 17:35:13'),(132,737,1,0,3,'out',104,138,'2019-04-04 05:38:03','2019-04-04 05:38:03','2019-05-23 17:35:13'),(133,738,1,0,3,'out',104,135,'2019-04-04 05:45:51','2019-04-04 05:45:51','2019-05-23 17:35:13'),(134,739,1,0,0,'out',104,135,'2019-04-04 05:48:00','2019-04-04 05:48:00','2019-05-23 17:35:13'),(135,740,1,0,3,'out',104,132,'2019-04-04 05:56:50','2019-04-04 05:56:50','2019-05-23 17:35:13'),(136,742,1,0,0,'out',104,132,'2019-04-04 06:02:34','2019-04-04 06:02:34','2019-05-23 17:35:13'),(137,743,1,0,0,'out',104,132,'2019-04-04 06:02:59','2019-04-04 06:02:59','2019-05-23 17:35:13'),(138,744,1,0,0,'out',104,132,'2019-04-04 06:11:42','2019-04-04 06:11:42','2019-05-23 17:35:13'),(139,745,1,0,0,'out',104,132,'2019-04-05 02:45:13','2019-04-05 02:45:13','2019-05-23 17:35:13'),(140,746,1,0,3,'out',104,129,'2019-04-05 05:30:18','2019-04-05 05:30:18','2019-05-23 17:35:13'),(141,748,1,0,0,'out',104,129,'2019-04-05 05:41:14','2019-04-05 05:41:14','2019-05-23 17:35:13'),(142,755,1,0,2,'out',104,127,'2019-04-08 11:45:00','2019-04-08 11:45:00','2019-05-23 17:35:13'),(143,784,1,0,2,'out',104,125,'2019-04-10 06:34:52','2019-04-10 06:34:52','2019-05-23 17:35:13'),(144,789,1,0,2,'out',104,123,'2019-04-10 06:59:09','2019-04-10 06:59:09','2019-05-23 17:35:13'),(145,790,1,0,0,'out',104,123,'2019-04-10 06:59:48','2019-04-10 06:59:48','2019-05-23 17:35:13'),(146,807,1,5,2,'out',99,121,'2019-04-10 08:28:46','2019-04-10 08:28:46','2019-05-23 17:35:13'),(147,809,1,0,0,'out',99,121,'2019-04-10 08:33:52','2019-04-10 08:33:52','2019-05-23 17:35:13'),(148,820,1,0,0,'out',99,121,'2019-04-11 12:46:59','2019-04-11 12:46:59','2019-05-23 17:35:13'),(149,827,1,0,25,'out',99,96,'2019-04-12 04:26:06','2019-04-12 04:26:06','2019-05-23 17:35:13'),(150,828,1,0,5,'out',99,91,'2019-04-12 04:26:55','2019-04-12 04:26:55','2019-05-23 17:35:13'),(151,829,1,5,2,'out',94,89,'2019-04-12 04:35:59','2019-04-12 04:35:59','2019-05-23 17:35:13'),(152,830,1,0,2,'out',94,87,'2019-04-12 05:22:50','2019-04-12 05:22:50','2019-05-23 17:35:13'),(153,835,1,0,4,'out',94,83,'2019-05-17 11:57:29','2019-05-17 11:57:29','2019-05-23 17:35:13'),(154,836,1,0,2,'out',94,81,'2019-05-17 11:58:43','2019-05-17 11:58:43','2019-05-23 17:35:13'),(155,837,1,0,2,'out',94,79,'2019-05-17 11:59:54','2019-05-17 11:59:54','2019-05-23 17:35:13'),(156,838,1,0,0,'out',94,79,'2019-05-22 05:03:40','2019-05-22 05:03:40','2019-05-23 17:35:13'),(157,840,1,0,2,'out',94,77,'2019-05-22 05:04:50','2019-05-22 05:04:50','2019-05-23 17:35:13'),(158,841,1,0,0,'out',94,77,'2019-05-22 05:42:06','2019-05-22 05:42:06','2019-05-23 17:35:13'),(159,843,1,0,0,'out',94,77,'2019-05-22 06:03:28','2019-05-22 06:03:28','2019-05-23 17:35:13'),(160,0,1,1,1,'in',95,78,'2019-05-23 08:17:53','2019-05-23 08:17:53','2019-05-23 17:35:13'),(161,0,1,1,1,'in',96,79,'2019-05-23 08:19:29','2019-05-23 08:19:29','2019-05-23 17:35:13'),(162,0,1,0,1,'in',96,80,'2019-05-23 08:26:45','2019-05-23 08:26:45','2019-05-23 17:35:13'),(163,0,1,0,0,'in',96,80,'2019-05-23 08:26:53','2019-05-23 08:26:53','2019-05-23 17:35:13'),(164,0,1,0,0,'in',96,80,'2019-05-23 08:30:50','2019-05-23 08:30:50','2019-05-23 17:35:13'),(165,0,1,0,1,'in',96,81,'2019-05-23 08:31:06','2019-05-23 08:31:06','2019-05-23 17:35:13'),(166,0,1,0,1,'in',96,82,'2019-05-23 08:35:36','2019-05-23 08:35:36','2019-05-23 17:36:17'),(167,0,1,0,0,'in',96,82,'2019-05-23 08:36:05','2019-05-23 08:36:05','2019-05-23 17:36:18'),(168,0,1,0,0,'in',0,0,'2019-05-23 08:40:21','2019-05-23 08:40:21','2019-05-23 17:40:49'),(169,0,1,0,0,'in',0,0,'2019-05-23 08:41:25','2019-05-23 08:41:25','2019-05-23 18:09:13'),(178,0,25,0,0,'in',0,0,'2019-05-24 01:09:50','2019-05-24 01:09:50',NULL),(179,0,25,50,50,'in',50,50,'2019-05-24 01:10:14','2019-05-24 01:10:14',NULL),(180,861,25,0,1,'out',50,49,'2019-05-24 04:49:15','2019-05-24 04:49:15',NULL),(181,0,25,0,10,'in',50,59,'2019-06-06 07:50:54','2019-06-06 07:50:54',NULL),(182,0,25,0,5,'out',50,54,'2019-06-06 07:51:04','2019-06-06 07:51:04',NULL),(183,866,25,0,1,'out',50,53,'2019-06-06 07:58:08','2019-06-06 07:58:08',NULL),(184,877,25,0,1,'out',50,52,'2019-06-14 06:18:17','2019-06-14 06:18:17',NULL);
/*!40000 ALTER TABLE `store_hopper` ENABLE KEYS */;
UNLOCK TABLES;

--
-- Table structure for table `store_leader`
--

DROP TABLE IF EXISTS `store_leader`;
/*!40101 SET @saved_cs_client     = @@character_set_client */;
/*!40101 SET character_set_client = utf8 */;
CREATE TABLE `store_leader` (
  `id` int(11) NOT NULL AUTO_INCREMENT,
  `order_id` int(11) NOT NULL DEFAULT 0,
  `store_id` int(11) DEFAULT NULL,
  `status` enum('in','out') DEFAULT NULL COMMENT '상태 : 입금, 인출',
  `amount` int(11) DEFAULT 0 COMMENT '금액',
  `total_amount` int(11) DEFAULT NULL COMMENT '누적금액 개수',
  `created_at` datetime DEFAULT NULL,
  `updated_at` datetime DEFAULT NULL,
  `deleted_at` datetime DEFAULT NULL,
  PRIMARY KEY (`id`)
) ENGINE=InnoDB AUTO_INCREMENT=114 DEFAULT CHARSET=utf8 COMMENT='지폐 식별기 관리';
/*!40101 SET character_set_client = @saved_cs_client */;

--
-- Dumping data for table `store_leader`
--

LOCK TABLES `store_leader` WRITE;
/*!40000 ALTER TABLE `store_leader` DISABLE KEYS */;
INSERT INTO `store_leader` VALUES (2,0,1,'in',2,12,'2018-12-24 14:56:50',NULL,NULL),(3,199,NULL,'in',10000,10012,'2018-12-24 08:48:51','2018-12-24 08:48:51',NULL),(4,201,1,'in',10000,10012,'2018-12-26 01:36:12','2018-12-26 01:36:12',NULL),(5,202,1,'in',10000,20012,'2018-12-26 02:22:18','2018-12-26 02:22:18',NULL),(6,205,1,'in',10000,30012,'2018-12-26 02:38:01','2018-12-26 02:38:01',NULL),(7,206,1,'in',10000,40012,'2018-12-26 02:51:38','2018-12-26 02:51:38',NULL),(8,207,1,'in',10000,50012,'2018-12-26 02:53:31','2018-12-26 02:53:31',NULL),(9,208,1,'in',10000,60012,'2018-12-26 02:56:51','2018-12-26 02:56:51',NULL),(10,209,1,'in',10000,70012,'2018-12-26 02:58:39','2018-12-26 02:58:39',NULL),(11,210,1,'in',10000,80012,'2018-12-26 02:59:08','2018-12-26 02:59:08',NULL),(12,231,1,'in',10000,90012,'2018-12-27 06:31:49','2018-12-27 06:31:49',NULL),(13,232,1,'in',10000,100012,'2018-12-27 06:35:57','2018-12-27 06:35:57',NULL),(14,233,1,'in',10000,110012,'2018-12-27 06:45:33','2018-12-27 06:45:33',NULL),(19,263,1,'in',10000,120012,'2019-01-08 05:55:58','2019-01-08 05:55:58',NULL),(20,264,1,'in',10000,130012,'2019-01-08 06:09:14','2019-01-08 06:09:14',NULL),(22,266,1,'in',10000,140012,'2019-01-08 06:51:49','2019-01-08 06:51:49',NULL),(23,267,1,'in',10000,150012,'2019-01-08 06:56:35','2019-01-08 06:56:35',NULL),(24,270,1,'in',0,150012,'2019-01-08 08:06:40','2019-01-08 08:06:40',NULL),(25,273,1,'in',10000,160012,'2019-01-08 08:25:15','2019-01-08 08:25:15',NULL),(26,274,1,'in',10000,170012,'2019-01-08 08:26:30','2019-01-08 08:26:30',NULL),(27,281,1,'in',10000,180012,'2019-01-09 02:09:30','2019-01-09 02:09:30',NULL),(28,282,1,'in',10000,190012,'2019-01-09 02:11:18','2019-01-09 02:11:18',NULL),(29,284,1,'in',10000,200012,'2019-01-09 02:15:52','2019-01-09 02:15:52',NULL),(30,285,1,'in',0,200012,'2019-01-09 02:16:28','2019-01-09 02:16:28',NULL),(31,286,1,'in',0,200012,'2019-01-09 02:22:39','2019-01-09 02:22:39',NULL),(32,287,1,'in',0,200012,'2019-01-09 02:23:25','2019-01-09 02:23:25',NULL),(33,290,1,'in',0,200012,'2019-01-09 04:48:43','2019-01-09 04:48:43',NULL),(34,316,1,'in',0,200012,'2019-01-10 05:24:42','2019-01-10 05:24:42',NULL),(35,318,1,'in',0,200012,'2019-01-10 05:28:24','2019-01-10 05:28:24',NULL),(36,319,1,'in',0,200012,'2019-01-10 05:31:06','2019-01-10 05:31:06',NULL),(37,319,1,'in',0,200012,'2019-01-10 05:31:09','2019-01-10 05:31:09',NULL),(38,319,1,'in',0,200012,'2019-01-10 05:31:11','2019-01-10 05:31:11',NULL),(39,319,1,'in',0,200012,'2019-01-10 05:31:13','2019-01-10 05:31:13',NULL),(40,319,1,'in',0,200012,'2019-01-10 05:31:15','2019-01-10 05:31:15',NULL),(41,319,1,'in',0,200012,'2019-01-10 05:31:17','2019-01-10 05:31:17',NULL),(42,319,1,'in',0,200012,'2019-01-10 05:31:19','2019-01-10 05:31:19',NULL),(43,319,1,'in',0,200012,'2019-01-10 05:31:27','2019-01-10 05:31:27',NULL),(44,319,1,'in',0,200012,'2019-01-10 05:31:39','2019-01-10 05:31:39',NULL),(45,319,1,'in',0,200012,'2019-01-10 05:31:39','2019-01-10 05:31:39',NULL),(46,319,1,'in',0,200012,'2019-01-10 05:31:40','2019-01-10 05:31:40',NULL),(47,320,1,'in',0,200012,'2019-01-10 05:34:24','2019-01-10 05:34:24',NULL),(48,327,1,'in',0,200012,'2019-01-11 05:08:36','2019-01-11 05:08:36',NULL),(49,328,1,'in',5000,205012,'2019-01-11 05:15:01','2019-01-11 05:15:01',NULL),(50,339,1,'in',0,205012,'2019-01-14 01:59:51','2019-01-14 01:59:51',NULL),(51,340,1,'in',15000,220012,'2019-01-14 02:08:50','2019-01-14 02:08:50',NULL),(52,340,1,'in',0,220012,'2019-01-14 02:08:58','2019-01-14 02:08:58',NULL),(53,341,1,'in',15000,235012,'2019-01-14 02:14:20','2019-01-14 02:14:20',NULL),(55,343,1,'in',20000,255012,'2019-01-14 02:36:23','2019-01-14 02:36:23',NULL),(56,365,1,'in',5000,260012,'2019-01-18 06:48:58','2019-01-18 06:48:58',NULL),(57,513,1,'in',0,260012,'2019-03-06 09:11:50','2019-03-06 09:11:50',NULL),(58,513,1,'in',0,260012,'2019-03-06 09:11:52','2019-03-06 09:11:52',NULL),(59,514,1,'in',0,260012,'2019-03-06 09:12:39','2019-03-06 09:12:39',NULL),(60,515,1,'in',0,260012,'2019-03-06 09:13:31','2019-03-06 09:13:31',NULL),(61,581,1,'in',0,260012,'2019-03-14 07:35:03','2019-03-14 07:35:03',NULL),(62,625,1,'in',5000,265012,'2019-03-19 08:39:38','2019-03-19 08:39:38',NULL),(63,625,1,'in',0,265012,'2019-03-19 08:40:03','2019-03-19 08:40:03',NULL),(64,651,1,'in',10000,275012,'2019-03-20 08:38:30','2019-03-20 08:38:30',NULL),(65,651,1,'in',0,275012,'2019-03-20 08:39:07','2019-03-20 08:39:07',NULL),(66,669,1,'in',5000,280012,'2019-03-22 01:59:10','2019-03-22 01:59:10',NULL),(67,674,1,'in',5000,285012,'2019-03-22 04:42:46','2019-03-22 04:42:46',NULL),(68,692,1,'in',10000,295012,'2019-03-28 08:00:09','2019-03-28 08:00:09',NULL),(69,693,1,'in',10000,305012,'2019-03-28 08:17:44','2019-03-28 08:17:44',NULL),(70,708,1,'in',10000,315012,'2019-03-29 06:09:54','2019-03-29 06:09:54',NULL),(71,709,1,'in',10000,325012,'2019-03-29 06:10:40','2019-03-29 06:10:40',NULL),(72,710,1,'in',10000,335012,'2019-03-29 06:14:32','2019-03-29 06:14:32',NULL),(73,711,1,'in',10000,345012,'2019-03-29 06:14:57','2019-03-29 06:14:57',NULL),(74,714,1,'in',10000,355012,'2019-04-01 07:05:04','2019-04-01 07:05:04',NULL),(75,728,1,'in',10000,365012,'2019-04-03 07:44:21','2019-04-03 07:44:21',NULL),(76,729,1,'in',10000,375012,'2019-04-03 07:52:33','2019-04-03 07:52:33',NULL),(77,730,1,'in',7000,382012,'2019-04-03 08:15:22','2019-04-03 08:15:22',NULL),(78,732,1,'in',0,382012,'2019-04-03 11:53:35','2019-04-03 11:53:35',NULL),(79,733,1,'in',0,382012,'2019-04-03 11:54:12','2019-04-03 11:54:12',NULL),(80,734,1,'in',0,382012,'2019-04-03 11:56:22','2019-04-03 11:56:22',NULL),(81,735,1,'in',0,382012,'2019-04-03 11:57:37','2019-04-03 11:57:37',NULL),(82,736,1,'in',20000,402012,'2019-04-04 05:36:49','2019-04-04 05:36:49',NULL),(83,737,1,'in',10000,412012,'2019-04-04 05:38:03','2019-04-04 05:38:03',NULL),(84,738,1,'in',10000,422012,'2019-04-04 05:45:51','2019-04-04 05:45:51',NULL),(85,739,1,'in',7000,429012,'2019-04-04 05:48:00','2019-04-04 05:48:00',NULL),(86,740,1,'in',10000,439012,'2019-04-04 05:56:50','2019-04-04 05:56:50',NULL),(87,742,1,'in',0,439012,'2019-04-04 06:02:34','2019-04-04 06:02:34',NULL),(88,743,1,'in',5000,444012,'2019-04-04 06:02:59','2019-04-04 06:02:59',NULL),(89,744,1,'in',5000,449012,'2019-04-04 06:11:42','2019-04-04 06:11:42',NULL),(90,745,1,'in',7000,456012,'2019-04-05 02:45:13','2019-04-05 02:45:13',NULL),(91,746,1,'in',10000,466012,'2019-04-05 05:30:18','2019-04-05 05:30:18',NULL),(92,748,1,'in',7000,473012,'2019-04-05 05:41:14','2019-04-05 05:41:14',NULL),(93,755,1,'in',5000,478012,'2019-04-08 11:45:00','2019-04-08 11:45:00',NULL),(94,784,1,'in',5000,483012,'2019-04-10 06:34:52','2019-04-10 06:34:52',NULL),(95,789,1,'in',5000,488012,'2019-04-10 06:59:09','2019-04-10 06:59:09',NULL),(96,790,1,'in',5000,493012,'2019-04-10 06:59:48','2019-04-10 06:59:48',NULL),(97,807,1,'in',5000,498012,'2019-04-10 08:28:46','2019-04-10 08:28:46',NULL),(98,809,1,'in',3000,501012,'2019-04-10 08:33:52','2019-04-10 08:33:52',NULL),(99,820,1,'in',5000,506012,'2019-04-11 12:46:59','2019-04-11 12:46:59',NULL),(100,827,1,'in',25000,531012,'2019-04-12 04:26:06','2019-04-12 04:26:06',NULL),(101,828,1,'in',10000,541012,'2019-04-12 04:26:55','2019-04-12 04:26:55',NULL),(102,829,1,'in',5000,546012,'2019-04-12 04:35:59','2019-04-12 04:35:59',NULL),(103,830,1,'in',5000,551012,'2019-04-12 05:22:50','2019-04-12 05:22:50',NULL),(104,835,1,'in',10000,561012,'2019-05-17 11:57:29','2019-05-17 11:57:29',NULL),(105,836,1,'in',10000,571012,'2019-05-17 11:58:43','2019-05-17 11:58:43',NULL),(106,837,1,'in',10000,581012,'2019-05-17 11:59:54','2019-05-17 11:59:54',NULL),(107,838,1,'in',25000,606012,'2019-05-22 05:03:40','2019-05-22 05:03:40',NULL),(108,840,1,'in',5000,611012,'2019-05-22 05:04:50','2019-05-22 05:04:50',NULL),(109,841,1,'in',3000,614012,'2019-05-22 05:42:06','2019-05-22 05:42:06',NULL),(110,843,1,'in',3000,617012,'2019-05-22 06:03:28','2019-05-22 06:03:28',NULL),(111,861,25,'in',10000,10000,'2019-05-24 04:49:15','2019-05-24 04:49:15',NULL),(112,866,25,'in',10000,20000,'2019-06-06 07:58:08','2019-06-06 07:58:08',NULL),(113,877,25,'in',10000,30000,'2019-06-14 06:18:17','2019-06-14 06:18:17',NULL);
/*!40000 ALTER TABLE `store_leader` ENABLE KEYS */;
UNLOCK TABLES;

--
-- Table structure for table `store_menu`
--

DROP TABLE IF EXISTS `store_menu`;
/*!40101 SET @saved_cs_client     = @@character_set_client */;
/*!40101 SET character_set_client = utf8 */;
CREATE TABLE `store_menu` (
  `id` int(11) NOT NULL AUTO_INCREMENT,
  `store_id` int(11) DEFAULT NULL,
  `store_menu_group_id` int(11) DEFAULT NULL,
  `sort` int(11) DEFAULT NULL COMMENT '정렬순서 저장',
  `name` varchar(50) DEFAULT NULL,
  `price` int(11) DEFAULT NULL COMMENT '메뉴 가격',
  `use` enum('Y','N') DEFAULT NULL COMMENT '사용여부',
  `contents` text DEFAULT NULL COMMENT '메뉴설명',
  `min_count` int(11) DEFAULT NULL COMMENT '최소 주문 개수',
  `image_type` enum('sample','file') DEFAULT NULL,
  `image_path` varchar(255) DEFAULT NULL,
  `created_at` datetime DEFAULT NULL,
  `updated_at` datetime DEFAULT NULL,
  `deleted_at` datetime DEFAULT NULL,
  PRIMARY KEY (`id`)
) ENGINE=InnoDB AUTO_INCREMENT=133 DEFAULT CHARSET=utf8;
/*!40101 SET character_set_client = @saved_cs_client */;

--
-- Dumping data for table `store_menu`
--

LOCK TABLES `store_menu` WRITE;
/*!40000 ALTER TABLE `store_menu` DISABLE KEYS */;
INSERT INTO `store_menu` VALUES (57,1,56,1,'소주',4500,'Y','존맛',NULL,'sample','/dist/store/img/main_menu_list01.png','2019-01-31 05:17:28','2019-03-12 00:17:32',NULL),(58,1,58,1,'새우피자',25000,'Y','새우완전많습니다.',NULL,'sample','/dist/store/img/main_menu_list22.png','2019-01-31 05:44:44','2019-01-31 05:44:44',NULL),(70,1,80,1,'5xn',12000,'Y','메뉴설명',NULL,'','/images/2019/03/05/1551777598488.PNG','2019-03-05 09:19:58','2019-03-05 09:19:58',NULL),(71,1,80,2,'11',20000,'Y','2',NULL,NULL,'/images/2019/04/02/1554175606375.jpg','2019-03-05 09:21:09','2019-04-02 03:26:47',NULL),(72,1,80,3,'22',7000,'Y','111',NULL,'','/images/2019/03/05/1551777766001.PNG','2019-03-05 09:22:46','2019-03-05 09:22:46',NULL),(73,1,80,4,'331',8000,'Y','11',NULL,NULL,'/images/2019/03/05/1551778966872.PNG','2019-03-05 09:42:47','2019-03-05 09:43:43',NULL),(74,1,80,5,'44',5000,'Y','4444',NULL,'','/images/2019/03/05/1551780476112.PNG','2019-03-05 10:07:56','2019-03-05 10:07:56',NULL),(75,1,80,6,'55',3000,'Y','555',NULL,'','/images/2019/03/05/1551780495623.PNG','2019-03-05 10:08:15','2019-03-05 10:08:15',NULL),(76,1,80,7,'66',6000,'Y','6666',NULL,'','/images/2019/03/05/1551780517855.PNG','2019-03-05 10:08:38','2019-03-05 10:08:38',NULL),(77,1,56,2,'ㄴㄴㄴ',1000,'Y','ㄴㄴ',NULL,'sample','/dist/store/img/main_menu_list12.png','2019-03-06 05:28:38','2019-03-08 00:30:19',NULL),(78,1,56,3,'ㅇㅇ',54000,'Y','ㅅㅅ',NULL,'','/images/2019/03/06/1551850156360.PNG','2019-03-06 05:29:16','2019-03-06 05:29:16',NULL),(79,1,81,1,'ㅂ',0,'Y','ㅊㅊ',NULL,'','/images/2019/03/08/1552022077980.PNG','2019-03-08 05:14:38','2019-03-08 05:14:38',NULL),(80,1,56,4,'핫도그',2000,'Y','dd',NULL,NULL,'/images/2019/03/11/1552280846429.PNG','2019-03-11 05:07:26','2019-03-12 00:32:28',NULL),(81,1,82,1,'에그 불고기 버거',3600,'Y','닭걀과 패티 양상추의 조합',NULL,NULL,'/images/2019/03/11/1552305237216.png','2019-03-11 11:53:57','2019-03-11 11:56:40',NULL),(82,1,82,2,'골든 에그 치즈버거',7500,'Y','치즈가 득북들어간 에그버거 업그레이드 판!',NULL,'','/images/2019/03/11/1552308356092.png','2019-03-11 12:45:56','2019-03-11 12:45:56',NULL),(84,1,82,3,'그릴드 머쉬룸 버거',7500,'Y','버섯과 치즈의 환상의 조합',NULL,NULL,'/images/2019/03/11/1552308424744.png','2019-03-11 12:47:05','2019-03-11 12:48:13',NULL),(85,1,82,4,'빅맥버거',4500,'Y','난 양으로 승부한다, 더블패티와 빵까지 더하다.',NULL,NULL,'/images/2019/03/11/1552308668835.png','2019-03-11 12:51:09','2019-03-11 12:56:51',NULL),(86,1,82,5,'맥스파이시 상하이 버거',4500,'Y','치킨패티와 매콤함으로 상하이를 강타했도다.',NULL,NULL,'/images/2019/03/12/1552366842787.jpg','2019-03-11 12:55:32','2019-03-12 05:00:43',NULL),(89,1,59,1,'메뉴',10000,'Y','1000',NULL,'sample','/dist/store/img/main_menu_list01.png','2019-03-12 02:48:18','2019-03-12 02:48:18',NULL),(90,1,82,6,'빅맥',6500,'Y','빅맥~',NULL,NULL,'/images/2019/03/12/1552366965598.png','2019-03-12 05:02:45','2019-03-12 05:04:21',NULL),(91,1,84,1,'짜장면',4500,'Y','짜',NULL,'sample','/dist/store/img/main_menu_list10.png','2019-03-14 04:55:17','2019-03-14 04:55:17',NULL),(92,1,84,2,'짬뽕',5000,'Y','짬뽕',NULL,'sample','/dist/store/img/main_menu_list06.png','2019-03-14 05:10:55','2019-03-14 05:10:55',NULL),(93,1,84,4,'탕수육',12000,'Y','탕수육',NULL,'sample','/dist/store/img/main_menu_list18.png','2019-03-14 05:13:39','2019-03-28 01:40:23',NULL),(94,1,84,3,'유린기',22000,'Y','유린기',NULL,'sample','/dist/store/img/main_menu_list19.png','2019-03-14 05:14:20','2019-03-28 01:40:23',NULL),(95,1,84,5,'쟁반짜짱',9000,'Y','쟁반짜짱',NULL,'sample','/dist/store/img/main_menu_list12.png','2019-03-14 05:43:08','2019-03-14 05:43:08',NULL),(96,1,84,6,'쟁반짬뽕',10000,'Y','쟁반짬뽕',NULL,'sample','/dist/store/img/main_menu_list03.png','2019-03-14 05:43:30','2019-03-14 05:43:30',NULL),(97,1,84,7,'1',10000,'Y','1',NULL,'sample','/dist/store/img/main_menu_list01.png','2019-03-14 05:44:56','2019-03-14 05:44:56',NULL),(98,1,84,8,'2',20000,'Y','2',NULL,'sample','/dist/store/img/main_menu_list17.png','2019-03-14 05:45:12','2019-03-14 05:45:12',NULL),(99,1,84,9,'3',30000,'Y','3',NULL,'sample','/dist/store/img/main_menu_list06.png','2019-03-14 05:45:32','2019-03-14 05:45:32',NULL),(100,1,84,10,'4',40000,'Y','4',NULL,'sample','/dist/store/img/main_menu_list09.png','2019-03-14 05:45:55','2019-03-14 05:45:55',NULL),(101,1,84,11,'5',50000,'Y','5',NULL,'sample','/dist/store/img/main_menu_list06.png','2019-03-14 05:46:16','2019-03-14 05:46:16',NULL),(102,1,84,12,'5',50000,'Y','5',NULL,'sample','/dist/store/img/main_menu_list06.png','2019-03-14 05:46:19','2019-03-14 05:46:19',NULL),(103,1,84,13,'6',60000,'Y','6',NULL,'sample','/dist/store/img/main_menu_list16.png','2019-03-14 07:05:39','2019-03-14 07:05:39',NULL),(104,1,80,8,'참치찌개',6000,'Y',NULL,NULL,NULL,'/images/2019/03/14/1552567178137.PNG','2019-03-14 12:39:38','2019-03-14 12:51:24',NULL),(105,1,80,9,'뼈',5000,'Y','ㄹㄹ',NULL,'','/images/2019/03/22/1553227468115.gif','2019-03-22 04:04:28','2019-03-22 04:04:28',NULL),(106,1,80,10,'tt',9000,'Y','ddd',NULL,'','/images/2019/04/02/1554175503873.jpg','2019-04-02 03:25:05','2019-04-02 03:25:05',NULL),(107,1,80,11,'tt',9000,'Y','ddd',NULL,'','/images/2019/04/02/1554175506240.jpg','2019-04-02 03:25:07','2019-04-02 03:25:07',NULL),(108,1,80,12,'한정식',14000,'Y','육회비빔밥+차돌된장+8가지나물류와 4가지의 맛있는 반찬, 1인분 고급 한정식으로 구성하였습니다.',NULL,NULL,'/images/2019/04/02/1554178154662.jpg','2019-04-02 04:03:35','2019-04-02 04:09:15',NULL),(109,1,90,1,'테스트',1000,'Y','맛잇는 테스트',NULL,NULL,NULL,'2019-04-03 07:58:37','2019-04-03 08:00:06',NULL),(110,1,90,2,'테스트',1000,'Y','맛잇는 테스트',NULL,'',NULL,'2019-04-03 07:58:42','2019-04-03 07:58:42',NULL),(111,25,98,1,'갈비탕',9000,'Y','진한 갈비탕 육수에 왕갈비대의 소고기 맛이 일품.',NULL,'','/images/2019/05/22/1558522554827.png','2019-05-22 10:55:55','2019-05-22 10:55:55',NULL),(112,1,80,13,'과자',200,'Y','저렴한',NULL,'',NULL,'2019-05-23 07:52:53','2019-05-23 07:52:53',NULL),(113,25,115,1,'ㅅ',10,'Y','ㅎ',NULL,'','/images/2019/05/24/1558659835912.jpg','2019-05-24 01:03:57','2019-05-24 01:03:57',NULL),(114,25,116,1,'ㅊ',5000,'Y','ㅇ',NULL,'',NULL,'2019-06-06 07:50:15','2019-06-06 07:50:15',NULL),(115,26,117,1,'신대한정유',0,'Y',NULL,NULL,'','/images/2019/10/11/1570787718000.JPG','2019-10-11 09:55:18','2019-10-11 09:55:18',NULL),(116,26,117,2,'이노메트리',0,'Y',NULL,NULL,'file','/images/2019/10/11/1570787718000.JPG','2019-10-11 09:55:18','2019-10-11 09:55:18',NULL),(117,26,117,3,'픽스턴',0,'Y',NULL,NULL,'file','/images/2019/10/11/1570787718000.JPG','2019-10-11 09:55:18','2019-10-11 09:55:18',NULL),(118,26,117,4,'우성산업',0,'Y',NULL,NULL,'file','/images/2019/10/11/1570787718000.JPG','2019-10-11 09:55:18','2019-10-11 09:55:18',NULL),(119,26,117,5,'신성정밀',0,'Y',NULL,NULL,'file','/images/2019/10/11/1570787718000.JPG','2019-10-11 09:55:18','2019-10-11 09:55:18',NULL),(120,26,117,6,'씨엔에스티',0,'Y',NULL,NULL,'file','/images/2019/10/11/1570787718000.JPG','2019-10-11 09:55:18','2019-10-11 09:55:18',NULL),(121,26,117,7,'태경정밀',0,'Y',NULL,NULL,'file','/images/2019/10/11/1570787718000.JPG','2019-10-11 09:55:18','2019-10-11 09:55:18',NULL),(122,26,117,8,'가온브이시티',0,'Y',NULL,NULL,'file','/images/2019/10/11/1570787718000.JPG','2019-10-11 09:55:18','2019-10-11 09:55:18',NULL),(123,26,117,9,'중부상사',0,'Y',NULL,NULL,'file','/images/2019/10/11/1570787718000.JPG','2019-10-11 09:55:18','2019-10-11 09:55:18',NULL),(124,26,117,10,'천지정밀',0,'Y',NULL,NULL,'file','/images/2019/10/11/1570787718000.JPG','2019-10-11 09:55:18','2019-10-11 09:55:18',NULL),(125,26,117,11,'디에이치솔루션',0,'Y',NULL,NULL,'file','/images/2019/10/11/1570787718000.JPG','2019-10-11 09:55:18','2019-10-11 09:55:18',NULL),(126,26,117,12,'(주)로티',0,'Y',NULL,NULL,'file','/images/2019/10/11/1570787718000.JPG','2019-10-11 09:55:18','2019-10-11 09:55:18',NULL),(127,26,118,1,'짜장면',6000,'Y',NULL,NULL,'file','/images/2019/10/11/1570787718000.JPG','2019-10-11 13:41:08','2019-10-11 13:41:08',NULL),(128,26,118,2,'간짜장',7000,'Y',NULL,NULL,'file','/images/2019/10/11/1570787718000.JPG','2019-10-11 13:41:08','2019-10-11 13:41:08',NULL),(129,26,118,3,'우동',7000,'Y',NULL,NULL,'file','/images/2019/10/11/1570787718000.JPG','2019-10-11 13:41:08','2019-10-11 13:41:08',NULL),(130,26,118,4,'삼선우동',10000,'Y',NULL,NULL,'file','/images/2019/10/11/1570787718000.JPG','2019-10-11 13:41:08','2019-10-11 13:41:08',NULL),(131,26,118,5,'짬뽕',8000,'Y',NULL,NULL,'file','/images/2019/10/11/1570787718000.JPG','2019-10-11 13:41:08','2019-10-11 13:41:08',NULL),(132,26,118,6,'고추짬뽕',10000,'Y',NULL,NULL,'file','/images/2019/10/11/1570787718000.JPG','2019-10-11 13:41:08','2019-10-11 13:41:08',NULL);
/*!40000 ALTER TABLE `store_menu` ENABLE KEYS */;
UNLOCK TABLES;

--
-- Table structure for table `store_menu_group`
--

DROP TABLE IF EXISTS `store_menu_group`;
/*!40101 SET @saved_cs_client     = @@character_set_client */;
/*!40101 SET character_set_client = utf8 */;
CREATE TABLE `store_menu_group` (
  `id` int(11) NOT NULL AUTO_INCREMENT,
  `store_id` int(11) DEFAULT NULL,
  `name` varchar(50) DEFAULT NULL,
  `image_type` enum('file','sample') DEFAULT NULL,
  `image_path` varchar(255) DEFAULT NULL,
  `active_path` varchar(255) DEFAULT NULL COMMENT '선택(atvice)시 보여지는 이미지 경로 (image_type 이 sample 일 경우에 추가)',
  `sort` int(11) DEFAULT NULL,
  `menu_sort` enum('2n','3n','4n','5n') DEFAULT '2n' COMMENT '메뉴정렬',
  `set` enum('Y','N') DEFAULT 'N' COMMENT '세트여부',
  `created_at` datetime DEFAULT NULL,
  `updated_at` datetime DEFAULT NULL,
  `deleted_at` datetime DEFAULT NULL,
  PRIMARY KEY (`id`)
) ENGINE=InnoDB AUTO_INCREMENT=121 DEFAULT CHARSET=utf8;
/*!40101 SET character_set_client = @saved_cs_client */;

--
-- Dumping data for table `store_menu_group`
--

LOCK TABLES `store_menu_group` WRITE;
/*!40000 ALTER TABLE `store_menu_group` DISABLE KEYS */;
INSERT INTO `store_menu_group` VALUES (80,1,'한식','file','/images/2019/03/28/1553735854187.jpg',NULL,18,NULL,'N','2019-03-05 09:19:16','2019-03-28 01:17:35',NULL),(82,1,'맥도날드','file','/images/2019/03/28/1553736984838.jpg',NULL,20,NULL,'N','2019-03-11 11:15:27','2019-03-28 01:36:25',NULL),(84,1,'중식','sample','/dist/store/img/main_menu_list06.png','/dist/store/img/main_menu_list06_on.png',21,NULL,'N','2019-03-14 01:25:57','2019-03-14 01:25:57',NULL),(85,1,'일식','sample','/dist/store/img/main_menu_list05.png','/dist/store/img/main_menu_list05_on.png',22,NULL,'N','2019-03-14 01:26:38','2019-03-14 01:26:38',NULL),(86,1,'세트1','sample','/dist/store/img/main_menu_list13.png','/dist/store/img/main_menu_list13_on.png',23,NULL,'Y','2019-03-14 01:27:10','2019-03-14 01:27:10',NULL),(87,1,'세트2','sample','/dist/store/img/main_menu_list10.png','/dist/store/img/main_menu_list10_on.png',24,NULL,'N','2019-03-14 01:28:46','2019-03-14 01:28:46',NULL),(88,1,'엄마밥상','sample','/dist/store/img/main_menu_list02.png','/dist/store/img/main_menu_list02_on.png',25,NULL,'N','2019-03-14 01:30:15','2019-03-14 01:30:15',NULL),(89,1,'식사류','file','/images/2019/03/20/1553052485977.PNG',NULL,26,NULL,'N','2019-03-20 03:28:06','2019-03-20 03:28:06',NULL),(90,1,'ㄴㄴㄴㅇ','file','/images/2019/03/21/1553141257347.PNG',NULL,27,NULL,'N','2019-03-21 04:07:37','2019-03-21 04:07:37',NULL),(91,1,'세트2','sample','/dist/store/img/main_menu_list11.png','/dist/store/img/main_menu_list11_on.png',28,NULL,'N','2019-03-25 08:39:21','2019-04-02 06:58:07','2019-04-02 06:58:07'),(92,1,'세트3','sample','/dist/store/img/main_menu_list05.png','/dist/store/img/main_menu_list05_on.png',29,NULL,'N','2019-03-26 08:59:30','2019-04-02 06:58:07','2019-04-02 06:58:07'),(93,1,'세트2','sample','/dist/store/img/main_menu_list05.png','/dist/store/img/main_menu_list05_on.png',30,NULL,'Y','2019-04-02 06:54:51','2019-04-02 06:58:23',NULL),(94,1,'세트3','sample','/dist/store/img/main_menu_list15.png','/dist/store/img/main_menu_list15_on.png',31,NULL,'Y','2019-04-02 06:57:49','2019-04-02 06:57:49',NULL),(95,18,'식사류','file','/images/2019/05/22/1558521853459.png',NULL,1,NULL,'N','2019-05-22 10:44:14','2019-05-22 10:44:14',NULL),(96,18,'식사류','file','/images/2019/05/22/1558521886990.png',NULL,1,NULL,'N','2019-05-22 10:44:47','2019-05-22 10:44:47',NULL),(97,18,'식사류','sample','/dist/store/img/main_menu_list14.png','/dist/store/img/main_menu_list14_on.png',1,NULL,'N','2019-05-22 10:45:05','2019-05-22 10:45:05',NULL),(98,25,'식사류','sample','/dist/store/img/main_menu_list05.png','/dist/store/img/main_menu_list05_on.png',1,NULL,'N','2019-05-22 10:46:48','2019-05-22 10:46:48',NULL),(99,18,'음료','file','/images/2019/05/22/1558522074396.PNG',NULL,1,NULL,'N','2019-05-22 10:47:54','2019-05-22 10:47:54',NULL),(100,18,'ss','sample','/dist/store/img/main_menu_list17.png','/dist/store/img/main_menu_list17_on.png',1,NULL,'Y','2019-05-22 10:48:09','2019-05-22 10:48:09',NULL),(101,25,'음료','file','/images/2019/05/22/1558522373445.PNG',NULL,2,NULL,'N','2019-05-22 10:52:53','2019-05-22 10:52:53',NULL),(102,18,'111','sample','/dist/store/img/main_menu_list17.png','/dist/store/img/main_menu_list17_on.png',1,NULL,'N','2019-05-23 08:28:44','2019-05-23 08:28:44',NULL),(103,18,'22','sample','/dist/store/img/main_menu_list17.png','/dist/store/img/main_menu_list17_on.png',1,NULL,'Y','2019-05-23 08:29:02','2019-05-23 08:29:02',NULL),(104,1,'menu','sample','/dist/store/img/main_menu_list04.png','/dist/store/img/main_menu_list04_on.png',32,NULL,'N','2019-05-23 08:53:36','2019-05-23 08:53:36',NULL),(105,1,'set','sample','/dist/store/img/main_menu_list03.png','/dist/store/img/main_menu_list03_on.png',33,NULL,'Y','2019-05-23 08:53:46','2019-05-23 08:53:46',NULL),(106,18,'11','sample','/dist/store/img/main_menu_list16.png','/dist/store/img/main_menu_list16_on.png',1,NULL,'N','2019-05-23 08:58:44','2019-05-23 08:58:44',NULL),(107,1,'menu1','sample','/dist/store/img/main_menu_list17.png','/dist/store/img/main_menu_list17_on.png',34,NULL,'N','2019-05-23 09:02:12','2019-05-23 09:02:12',NULL),(108,1,'set1','sample','/dist/store/img/main_menu_list17.png','/dist/store/img/main_menu_list17_on.png',35,NULL,'Y','2019-05-23 09:02:26','2019-05-23 09:02:26',NULL),(109,18,'11','sample','/dist/store/img/main_menu_list18.png','/dist/store/img/main_menu_list18_on.png',1,NULL,'N','2019-05-24 00:40:09','2019-05-24 00:40:09',NULL),(110,18,'menu','sample','/dist/store/img/main_menu_list05.png','/dist/store/img/main_menu_list05_on.png',1,NULL,'N','2019-05-24 00:50:42','2019-05-24 00:50:42',NULL),(111,18,'menu','sample','/dist/store/img/main_menu_list16.png','/dist/store/img/main_menu_list16_on.png',1,NULL,'N','2019-05-24 00:51:17','2019-05-24 00:51:17',NULL),(112,18,'menu','sample','/dist/store/img/main_menu_list15.png','/dist/store/img/main_menu_list15_on.png',1,NULL,'N','2019-05-24 00:54:49','2019-05-24 00:54:49',NULL),(113,25,'menu','sample','/dist/store/img/main_menu_list17.png','/dist/store/img/main_menu_list17_on.png',1,NULL,'N','2019-05-24 01:00:06','2019-05-24 01:00:06',NULL),(114,25,'setmenu','sample','/dist/store/img/main_menu_list05.png','/dist/store/img/main_menu_list05_on.png',1,NULL,'Y','2019-05-24 01:00:20','2019-05-24 01:00:20',NULL),(115,25,'ㅛ','sample','/dist/store/img/main_menu_list16.png','/dist/store/img/main_menu_list16_on.png',1,NULL,'N','2019-05-24 01:03:35','2019-05-24 01:03:35',NULL),(116,25,'ㄹㄹ','sample','/dist/store/img/main_menu_list10.png','/dist/store/img/main_menu_list10_on.png',1,NULL,'N','2019-06-06 07:49:50','2019-06-06 07:49:50',NULL),(117,26,'예담뷔페','sample','/dist/store/img/main_menu_list03.png','/dist/store/img/main_menu_list03_on.png',1,'4n','N','2019-10-11 09:48:05','2019-10-11 09:48:05',NULL),(118,26,'면류','sample','/dist/store/img/main_menu_list10.png','/dist/store/img/main_menu_list10_on.png',1,'3n','N','2019-10-11 09:48:29','2019-10-11 09:48:29',NULL),(119,26,'밥류','sample','/dist/store/img/main_menu_list12.png','/dist/store/img/main_menu_list12_on.png',1,'3n','N','2019-10-11 09:48:51','2019-10-11 09:48:51',NULL),(120,26,'요리류','sample','/dist/store/img/main_menu_list02.png','/dist/store/img/main_menu_list02_on.png',1,'2n','N','2019-10-11 09:49:40','2019-10-11 09:49:40',NULL);
/*!40000 ALTER TABLE `store_menu_group` ENABLE KEYS */;
UNLOCK TABLES;

--
-- Table structure for table `store_menu_option`
--

DROP TABLE IF EXISTS `store_menu_option`;
/*!40101 SET @saved_cs_client     = @@character_set_client */;
/*!40101 SET character_set_client = utf8 */;
CREATE TABLE `store_menu_option` (
  `id` int(11) NOT NULL AUTO_INCREMENT,
  `store_menu_id` int(11) DEFAULT NULL,
  `store_menu_option_set_id` int(11) DEFAULT NULL COMMENT '옵션 세트 id',
  `name` varchar(50) DEFAULT NULL,
  `price` int(11) DEFAULT NULL COMMENT '가격',
  `use` enum('Y','N') DEFAULT 'N' COMMENT '사용 여부',
  `created_at` datetime DEFAULT NULL,
  `updated_at` datetime DEFAULT NULL,
  `deleted_at` datetime DEFAULT NULL,
  PRIMARY KEY (`id`)
) ENGINE=InnoDB AUTO_INCREMENT=431 DEFAULT CHARSET=utf8 COMMENT='선택된 메뉴 옵션';
/*!40101 SET character_set_client = @saved_cs_client */;

--
-- Dumping data for table `store_menu_option`
--

LOCK TABLES `store_menu_option` WRITE;
/*!40000 ALTER TABLE `store_menu_option` DISABLE KEYS */;
INSERT INTO `store_menu_option` VALUES (103,56,51,'큰거',100,'N','2019-01-31 05:12:45','2019-02-01 06:32:05',NULL),(108,57,55,'레몬',1000,'N','2019-01-31 05:17:28','2019-02-08 07:49:17',NULL),(111,58,54,'큰거',2000,'N','2019-01-31 05:44:44','2019-01-31 05:44:44',NULL),(125,57,55,'과일',2000,'N','2019-02-08 07:05:51','2019-02-11 01:00:06',NULL),(126,57,57,'오징어땅콩',100,'N','2019-02-08 07:06:08','2019-02-11 00:40:59',NULL),(130,56,51,'작은거',1000,'N','2019-02-11 00:46:16','2019-02-11 00:46:16',NULL),(132,57,60,'포카칩',1000,'N','2019-02-11 00:59:38','2019-02-11 00:59:38',NULL),(133,57,60,'스윙칩',1000,'N','2019-02-11 05:54:38','2019-02-11 05:54:38',NULL),(134,57,62,'레몬',1000,'N','2019-02-11 05:54:38','2019-02-11 05:54:38',NULL),(135,57,62,'사과',2000,'N','2019-02-11 05:54:38','2019-02-11 05:54:38',NULL),(136,57,63,'포장지',1000,'N','2019-02-11 05:54:38','2019-02-11 05:54:38',NULL),(138,56,52,'파인애플2',2000,'N','2019-02-14 02:36:01','2019-02-14 02:36:01',NULL),(139,56,64,'맛있는거',1000,'N','2019-02-14 02:36:59','2019-02-14 02:36:59',NULL),(140,56,64,'더 맛있는거',2000,'N','2019-02-14 02:36:59','2019-02-14 02:36:59',NULL),(141,56,65,'ㅎㅎ',10,'N','2019-02-18 04:54:44','2019-02-18 04:54:44',NULL),(142,73,66,NULL,500,'N','2019-03-05 09:43:44','2019-03-05 09:43:44',NULL),(143,77,67,'통마늘',400,'N','2019-03-06 05:28:38','2019-03-06 05:28:38',NULL),(144,77,67,'작은마늘',300,'N','2019-03-06 05:28:38','2019-03-06 05:28:38',NULL),(145,80,68,'맵게',500,'N','2019-03-11 05:07:26','2019-03-11 05:07:26',NULL),(146,80,68,'치즈',1000,'N','2019-03-11 05:07:26','2019-03-11 05:07:26',NULL),(147,81,69,'감자칩+콜라 세트',2900,'N','2019-03-11 11:53:57','2019-03-11 11:53:57',NULL),(148,81,69,'감자칩+아이스 커피 세트',2900,'N','2019-03-11 11:53:57','2019-03-11 11:53:57',NULL),(149,81,69,'감자칩+따뜻한 커피 세트',2900,'N','2019-03-11 11:53:57','2019-03-11 11:53:57',NULL),(150,81,70,'갑자칩+콜라 세트',3500,'N','2019-03-11 11:56:40','2019-03-11 11:56:40',NULL),(151,81,70,'감자칩+아이스 커피 세트',3500,'N','2019-03-11 11:56:40','2019-03-11 11:56:40',NULL),(152,81,70,'감자칩+따뜻한 커피 세트',3500,'N','2019-03-11 11:56:40','2019-03-11 11:56:40',NULL),(153,82,71,'감자칩+콜라 세트',1500,'N','2019-03-11 12:45:56','2019-03-11 12:45:56',NULL),(154,82,71,'감자칩+아이스 커피 세트',1500,'N','2019-03-11 12:45:56','2019-03-11 12:45:56',NULL),(155,82,71,'감자칩+따뜻한 커피 세트',1500,'N','2019-03-11 12:45:56','2019-03-11 12:45:56',NULL),(156,83,72,'감자칩+콜라 세트',1500,'N','2019-03-11 12:45:57','2019-03-11 12:45:57',NULL),(157,83,72,'감자칩+아이스 커피 세트',1500,'N','2019-03-11 12:45:57','2019-03-11 12:45:57',NULL),(158,83,72,'감자칩+따뜻한 커피 세트',1500,'N','2019-03-11 12:45:57','2019-03-11 12:45:57',NULL),(159,84,73,'감자칩+콜라 세트',1500,'N','2019-03-11 12:48:13','2019-03-11 12:48:13',NULL),(160,84,73,'감자칩+아이스 커피 세트',1500,'N','2019-03-11 12:48:13','2019-03-11 12:48:13',NULL),(161,84,73,'감자칩+따뜻한 커피 세트',1500,'N','2019-03-11 12:48:13','2019-03-11 12:48:13',NULL),(162,85,74,'감자칩+콜라 세트',1500,'N','2019-03-11 12:51:09','2019-03-11 12:51:09',NULL),(163,85,74,'감자칩+아이스 커피 세트',1500,'N','2019-03-11 12:51:09','2019-03-11 12:51:09',NULL),(164,85,74,'감자칩+따뜻한 커피 세트',1500,'N','2019-03-11 12:51:09','2019-03-11 12:51:09',NULL),(165,86,75,'감자칩+콜라 세트',1500,'N','2019-03-11 12:55:32','2019-03-11 12:55:32',NULL),(166,86,75,'감자칩+아이스 커피 세트',1500,'N','2019-03-11 12:55:32','2019-03-11 12:55:32',NULL),(167,86,75,'감자칩+따뜻한 커피 세트',1500,'N','2019-03-11 12:55:32','2019-03-11 12:55:32',NULL),(168,86,76,'캐찹많이',300,'N','2019-03-11 12:55:32','2019-03-11 12:55:32',NULL),(169,86,76,'치즈추가',500,'N','2019-03-11 12:55:32','2019-03-11 12:55:32',NULL),(170,86,76,'에그추가',500,'N','2019-03-11 12:55:32','2019-03-11 12:55:32',NULL),(171,87,77,'옵션다중',100,'N','2019-03-12 00:08:02','2019-03-12 00:08:02',NULL),(173,87,78,'옵션단일',100,'N','2019-03-12 00:08:02','2019-03-12 00:08:02',NULL),(174,87,101,'ㅇㄹㄴㄹㅇㄴㄹ',1000,'N','2019-03-12 02:14:50','2019-03-12 02:14:50',NULL),(175,87,101,'ㅇㄴㄹㅇㄹㄴㅇ',10000,'N','2019-03-12 02:14:50','2019-03-12 02:14:50',NULL),(176,88,103,'돼지패티',1000,'N','2019-03-12 02:19:56','2019-03-12 02:19:56',NULL),(177,88,103,'소패티',1500,'N','2019-03-12 02:19:56','2019-03-12 02:19:56',NULL),(178,88,104,'어니언링',1500,'N','2019-03-12 02:19:57','2019-03-12 02:19:57',NULL),(179,88,104,'프렌치프라이',1000,'N','2019-03-12 02:19:57','2019-03-12 02:19:57',NULL),(180,87,105,'sdfssfd',1000,'N','2019-03-12 02:36:15','2019-03-12 02:36:15',NULL),(181,87,105,'dfdfsdfds',10000,'N','2019-03-12 02:36:15','2019-03-12 02:36:15',NULL),(182,87,107,'dfsfsfs',1000,'N','2019-03-12 02:37:44','2019-03-12 02:37:44',NULL),(183,87,107,'fdsfsdf',1000,'N','2019-03-12 02:37:44','2019-03-12 02:37:44',NULL),(184,87,108,'sdfsdfs1',100,'N','2019-03-12 02:39:53','2019-03-12 02:39:53',NULL),(185,87,108,'dfsfsf',1000,'N','2019-03-12 02:39:53','2019-03-12 02:39:53',NULL),(186,87,109,'fgdfdgdf',1000,'N','2019-03-12 02:42:15','2019-03-12 02:42:15',NULL),(187,87,109,'dfsfsf',10000,'N','2019-03-12 02:43:29','2019-03-12 02:43:29',NULL),(188,87,110,'dfsfsddddd',1000,'N','2019-03-12 02:43:29','2019-03-12 02:43:29',NULL),(189,87,111,'dfsds',1000,'N','2019-03-12 02:43:30','2019-03-12 02:43:30',NULL),(190,87,111,'dfsfdsf',1000,'N','2019-03-12 02:43:30','2019-03-12 02:43:30',NULL),(191,89,112,'ㅇㄹㄹㄴㄹ',10000,'N','2019-03-12 02:48:18','2019-03-12 02:48:18',NULL),(192,89,113,'ㄴㅇㄹㄴㄹㄴ',1000,'N','2019-03-12 02:48:18','2019-03-12 02:48:18',NULL),(193,89,113,'ㅇㅇㅇㅇ',1000,'N','2019-03-12 02:48:18','2019-03-12 02:48:18',NULL),(194,89,114,'ㅇㅇㅇㅇ',1000,'N','2019-03-12 02:48:45','2019-03-12 02:48:45',NULL),(195,89,114,'ㄴㄴㄴㄴ',1000,'N','2019-03-12 02:48:45','2019-03-12 02:48:45',NULL),(196,90,115,'머스타',500,'N','2019-03-12 05:04:21','2019-03-12 05:04:21',NULL),(197,90,115,'캐첩',500,'N','2019-03-12 05:04:21','2019-03-12 05:04:21',NULL),(198,90,116,'치즈추가',500,'N','2019-03-12 05:04:21','2019-03-12 05:04:21',NULL),(199,90,116,'모차랠라',1000,'N','2019-03-12 05:04:21','2019-03-12 05:04:21',NULL),(200,104,117,'고추가루',300,'N','2019-03-14 12:39:38','2019-03-14 12:51:24',NULL),(201,104,117,'치즈',200,'N','2019-03-14 12:39:38','2019-03-14 12:51:24',NULL),(202,91,118,'그란데',500,'N','2019-03-15 00:19:12','2019-03-15 00:19:12',NULL),(203,91,118,'벤티',1000,'N','2019-03-15 00:19:12','2019-03-15 00:19:12',NULL),(204,91,119,'달게',120,'N','2019-03-15 00:19:13','2019-03-15 00:19:13',NULL),(205,91,119,'짜게',150,'N','2019-03-15 00:19:13','2019-03-15 00:19:13',NULL),(206,91,119,'달고짜게',300,'N','2019-03-15 00:19:13','2019-03-15 00:19:13',NULL),(207,92,120,'양파추가',0,'N','2019-03-15 00:19:48','2019-03-15 00:28:56',NULL),(208,92,120,'버섯추가',0,'N','2019-03-15 00:19:48','2019-03-15 00:28:56',NULL),(209,92,120,'면추가',0,'N','2019-03-15 00:28:31','2019-03-15 00:28:56',NULL),(210,108,121,'치즈',500,'N','2019-04-02 04:03:35','2019-04-02 04:03:35',NULL),(211,108,121,'후라이',1000,'N','2019-04-02 04:03:35','2019-04-02 04:03:35',NULL),(212,109,122,'옵션1',100,'N','2019-04-03 08:00:07','2019-04-03 08:00:07',NULL),(213,115,123,'회사 짜장면',0,'N','2019-10-11 09:55:18','2019-10-11 09:55:18',NULL),(214,115,123,'회사 짬뽕',0,'N','2019-10-11 09:55:18','2019-10-11 09:55:18',NULL),(215,115,123,'회사 볶음밥',0,'N','2019-10-11 09:55:18','2019-10-11 09:55:18',NULL),(216,115,123,'회사 짬뽕밥',0,'N','2019-10-11 09:55:18','2019-10-11 09:55:18',NULL),(217,115,123,'회사 우동',0,'N','2019-10-11 09:55:18','2019-10-11 09:55:18',NULL),(218,115,123,'회사 물냉면',0,'N','2019-10-11 09:55:18','2019-10-11 09:55:18',NULL),(219,115,123,'회사 비빔냉면',0,'N','2019-10-11 09:55:18','2019-10-11 09:55:18',NULL),(220,115,123,'회사 콩국수',0,'N','2019-10-11 09:55:18','2019-10-11 09:55:18',NULL),(221,115,123,'회사 라면',0,'N','2019-10-11 09:55:18','2019-10-11 09:55:18',NULL),(222,115,123,'회사 짜장면 곱베기',0,'N','2019-10-11 09:55:18','2019-10-11 09:55:18',NULL),(223,115,123,'회사 짬뽕 곱베기',0,'N','2019-10-11 09:55:18','2019-10-11 09:55:18',NULL),(224,115,123,'회사 볶음밥 곱베기',0,'N','2019-10-11 09:55:18','2019-10-11 09:55:18',NULL),(225,115,123,'회사 짬뽕밥 곱베기',0,'N','2019-10-11 09:55:18','2019-10-11 09:55:18',NULL),(226,115,123,'회사 우동 곱베기',0,'N','2019-10-11 09:55:18','2019-10-11 09:55:18',NULL),(227,115,123,'회사 물냉면 곱베기',0,'N','2019-10-11 09:55:18','2019-10-11 09:55:18',NULL),(228,115,123,'회사 비빔냉면 곱베기',0,'N','2019-10-11 09:55:18','2019-10-11 09:55:18',NULL),(229,115,123,'회사 콩국수 곱베기',0,'N','2019-10-11 09:55:18','2019-10-11 09:55:18',NULL),(230,115,123,'회사 라면 곱베기',0,'N','2019-10-11 09:55:18','2019-10-11 09:55:18',NULL),(231,116,124,'회사 라면 곱베기',0,'N','2019-10-11 09:55:18','2019-10-11 09:55:18','2019-10-11 22:34:37'),(232,116,124,'회사 콩국수 곱베기',0,'Y','2019-10-11 09:55:18','2019-10-11 09:55:18','2019-10-11 22:34:38'),(233,116,124,'회사 짜장면',0,'Y','2019-10-11 09:55:18','2019-10-11 09:55:18',NULL),(234,116,124,'회사 짬뽕',0,'Y','2019-10-11 09:55:18','2019-10-11 09:55:18',NULL),(235,116,124,'회사 볶음밥',0,'Y','2019-10-11 09:55:18','2019-10-11 09:55:18',NULL),(236,116,124,'회사 짬뽕밥',0,'Y','2019-10-11 09:55:18','2019-10-11 09:55:18',NULL),(237,116,124,'회사 우동',0,'Y','2019-10-11 09:55:18','2019-10-11 09:55:18',NULL),(238,116,124,'회사 물냉면',0,'Y','2019-10-11 09:55:18','2019-10-11 09:55:18',NULL),(239,116,124,'회사 비빔냉면',0,'Y','2019-10-11 09:55:18','2019-10-11 09:55:18',NULL),(240,116,124,'회사 콩국수',0,'Y','2019-10-11 09:55:18','2019-10-11 09:55:18',NULL),(241,116,124,'회사 라면',0,'Y','2019-10-11 09:55:18','2019-10-11 09:55:18',NULL),(242,116,124,'회사 짜장면 곱배기',0,'Y','2019-10-11 09:55:18','2019-10-11 09:55:18',NULL),(243,116,124,'회사 짬뽕 곱배기',0,'Y','2019-10-11 09:55:18','2019-10-11 09:55:18',NULL),(244,116,124,'회사 볶음밥 곱배기',0,'Y','2019-10-11 09:55:18','2019-10-11 09:55:18',NULL),(245,116,124,'회사 짬뽕밥  곱배기',0,'Y','2019-10-11 09:55:18','2019-10-11 09:55:18',NULL),(246,116,124,'회사 우동 곱배기',0,'Y','2019-10-11 09:55:18','2019-10-11 09:55:18',NULL),(247,116,124,'회사 물냉면 곱배기',0,'Y','2019-10-11 09:55:18','2019-10-11 09:55:18',NULL),(248,116,124,'회사 비빔냉면 곱배기',0,'Y','2019-10-11 09:55:18','2019-10-11 09:55:18',NULL),(249,116,124,'회사 콩국수 곱배기',0,'Y','2019-10-11 09:55:18','2019-10-11 09:55:18',NULL),(250,116,124,'회사 라면 곱배기',0,'Y','2019-10-11 09:55:18','2019-10-11 09:55:18',NULL),(251,117,125,'회사 짜장면',0,'Y','2019-10-11 09:55:18','2019-10-11 09:55:18',NULL),(252,117,125,'회사 짬뽕',0,'Y','2019-10-11 09:55:18','2019-10-11 09:55:18',NULL),(253,117,125,'회사 볶음밥',0,'Y','2019-10-11 09:55:18','2019-10-11 09:55:18',NULL),(254,117,125,'회사 짬뽕밥',0,'Y','2019-10-11 09:55:18','2019-10-11 09:55:18',NULL),(255,117,125,'회사 우동',0,'Y','2019-10-11 09:55:18','2019-10-11 09:55:18',NULL),(256,117,125,'회사 물냉면',0,'Y','2019-10-11 09:55:18','2019-10-11 09:55:18',NULL),(257,117,125,'회사 비빔냉면',0,'Y','2019-10-11 09:55:18','2019-10-11 09:55:18',NULL),(258,117,125,'회사 콩국수',0,'Y','2019-10-11 09:55:18','2019-10-11 09:55:18',NULL),(259,117,125,'회사 라면',0,'Y','2019-10-11 09:55:18','2019-10-11 09:55:18',NULL),(260,117,125,'회사 짜장면 곱배기',0,'Y','2019-10-11 09:55:18','2019-10-11 09:55:18',NULL),(261,117,125,'회사 짬뽕 곱배기',0,'Y','2019-10-11 09:55:18','2019-10-11 09:55:18',NULL),(262,117,125,'회사 볶음밥 곱배기',0,'Y','2019-10-11 09:55:18','2019-10-11 09:55:18',NULL),(263,117,125,'회사 짬뽕밥  곱배기',0,'Y','2019-10-11 09:55:18','2019-10-11 09:55:18',NULL),(264,117,125,'회사 우동 곱배기',0,'Y','2019-10-11 09:55:18','2019-10-11 09:55:18',NULL),(265,117,125,'회사 물냉면 곱배기',0,'Y','2019-10-11 09:55:18','2019-10-11 09:55:18',NULL),(266,117,125,'회사 비빔냉면 곱배기',0,'Y','2019-10-11 09:55:18','2019-10-11 09:55:18',NULL),(267,117,125,'회사 콩국수 곱배기',0,'Y','2019-10-11 09:55:18','2019-10-11 09:55:18',NULL),(268,117,125,'회사 라면 곱배기',0,'Y','2019-10-11 09:55:18','2019-10-11 09:55:18',NULL),(269,118,126,'회사 짜장면',0,'Y','2019-10-11 09:55:18','2019-10-11 09:55:18',NULL),(270,118,126,'회사 짬뽕',0,'Y','2019-10-11 09:55:18','2019-10-11 09:55:18',NULL),(271,118,126,'회사 볶음밥',0,'Y','2019-10-11 09:55:18','2019-10-11 09:55:18',NULL),(272,118,126,'회사 짬뽕밥',0,'Y','2019-10-11 09:55:18','2019-10-11 09:55:18',NULL),(273,118,126,'회사 우동',0,'Y','2019-10-11 09:55:18','2019-10-11 09:55:18',NULL),(274,118,126,'회사 물냉면',0,'Y','2019-10-11 09:55:18','2019-10-11 09:55:18',NULL),(275,118,126,'회사 비빔냉면',0,'Y','2019-10-11 09:55:18','2019-10-11 09:55:18',NULL),(276,118,126,'회사 콩국수',0,'Y','2019-10-11 09:55:18','2019-10-11 09:55:18',NULL),(277,118,126,'회사 라면',0,'Y','2019-10-11 09:55:18','2019-10-11 09:55:18',NULL),(278,118,126,'회사 짜장면 곱배기',0,'Y','2019-10-11 09:55:18','2019-10-11 09:55:18',NULL),(279,118,126,'회사 짬뽕 곱배기',0,'Y','2019-10-11 09:55:18','2019-10-11 09:55:18',NULL),(280,118,126,'회사 볶음밥 곱배기',0,'Y','2019-10-11 09:55:18','2019-10-11 09:55:18',NULL),(281,118,126,'회사 짬뽕밥  곱배기',0,'Y','2019-10-11 09:55:18','2019-10-11 09:55:18',NULL),(282,118,126,'회사 우동 곱배기',0,'Y','2019-10-11 09:55:18','2019-10-11 09:55:18',NULL),(283,118,126,'회사 물냉면 곱배기',0,'Y','2019-10-11 09:55:18','2019-10-11 09:55:18',NULL),(284,118,126,'회사 비빔냉면 곱배기',0,'Y','2019-10-11 09:55:18','2019-10-11 09:55:18',NULL),(285,118,126,'회사 콩국수 곱배기',0,'Y','2019-10-11 09:55:18','2019-10-11 09:55:18',NULL),(286,118,126,'회사 라면 곱배기',0,'Y','2019-10-11 09:55:18','2019-10-11 09:55:18',NULL),(287,119,127,'회사 짜장면',0,'Y','2019-10-11 09:55:18','2019-10-11 09:55:18',NULL),(288,119,127,'회사 짬뽕',0,'Y','2019-10-11 09:55:18','2019-10-11 09:55:18',NULL),(289,119,127,'회사 볶음밥',0,'Y','2019-10-11 09:55:18','2019-10-11 09:55:18',NULL),(290,119,127,'회사 짬뽕밥',0,'Y','2019-10-11 09:55:18','2019-10-11 09:55:18',NULL),(291,119,127,'회사 우동',0,'Y','2019-10-11 09:55:18','2019-10-11 09:55:18',NULL),(292,119,127,'회사 물냉면',0,'Y','2019-10-11 09:55:18','2019-10-11 09:55:18',NULL),(293,119,127,'회사 비빔냉면',0,'Y','2019-10-11 09:55:18','2019-10-11 09:55:18',NULL),(294,119,127,'회사 콩국수',0,'Y','2019-10-11 09:55:18','2019-10-11 09:55:18',NULL),(295,119,127,'회사 라면',0,'Y','2019-10-11 09:55:18','2019-10-11 09:55:18',NULL),(296,119,127,'회사 짜장면 곱배기',0,'Y','2019-10-11 09:55:18','2019-10-11 09:55:18',NULL),(297,119,127,'회사 짬뽕 곱배기',0,'Y','2019-10-11 09:55:18','2019-10-11 09:55:18',NULL),(298,119,127,'회사 볶음밥 곱배기',0,'Y','2019-10-11 09:55:18','2019-10-11 09:55:18',NULL),(299,119,127,'회사 짬뽕밥  곱배기',0,'Y','2019-10-11 09:55:18','2019-10-11 09:55:18',NULL),(300,119,127,'회사 우동 곱배기',0,'Y','2019-10-11 09:55:18','2019-10-11 09:55:18',NULL),(301,119,127,'회사 물냉면 곱배기',0,'Y','2019-10-11 09:55:18','2019-10-11 09:55:18',NULL),(302,119,127,'회사 비빔냉면 곱배기',0,'Y','2019-10-11 09:55:18','2019-10-11 09:55:18',NULL),(303,119,127,'회사 콩국수 곱배기',0,'Y','2019-10-11 09:55:18','2019-10-11 09:55:18',NULL),(304,119,127,'회사 라면 곱배기',0,'Y','2019-10-11 09:55:18','2019-10-11 09:55:18',NULL),(305,120,128,'회사 짜장면',0,'Y','2019-10-11 09:55:18','2019-10-11 09:55:18',NULL),(306,120,128,'회사 짬뽕',0,'Y','2019-10-11 09:55:18','2019-10-11 09:55:18',NULL),(307,120,128,'회사 볶음밥',0,'Y','2019-10-11 09:55:18','2019-10-11 09:55:18',NULL),(308,120,128,'회사 짬뽕밥',0,'Y','2019-10-11 09:55:18','2019-10-11 09:55:18',NULL),(309,120,128,'회사 우동',0,'Y','2019-10-11 09:55:18','2019-10-11 09:55:18',NULL),(310,120,128,'회사 물냉면',0,'Y','2019-10-11 09:55:18','2019-10-11 09:55:18',NULL),(311,120,128,'회사 비빔냉면',0,'Y','2019-10-11 09:55:18','2019-10-11 09:55:18',NULL),(312,120,128,'회사 콩국수',0,'Y','2019-10-11 09:55:18','2019-10-11 09:55:18',NULL),(313,120,128,'회사 라면',0,'Y','2019-10-11 09:55:18','2019-10-11 09:55:18',NULL),(314,120,128,'회사 짜장면 곱배기',0,'Y','2019-10-11 09:55:18','2019-10-11 09:55:18',NULL),(315,120,128,'회사 짬뽕 곱배기',0,'Y','2019-10-11 09:55:18','2019-10-11 09:55:18',NULL),(316,120,128,'회사 볶음밥 곱배기',0,'Y','2019-10-11 09:55:18','2019-10-11 09:55:18',NULL),(317,120,128,'회사 짬뽕밥  곱배기',0,'Y','2019-10-11 09:55:18','2019-10-11 09:55:18',NULL),(318,120,128,'회사 우동 곱배기',0,'Y','2019-10-11 09:55:18','2019-10-11 09:55:18',NULL),(319,120,128,'회사 물냉면 곱배기',0,'Y','2019-10-11 09:55:18','2019-10-11 09:55:18',NULL),(320,120,128,'회사 비빔냉면 곱배기',0,'Y','2019-10-11 09:55:18','2019-10-11 09:55:18',NULL),(321,120,128,'회사 콩국수 곱배기',0,'Y','2019-10-11 09:55:18','2019-10-11 09:55:18',NULL),(322,120,128,'회사 라면 곱배기',0,'Y','2019-10-11 09:55:18','2019-10-11 09:55:18',NULL),(323,121,129,'회사 짜장면',0,'Y','2019-10-11 09:55:18','2019-10-11 09:55:18',NULL),(324,121,129,'회사 짬뽕',0,'Y','2019-10-11 09:55:18','2019-10-11 09:55:18',NULL),(325,121,129,'회사 볶음밥',0,'Y','2019-10-11 09:55:18','2019-10-11 09:55:18',NULL),(326,121,129,'회사 짬뽕밥',0,'Y','2019-10-11 09:55:18','2019-10-11 09:55:18',NULL),(327,121,129,'회사 우동',0,'Y','2019-10-11 09:55:18','2019-10-11 09:55:18',NULL),(328,121,129,'회사 물냉면',0,'Y','2019-10-11 09:55:18','2019-10-11 09:55:18',NULL),(329,121,129,'회사 비빔냉면',0,'Y','2019-10-11 09:55:18','2019-10-11 09:55:18',NULL),(330,121,129,'회사 콩국수',0,'Y','2019-10-11 09:55:18','2019-10-11 09:55:18',NULL),(331,121,129,'회사 라면',0,'Y','2019-10-11 09:55:18','2019-10-11 09:55:18',NULL),(332,121,129,'회사 짜장면 곱배기',0,'Y','2019-10-11 09:55:18','2019-10-11 09:55:18',NULL),(333,121,129,'회사 짬뽕 곱배기',0,'Y','2019-10-11 09:55:18','2019-10-11 09:55:18',NULL),(334,121,129,'회사 볶음밥 곱배기',0,'Y','2019-10-11 09:55:18','2019-10-11 09:55:18',NULL),(335,121,129,'회사 짬뽕밥  곱배기',0,'Y','2019-10-11 09:55:18','2019-10-11 09:55:18',NULL),(336,121,129,'회사 우동 곱배기',0,'Y','2019-10-11 09:55:18','2019-10-11 09:55:18',NULL),(337,121,129,'회사 물냉면 곱배기',0,'Y','2019-10-11 09:55:18','2019-10-11 09:55:18',NULL),(338,121,129,'회사 비빔냉면 곱배기',0,'Y','2019-10-11 09:55:18','2019-10-11 09:55:18',NULL),(339,121,129,'회사 콩국수 곱배기',0,'Y','2019-10-11 09:55:18','2019-10-11 09:55:18',NULL),(340,121,129,'회사 라면 곱배기',0,'Y','2019-10-11 09:55:18','2019-10-11 09:55:18',NULL),(341,122,130,'회사 짜장면',0,'Y','2019-10-11 09:55:18','2019-10-11 09:55:18',NULL),(342,122,130,'회사 짬뽕',0,'Y','2019-10-11 09:55:18','2019-10-11 09:55:18',NULL),(343,122,130,'회사 볶음밥',0,'Y','2019-10-11 09:55:18','2019-10-11 09:55:18',NULL),(344,122,130,'회사 짬뽕밥',0,'Y','2019-10-11 09:55:18','2019-10-11 09:55:18',NULL),(345,122,130,'회사 우동',0,'Y','2019-10-11 09:55:18','2019-10-11 09:55:18',NULL),(346,122,130,'회사 물냉면',0,'Y','2019-10-11 09:55:18','2019-10-11 09:55:18',NULL),(347,122,130,'회사 비빔냉면',0,'Y','2019-10-11 09:55:18','2019-10-11 09:55:18',NULL),(348,122,130,'회사 콩국수',0,'Y','2019-10-11 09:55:18','2019-10-11 09:55:18',NULL),(349,122,130,'회사 라면',0,'Y','2019-10-11 09:55:18','2019-10-11 09:55:18',NULL),(350,122,130,'회사 짜장면 곱배기',0,'Y','2019-10-11 09:55:18','2019-10-11 09:55:18',NULL),(351,122,130,'회사 짬뽕 곱배기',0,'Y','2019-10-11 09:55:18','2019-10-11 09:55:18',NULL),(352,122,130,'회사 볶음밥 곱배기',0,'Y','2019-10-11 09:55:18','2019-10-11 09:55:18',NULL),(353,122,130,'회사 짬뽕밥  곱배기',0,'Y','2019-10-11 09:55:18','2019-10-11 09:55:18',NULL),(354,122,130,'회사 우동 곱배기',0,'Y','2019-10-11 09:55:18','2019-10-11 09:55:18',NULL),(355,122,130,'회사 물냉면 곱배기',0,'Y','2019-10-11 09:55:18','2019-10-11 09:55:18',NULL),(356,122,130,'회사 비빔냉면 곱배기',0,'Y','2019-10-11 09:55:18','2019-10-11 09:55:18',NULL),(357,122,130,'회사 콩국수 곱배기',0,'Y','2019-10-11 09:55:18','2019-10-11 09:55:18',NULL),(358,122,130,'회사 라면 곱배기',0,'Y','2019-10-11 09:55:18','2019-10-11 09:55:18',NULL),(359,123,131,'회사 짜장면',0,'Y','2019-10-11 09:55:18','2019-10-11 09:55:18',NULL),(360,123,131,'회사 짬뽕',0,'Y','2019-10-11 09:55:18','2019-10-11 09:55:18',NULL),(361,123,131,'회사 볶음밥',0,'Y','2019-10-11 09:55:18','2019-10-11 09:55:18',NULL),(362,123,131,'회사 짬뽕밥',0,'Y','2019-10-11 09:55:18','2019-10-11 09:55:18',NULL),(363,123,131,'회사 우동',0,'Y','2019-10-11 09:55:18','2019-10-11 09:55:18',NULL),(364,123,131,'회사 물냉면',0,'Y','2019-10-11 09:55:18','2019-10-11 09:55:18',NULL),(365,123,131,'회사 비빔냉면',0,'Y','2019-10-11 09:55:18','2019-10-11 09:55:18',NULL),(366,123,131,'회사 콩국수',0,'Y','2019-10-11 09:55:18','2019-10-11 09:55:18',NULL),(367,123,131,'회사 라면',0,'Y','2019-10-11 09:55:18','2019-10-11 09:55:18',NULL),(368,123,131,'회사 짜장면 곱배기',0,'Y','2019-10-11 09:55:18','2019-10-11 09:55:18',NULL),(369,123,131,'회사 짬뽕 곱배기',0,'Y','2019-10-11 09:55:18','2019-10-11 09:55:18',NULL),(370,123,131,'회사 볶음밥 곱배기',0,'Y','2019-10-11 09:55:18','2019-10-11 09:55:18',NULL),(371,123,131,'회사 짬뽕밥  곱배기',0,'Y','2019-10-11 09:55:18','2019-10-11 09:55:18',NULL),(372,123,131,'회사 우동 곱배기',0,'Y','2019-10-11 09:55:18','2019-10-11 09:55:18',NULL),(373,123,131,'회사 물냉면 곱배기',0,'Y','2019-10-11 09:55:18','2019-10-11 09:55:18',NULL),(374,123,131,'회사 비빔냉면 곱배기',0,'Y','2019-10-11 09:55:18','2019-10-11 09:55:18',NULL),(375,123,131,'회사 콩국수 곱배기',0,'Y','2019-10-11 09:55:18','2019-10-11 09:55:18',NULL),(376,123,131,'회사 라면 곱배기',0,'Y','2019-10-11 09:55:18','2019-10-11 09:55:18',NULL),(377,124,132,'회사 짜장면',0,'Y','2019-10-11 09:55:18','2019-10-11 09:55:18',NULL),(378,124,132,'회사 짬뽕',0,'Y','2019-10-11 09:55:18','2019-10-11 09:55:18',NULL),(379,124,132,'회사 볶음밥',0,'Y','2019-10-11 09:55:18','2019-10-11 09:55:18',NULL),(380,124,132,'회사 짬뽕밥',0,'Y','2019-10-11 09:55:18','2019-10-11 09:55:18',NULL),(381,124,132,'회사 우동',0,'Y','2019-10-11 09:55:18','2019-10-11 09:55:18',NULL),(382,124,132,'회사 물냉면',0,'Y','2019-10-11 09:55:18','2019-10-11 09:55:18',NULL),(383,124,132,'회사 비빔냉면',0,'Y','2019-10-11 09:55:18','2019-10-11 09:55:18',NULL),(384,124,132,'회사 콩국수',0,'Y','2019-10-11 09:55:18','2019-10-11 09:55:18',NULL),(385,124,132,'회사 라면',0,'Y','2019-10-11 09:55:18','2019-10-11 09:55:18',NULL),(386,124,132,'회사 짜장면 곱배기',0,'Y','2019-10-11 09:55:18','2019-10-11 09:55:18',NULL),(387,124,132,'회사 짬뽕 곱배기',0,'Y','2019-10-11 09:55:18','2019-10-11 09:55:18',NULL),(388,124,132,'회사 볶음밥 곱배기',0,'Y','2019-10-11 09:55:18','2019-10-11 09:55:18',NULL),(389,124,132,'회사 짬뽕밥  곱배기',0,'Y','2019-10-11 09:55:18','2019-10-11 09:55:18',NULL),(390,124,132,'회사 우동 곱배기',0,'Y','2019-10-11 09:55:18','2019-10-11 09:55:18',NULL),(391,124,132,'회사 물냉면 곱배기',0,'Y','2019-10-11 09:55:18','2019-10-11 09:55:18',NULL),(392,124,132,'회사 비빔냉면 곱배기',0,'Y','2019-10-11 09:55:18','2019-10-11 09:55:18',NULL),(393,124,132,'회사 콩국수 곱배기',0,'Y','2019-10-11 09:55:18','2019-10-11 09:55:18',NULL),(394,124,132,'회사 라면 곱배기',0,'Y','2019-10-11 09:55:18','2019-10-11 09:55:18',NULL),(395,125,133,'회사 짜장면',0,'Y','2019-10-11 09:55:18','2019-10-11 09:55:18',NULL),(396,125,133,'회사 짬뽕',0,'Y','2019-10-11 09:55:18','2019-10-11 09:55:18',NULL),(397,125,133,'회사 볶음밥',0,'Y','2019-10-11 09:55:18','2019-10-11 09:55:18',NULL),(398,125,133,'회사 짬뽕밥',0,'Y','2019-10-11 09:55:18','2019-10-11 09:55:18',NULL),(399,125,133,'회사 우동',0,'Y','2019-10-11 09:55:18','2019-10-11 09:55:18',NULL),(400,125,133,'회사 물냉면',0,'Y','2019-10-11 09:55:18','2019-10-11 09:55:18',NULL),(401,125,133,'회사 비빔냉면',0,'Y','2019-10-11 09:55:18','2019-10-11 09:55:18',NULL),(402,125,133,'회사 콩국수',0,'Y','2019-10-11 09:55:18','2019-10-11 09:55:18',NULL),(403,125,133,'회사 라면',0,'Y','2019-10-11 09:55:18','2019-10-11 09:55:18',NULL),(404,125,133,'회사 짜장면 곱배기',0,'Y','2019-10-11 09:55:18','2019-10-11 09:55:18',NULL),(405,125,133,'회사 짬뽕 곱배기',0,'Y','2019-10-11 09:55:18','2019-10-11 09:55:18',NULL),(406,125,133,'회사 볶음밥 곱배기',0,'Y','2019-10-11 09:55:18','2019-10-11 09:55:18',NULL),(407,125,133,'회사 짬뽕밥  곱배기',0,'Y','2019-10-11 09:55:18','2019-10-11 09:55:18',NULL),(408,125,133,'회사 우동 곱배기',0,'Y','2019-10-11 09:55:18','2019-10-11 09:55:18',NULL),(409,125,133,'회사 물냉면 곱배기',0,'Y','2019-10-11 09:55:18','2019-10-11 09:55:18',NULL),(410,125,133,'회사 비빔냉면 곱배기',0,'Y','2019-10-11 09:55:18','2019-10-11 09:55:18',NULL),(411,125,133,'회사 콩국수 곱배기',0,'Y','2019-10-11 09:55:18','2019-10-11 09:55:18',NULL),(412,125,133,'회사 라면 곱배기',0,'Y','2019-10-11 09:55:18','2019-10-11 09:55:18',NULL),(413,126,134,'회사 짜장면',0,'Y','2019-10-11 09:55:18','2019-10-11 09:55:18',NULL),(414,126,134,'회사 짬뽕',0,'Y','2019-10-11 09:55:18','2019-10-11 09:55:18',NULL),(415,126,134,'회사 볶음밥',0,'Y','2019-10-11 09:55:18','2019-10-11 09:55:18',NULL),(416,126,134,'회사 짬뽕밥',0,'Y','2019-10-11 09:55:18','2019-10-11 09:55:18',NULL),(417,126,134,'회사 우동',0,'Y','2019-10-11 09:55:18','2019-10-11 09:55:18',NULL),(418,126,134,'회사 물냉면',0,'Y','2019-10-11 09:55:18','2019-10-11 09:55:18',NULL),(419,126,134,'회사 비빔냉면',0,'Y','2019-10-11 09:55:18','2019-10-11 09:55:18',NULL),(420,126,134,'회사 콩국수',0,'Y','2019-10-11 09:55:18','2019-10-11 09:55:18',NULL),(421,126,134,'회사 라면',0,'Y','2019-10-11 09:55:18','2019-10-11 09:55:18',NULL),(422,126,134,'회사 짜장면 곱배기',0,'Y','2019-10-11 09:55:18','2019-10-11 09:55:18',NULL),(423,126,134,'회사 짬뽕 곱배기',0,'Y','2019-10-11 09:55:18','2019-10-11 09:55:18',NULL),(424,126,134,'회사 볶음밥 곱배기',0,'Y','2019-10-11 09:55:18','2019-10-11 09:55:18',NULL),(425,126,134,'회사 짬뽕밥  곱배기',0,'Y','2019-10-11 09:55:18','2019-10-11 09:55:18',NULL),(426,126,134,'회사 우동 곱배기',0,'Y','2019-10-11 09:55:18','2019-10-11 09:55:18',NULL),(427,126,134,'회사 물냉면 곱배기',0,'Y','2019-10-11 09:55:18','2019-10-11 09:55:18',NULL),(428,126,134,'회사 비빔냉면 곱배기',0,'Y','2019-10-11 09:55:18','2019-10-11 09:55:18',NULL),(429,126,134,'회사 콩국수 곱배기',0,'Y','2019-10-11 09:55:18','2019-10-11 09:55:18',NULL),(430,126,134,'회사 라면 곱배기',0,'Y','2019-10-11 09:55:18','2019-10-11 09:55:18',NULL);
/*!40000 ALTER TABLE `store_menu_option` ENABLE KEYS */;
UNLOCK TABLES;

--
-- Table structure for table `store_menu_option_set`
--

DROP TABLE IF EXISTS `store_menu_option_set`;
/*!40101 SET @saved_cs_client     = @@character_set_client */;
/*!40101 SET character_set_client = utf8 */;
CREATE TABLE `store_menu_option_set` (
  `id` int(11) NOT NULL AUTO_INCREMENT,
  `store_menu_id` int(11) DEFAULT NULL,
  `type` enum('single','multi') DEFAULT NULL COMMENT '옵션형태 - single: 단일, multi: 다중선택',
  `name` varchar(50) DEFAULT NULL COMMENT '옵션명',
  `sort` int(11) DEFAULT NULL,
  `created_at` datetime DEFAULT NULL,
  `updated_at` datetime DEFAULT NULL,
  `deleted_at` datetime DEFAULT NULL,
  PRIMARY KEY (`id`)
) ENGINE=InnoDB AUTO_INCREMENT=135 DEFAULT CHARSET=utf8mb4 COMMENT='옵션 설정 리스트';
/*!40101 SET character_set_client = @saved_cs_client */;

--
-- Dumping data for table `store_menu_option_set`
--

LOCK TABLES `store_menu_option_set` WRITE;
/*!40000 ALTER TABLE `store_menu_option_set` DISABLE KEYS */;
INSERT INTO `store_menu_option_set` VALUES (49,55,'single','사이즈',1,'2019-01-31 05:12:18','2019-01-31 05:12:18',NULL),(50,55,'multi','토핑추가',2,'2019-01-31 05:12:18','2019-01-31 05:12:18',NULL),(51,56,'single','사이즈',2,'2019-01-31 05:12:45','2019-02-14 02:37:00',NULL),(54,58,'single','사이즈',1,'2019-01-31 05:44:44','2019-01-31 05:44:44',NULL),(60,57,'single','과자',1,'2019-02-08 08:14:32','2019-02-11 00:58:19',NULL),(62,57,'multi','토핑',2,'2019-02-11 05:54:38','2019-02-11 05:54:38',NULL),(63,57,'single','포장',3,'2019-02-11 05:54:38','2019-02-11 05:54:38',NULL),(64,56,'single','사이드',1,'2019-02-14 02:36:59','2019-02-14 02:36:59',NULL),(65,56,'single','그래도',3,'2019-02-18 04:54:44','2019-02-18 04:54:44',NULL),(66,73,'single','와사비',1,'2019-03-05 09:43:44','2019-03-05 09:43:44',NULL),(67,77,'multi','마늘',1,'2019-03-06 05:28:38','2019-03-06 05:28:38',NULL),(68,80,'single',NULL,1,'2019-03-11 05:07:26','2019-03-11 05:07:26',NULL),(69,81,'single','세트',1,'2019-03-11 11:53:57','2019-03-11 11:53:57',NULL),(70,81,'single','라지세트',2,'2019-03-11 11:56:40','2019-03-11 11:56:40',NULL),(71,82,'single','세트',1,'2019-03-11 12:45:56','2019-03-11 12:45:56',NULL),(72,83,'single','세트',1,'2019-03-11 12:45:57','2019-03-11 12:45:57',NULL),(73,84,'single','세트',1,'2019-03-11 12:48:13','2019-03-11 12:48:13',NULL),(74,85,'single','세트',1,'2019-03-11 12:51:09','2019-03-11 12:51:09',NULL),(75,86,'single','세트',1,'2019-03-11 12:55:32','2019-03-11 12:55:32',NULL),(76,86,'multi','부가서비스',2,'2019-03-11 12:55:32','2019-03-11 12:55:32',NULL),(104,88,'multi','옵션',1,'2019-03-12 02:19:56','2019-03-12 05:01:55',NULL),(109,87,'single',NULL,1,'2019-03-12 02:42:15','2019-03-12 02:42:15',NULL),(110,87,'single',NULL,2,'2019-03-12 02:43:29','2019-03-12 02:43:29',NULL),(111,87,'multi',NULL,3,'2019-03-12 02:43:29','2019-03-12 02:43:29',NULL),(113,89,'single',NULL,2,'2019-03-12 02:48:18','2019-03-12 02:48:18',NULL),(114,89,'single',NULL,1,'2019-03-12 02:48:45','2019-03-12 02:48:45',NULL),(116,90,'single','치츠',1,'2019-03-12 05:04:21','2019-03-12 05:10:38',NULL),(117,104,'multi','ㄹㄹ',1,'2019-03-14 12:39:38','2019-03-14 12:39:38',NULL),(118,91,'multi','사이즈',1,'2019-03-15 00:19:12','2019-03-15 00:19:12',NULL),(119,91,'single','맛',2,'2019-03-15 00:19:13','2019-03-15 00:19:13',NULL),(120,92,'single','추가옵션',1,'2019-03-15 00:19:48','2019-03-15 00:19:48',NULL),(121,108,'multi','추가',1,'2019-04-02 04:03:35','2019-04-02 04:09:15',NULL),(122,109,'multi',NULL,1,'2019-04-03 08:00:06','2019-04-03 08:00:06',NULL),(123,115,'multi','신대한정유',1,'2019-10-11 09:55:18','2019-10-11 09:55:18',NULL),(124,116,'multi','이노메트리',1,'2019-10-11 22:27:23','2019-10-11 22:27:24',NULL),(125,117,'multi','픽스턴',1,'2019-10-11 22:27:23','2019-10-11 22:27:24',NULL),(126,118,'multi','우성산업',1,'2019-10-11 22:27:23','2019-10-11 22:27:24',NULL),(127,119,'multi','신성정밀',1,'2019-10-11 22:27:23','2019-10-11 22:27:24',NULL),(128,120,'multi','씨엔에스티',1,'2019-10-11 22:27:23','2019-10-11 22:27:24',NULL),(129,121,'multi','태경정밀',1,'2019-10-11 22:27:23','2019-10-11 22:27:24',NULL),(130,122,'multi','가온브이시티',1,'2019-10-11 22:27:23','2019-10-11 22:27:24',NULL),(131,123,'multi','중부상사',1,'2019-10-11 22:27:23','2019-10-11 22:27:24',NULL),(132,124,'multi','천지정밀',1,'2019-10-11 22:27:23','2019-10-11 22:27:24',NULL),(133,125,'multi','디에이치솔루션',1,'2019-10-11 22:27:23','2019-10-11 22:27:24',NULL),(134,126,'multi','(주)로티',1,'2019-10-11 22:27:23','2019-10-11 22:27:24',NULL);
/*!40000 ALTER TABLE `store_menu_option_set` ENABLE KEYS */;
UNLOCK TABLES;

--
-- Table structure for table `store_menu_sample`
--

DROP TABLE IF EXISTS `store_menu_sample`;
/*!40101 SET @saved_cs_client     = @@character_set_client */;
/*!40101 SET character_set_client = utf8 */;
CREATE TABLE `store_menu_sample` (
  `id` int(11) NOT NULL AUTO_INCREMENT,
  `name` text DEFAULT NULL COMMENT '메뉴명',
  `path` text DEFAULT NULL,
  `type` int(11) DEFAULT NULL COMMENT '1.국 2.디저트3.면4.버거5.볶음6.샐러드, 식전요리7.술, 음료8.스테이크9.안주10.일식11.족발, 보쌈12.중화요리13.지개14.찜15.치킨16.커피17.탕류18.파스타19.피자20.회',
  `tag` text DEFAULT NULL COMMENT '태그',
  `created_at` datetime DEFAULT NULL,
  `updated_at` datetime DEFAULT NULL,
  `deleted_at` datetime DEFAULT NULL,
  PRIMARY KEY (`id`)
) ENGINE=InnoDB AUTO_INCREMENT=1319 DEFAULT CHARSET=utf8mb4;
/*!40101 SET character_set_client = @saved_cs_client */;

--
-- Dumping data for table `store_menu_sample`
--

LOCK TABLES `store_menu_sample` WRITE;
/*!40000 ALTER TABLE `store_menu_sample` DISABLE KEYS */;
INSERT INTO `store_menu_sample` VALUES (82,'이미지없음','/samples/no_image.jpg',0,NULL,'2018-10-31 17:48:46','2018-10-31 17:48:48',NULL),(83,'국1.jpg','/samples/%EA%B5%AD1.jpg',1,'콩나물','2018-06-21 15:15:19','2018-07-05 16:48:15',NULL),(84,'국10.jpg','/samples/%EA%B5%AD10.jpg',1,NULL,'2018-06-21 15:15:19','2018-07-05 16:48:15',NULL),(85,'국11.jpg','/samples/%EA%B5%AD11.jpg',1,NULL,'2018-06-21 15:15:19','2018-07-05 16:48:15',NULL),(86,'국12.jpg','/samples/%EA%B5%AD12.jpg',1,NULL,'2018-06-21 15:15:20','2018-07-05 16:48:15',NULL),(87,'국13.jpg','/samples/%EA%B5%AD13.jpg',1,NULL,'2018-06-21 15:15:20','2018-07-05 16:48:15',NULL),(88,'국14.jpg','/samples/%EA%B5%AD14.jpg',1,NULL,'2018-06-21 15:15:20','2018-07-05 16:48:15',NULL),(89,'국15.jpg','/samples/%EA%B5%AD15.jpg',1,NULL,'2018-06-21 15:15:20','2018-07-05 16:48:15',NULL),(90,'국16.jpg','/samples/%EA%B5%AD16.jpg',1,NULL,'2018-06-21 15:15:20','2018-07-05 16:48:15',NULL),(91,'국17.jpg','/samples/%EA%B5%AD17.jpg',1,NULL,'2018-06-21 15:15:20','2018-07-05 16:48:15',NULL),(92,'국18.jpg','/samples/%EA%B5%AD18.jpg',1,NULL,'2018-06-21 15:15:20','2018-07-05 16:48:15',NULL),(93,'국19.jpg','/samples/%EA%B5%AD19.jpg',1,NULL,'2018-06-21 15:15:20','2018-07-05 16:48:15',NULL),(94,'국2.jpg','/samples/%EA%B5%AD2.jpg',1,NULL,'2018-06-21 15:15:20','2018-07-05 16:48:15',NULL),(95,'국20.jpg','/samples/%EA%B5%AD20.jpg',1,NULL,'2018-06-21 15:15:20','2018-07-05 16:48:15',NULL),(96,'국21.jpg','/samples/%EA%B5%AD21.jpg',1,NULL,'2018-06-21 15:15:20','2018-07-05 16:48:15',NULL),(97,'국22.jpg','/samples/%EA%B5%AD22.jpg',1,NULL,'2018-06-21 15:15:21','2018-07-05 16:48:15',NULL),(98,'국23.jpg','/samples/%EA%B5%AD23.jpg',1,NULL,'2018-06-21 15:15:21','2018-07-05 16:48:15',NULL),(99,'국24.jpg','/samples/%EA%B5%AD24.jpg',1,NULL,'2018-06-21 15:15:21','2018-07-05 16:48:15',NULL),(100,'국25.jpg','/samples/%EA%B5%AD25.jpg',1,NULL,'2018-06-21 15:15:21','2018-07-05 16:48:15',NULL),(101,'국26.jpg','/samples/%EA%B5%AD26.jpg',1,NULL,'2018-06-21 15:15:21','2018-07-05 16:48:15',NULL),(102,'국27.jpg','/samples/%EA%B5%AD27.jpg',1,NULL,'2018-06-21 15:15:21','2018-07-05 16:48:15',NULL),(103,'국28.jpg','/samples/%EA%B5%AD28.jpg',1,NULL,'2018-06-21 15:15:21','2018-07-05 16:48:16',NULL),(104,'국29.jpg','/samples/%EA%B5%AD29.jpg',1,NULL,'2018-06-21 15:15:21','2018-07-05 16:48:16',NULL),(105,'국3.jpg','/samples/%EA%B5%AD3.jpg',1,NULL,'2018-06-21 15:15:21','2018-07-05 16:48:16',NULL),(106,'국30.jpg','/samples/%EA%B5%AD30.jpg',1,NULL,'2018-06-21 15:15:21','2018-07-05 16:48:16',NULL),(107,'국31.jpg','/samples/%EA%B5%AD31.jpg',1,NULL,'2018-06-21 15:15:21','2018-07-05 16:48:16',NULL),(108,'국32.jpg','/samples/%EA%B5%AD32.jpg',1,NULL,'2018-06-21 15:15:21','2018-07-05 16:48:16',NULL),(109,'국33.jpg','/samples/%EA%B5%AD33.jpg',1,NULL,'2018-06-21 15:15:21','2018-07-05 16:48:16',NULL),(110,'국34.jpg','/samples/%EA%B5%AD34.jpg',1,NULL,'2018-06-21 15:15:22','2018-07-05 16:48:16',NULL),(111,'국35.jpg','/samples/%EA%B5%AD35.jpg',1,NULL,'2018-06-21 15:15:22','2018-07-05 16:48:16',NULL),(112,'국36.jpg','/samples/%EA%B5%AD36.jpg',1,NULL,'2018-06-21 15:15:22','2018-07-05 16:48:16',NULL),(113,'국37.jpg','/samples/%EA%B5%AD37.jpg',1,NULL,'2018-06-21 15:15:22','2018-07-05 16:48:16',NULL),(114,'국38.jpg','/samples/%EA%B5%AD38.jpg',1,NULL,'2018-06-21 15:15:22','2018-07-05 16:48:16',NULL),(115,'국39.jpg','/samples/%EA%B5%AD39.jpg',1,NULL,'2018-06-21 15:15:22','2018-07-05 16:48:16',NULL),(116,'국4.jpg','/samples/%EA%B5%AD4.jpg',1,NULL,'2018-06-21 15:15:22','2018-07-05 16:48:16',NULL),(117,'국40.jpg','/samples/%EA%B5%AD40.jpg',1,NULL,'2018-06-21 15:15:22','2018-07-05 16:48:16',NULL),(118,'국41.jpg','/samples/%EA%B5%AD41.jpg',1,NULL,'2018-06-21 15:15:22','2018-07-05 16:48:16',NULL),(119,'국42.jpg','/samples/%EA%B5%AD42.jpg',1,NULL,'2018-06-21 15:15:22','2018-07-05 16:48:16',NULL),(120,'국43.jpg','/samples/%EA%B5%AD43.jpg',1,NULL,'2018-06-21 15:15:22','2018-07-05 16:48:16',NULL),(121,'국44.jpg','/samples/%EA%B5%AD44.jpg',1,NULL,'2018-06-21 15:15:22','2018-07-05 16:48:16',NULL),(122,'국45.jpg','/samples/%EA%B5%AD45.jpg',1,NULL,'2018-06-21 15:15:22','2018-07-05 16:48:16',NULL),(123,'국46.jpg','/samples/%EA%B5%AD46.jpg',1,NULL,'2018-06-21 15:15:23','2018-07-05 16:48:16',NULL),(124,'국47.jpg','/samples/%EA%B5%AD47.jpg',1,NULL,'2018-06-21 15:15:23','2018-07-05 16:48:16',NULL),(125,'국48.jpg','/samples/%EA%B5%AD48.jpg',1,NULL,'2018-06-21 15:15:23','2018-07-05 16:48:16',NULL),(126,'국49.jpg','/samples/%EA%B5%AD49.jpg',1,NULL,'2018-06-21 15:15:23','2018-07-05 16:48:16',NULL),(127,'국5.jpg','/samples/%EA%B5%AD5.jpg',1,NULL,'2018-06-21 15:15:23','2018-07-05 16:48:16',NULL),(128,'국50.jpg','/samples/%EA%B5%AD50.jpg',1,NULL,'2018-06-21 15:15:23','2018-07-05 16:48:16',NULL),(129,'국51.jpg','/samples/%EA%B5%AD51.jpg',1,NULL,'2018-06-21 15:15:23','2018-07-05 16:48:16',NULL),(130,'국52.jpg','/samples/%EA%B5%AD52.jpg',1,NULL,'2018-06-21 15:15:23','2018-07-05 16:48:16',NULL),(131,'국53.jpg','/samples/%EA%B5%AD53.jpg',1,NULL,'2018-06-21 15:15:23','2018-07-05 16:48:16',NULL),(132,'국54.jpg','/samples/%EA%B5%AD54.jpg',1,NULL,'2018-06-21 15:15:23','2018-07-05 16:48:16',NULL),(133,'국55.jpg','/samples/%EA%B5%AD55.jpg',1,NULL,'2018-06-21 15:15:23','2018-07-05 16:48:16',NULL),(134,'국6.jpg','/samples/%EA%B5%AD6.jpg',1,NULL,'2018-06-21 15:15:23','2018-07-05 16:48:16',NULL),(135,'국7.jpg','/samples/%EA%B5%AD7.jpg',1,NULL,'2018-06-21 15:15:24','2018-07-05 16:48:16',NULL),(136,'국8.jpg','/samples/%EA%B5%AD8.jpg',1,NULL,'2018-06-21 15:15:24','2018-07-05 16:48:16',NULL),(137,'국9.jpg','/samples/%EA%B5%AD9.jpg',1,NULL,'2018-06-21 15:15:24','2018-07-05 16:48:16',NULL),(138,'디저트1.jpg','/samples/%EB%94%94%EC%A0%80%ED%8A%B81.jpg',2,NULL,'2018-06-21 15:16:40','2018-07-05 16:48:16',NULL),(139,'디저트10.jpg','/samples/%EB%94%94%EC%A0%80%ED%8A%B810.jpg',2,NULL,'2018-06-21 15:16:40','2018-07-05 16:48:16',NULL),(140,'디저트100.jpg','/samples/%EB%94%94%EC%A0%80%ED%8A%B8100.jpg',2,NULL,'2018-06-21 15:16:41','2018-07-05 16:48:16',NULL),(141,'디저트101.jpg','/samples/%EB%94%94%EC%A0%80%ED%8A%B8101.jpg',2,NULL,'2018-06-21 15:16:41','2018-07-05 16:48:16',NULL),(142,'디저트102.jpg','/samples/%EB%94%94%EC%A0%80%ED%8A%B8102.jpg',2,NULL,'2018-06-21 15:16:41','2018-07-05 16:48:16',NULL),(143,'디저트103.jpg','/samples/%EB%94%94%EC%A0%80%ED%8A%B8103.jpg',2,NULL,'2018-06-21 15:16:41','2018-07-05 16:48:16',NULL),(144,'디저트104.jpg','/samples/%EB%94%94%EC%A0%80%ED%8A%B8104.jpg',2,NULL,'2018-06-21 15:16:41','2018-07-05 16:48:16',NULL),(145,'디저트105.jpg','/samples/%EB%94%94%EC%A0%80%ED%8A%B8105.jpg',2,NULL,'2018-06-21 15:16:41','2018-07-05 16:48:16',NULL),(146,'디저트106.jpg','/samples/%EB%94%94%EC%A0%80%ED%8A%B8106.jpg',2,NULL,'2018-06-21 15:16:41','2018-07-05 16:48:16',NULL),(147,'디저트107.jpg','/samples/%EB%94%94%EC%A0%80%ED%8A%B8107.jpg',2,NULL,'2018-06-21 15:16:41','2018-07-05 16:48:16',NULL),(148,'디저트108.jpg','/samples/%EB%94%94%EC%A0%80%ED%8A%B8108.jpg',2,NULL,'2018-06-21 15:16:41','2018-07-05 16:48:16',NULL),(149,'디저트109.jpg','/samples/%EB%94%94%EC%A0%80%ED%8A%B8109.jpg',2,NULL,'2018-06-21 15:16:41','2018-07-05 16:48:16',NULL),(150,'디저트11.jpg','/samples/%EB%94%94%EC%A0%80%ED%8A%B811.jpg',2,NULL,'2018-06-21 15:16:41','2018-07-05 16:48:16',NULL),(151,'디저트110.jpg','/samples/%EB%94%94%EC%A0%80%ED%8A%B8110.jpg',2,NULL,'2018-06-21 15:16:41','2018-07-05 16:48:16',NULL),(152,'디저트111.jpg','/samples/%EB%94%94%EC%A0%80%ED%8A%B8111.jpg',2,NULL,'2018-06-21 15:16:41','2018-07-05 16:48:16',NULL),(153,'디저트112.jpg','/samples/%EB%94%94%EC%A0%80%ED%8A%B8112.jpg',2,NULL,'2018-06-21 15:16:42','2018-07-05 16:48:16',NULL),(154,'디저트113.jpg','/samples/%EB%94%94%EC%A0%80%ED%8A%B8113.jpg',2,NULL,'2018-06-21 15:16:42','2018-07-05 16:48:16',NULL),(155,'디저트114.jpg','/samples/%EB%94%94%EC%A0%80%ED%8A%B8114.jpg',2,NULL,'2018-06-21 15:16:42','2018-07-05 16:48:16',NULL),(156,'디저트12.jpg','/samples/%EB%94%94%EC%A0%80%ED%8A%B812.jpg',2,NULL,'2018-06-21 15:16:42','2018-07-05 16:48:16',NULL),(157,'디저트13.jpg','/samples/%EB%94%94%EC%A0%80%ED%8A%B813.jpg',2,NULL,'2018-06-21 15:16:42','2018-07-05 16:48:16',NULL),(158,'디저트14.jpg','/samples/%EB%94%94%EC%A0%80%ED%8A%B814.jpg',2,NULL,'2018-06-21 15:16:42','2018-07-05 16:48:16',NULL),(159,'디저트15.jpg','/samples/%EB%94%94%EC%A0%80%ED%8A%B815.jpg',2,NULL,'2018-06-21 15:16:42','2018-07-05 16:48:16',NULL),(160,'디저트16.jpg','/samples/%EB%94%94%EC%A0%80%ED%8A%B816.jpg',2,NULL,'2018-06-21 15:16:42','2018-07-05 16:48:16',NULL),(161,'디저트17.jpg','/samples/%EB%94%94%EC%A0%80%ED%8A%B817.jpg',2,NULL,'2018-06-21 15:16:42','2018-07-05 16:48:16',NULL),(162,'디저트18.jpg','/samples/%EB%94%94%EC%A0%80%ED%8A%B818.jpg',2,NULL,'2018-06-21 15:16:42','2018-07-05 16:48:17',NULL),(163,'디저트19.jpg','/samples/%EB%94%94%EC%A0%80%ED%8A%B819.jpg',2,NULL,'2018-06-21 15:16:42','2018-07-05 16:48:17',NULL),(164,'디저트2.jpg','/samples/%EB%94%94%EC%A0%80%ED%8A%B82.jpg',2,NULL,'2018-06-21 15:16:42','2018-07-05 16:48:17',NULL),(165,'디저트20.jpg','/samples/%EB%94%94%EC%A0%80%ED%8A%B820.jpg',2,NULL,'2018-06-21 15:16:42','2018-07-05 16:48:17',NULL),(166,'디저트21.jpg','/samples/%EB%94%94%EC%A0%80%ED%8A%B821.jpg',2,NULL,'2018-06-21 15:16:43','2018-07-05 16:48:17',NULL),(167,'디저트22.jpg','/samples/%EB%94%94%EC%A0%80%ED%8A%B822.jpg',2,NULL,'2018-06-21 15:16:43','2018-07-05 16:48:17',NULL),(168,'디저트23.jpg','/samples/%EB%94%94%EC%A0%80%ED%8A%B823.jpg',2,NULL,'2018-06-21 15:16:43','2018-07-05 16:48:17',NULL),(169,'디저트24.jpg','/samples/%EB%94%94%EC%A0%80%ED%8A%B824.jpg',2,NULL,'2018-06-21 15:16:43','2018-07-05 16:48:17',NULL),(170,'디저트25.jpg','/samples/%EB%94%94%EC%A0%80%ED%8A%B825.jpg',2,NULL,'2018-06-21 15:16:43','2018-07-05 16:48:17',NULL),(171,'디저트26.jpg','/samples/%EB%94%94%EC%A0%80%ED%8A%B826.jpg',2,NULL,'2018-06-21 15:16:43','2018-07-05 16:48:17',NULL),(172,'디저트27.jpg','/samples/%EB%94%94%EC%A0%80%ED%8A%B827.jpg',2,NULL,'2018-06-21 15:16:43','2018-07-05 16:48:17',NULL),(173,'디저트28.jpg','/samples/%EB%94%94%EC%A0%80%ED%8A%B828.jpg',2,NULL,'2018-06-21 15:16:43','2018-07-05 16:48:17',NULL),(174,'디저트29.jpg','/samples/%EB%94%94%EC%A0%80%ED%8A%B829.jpg',2,NULL,'2018-06-21 15:16:43','2018-07-05 16:48:17',NULL),(175,'디저트3.jpg','/samples/%EB%94%94%EC%A0%80%ED%8A%B83.jpg',2,NULL,'2018-06-21 15:16:43','2018-07-05 16:48:17',NULL),(176,'디저트30.jpg','/samples/%EB%94%94%EC%A0%80%ED%8A%B830.jpg',2,NULL,'2018-06-21 15:16:44','2018-07-05 16:48:17',NULL),(177,'디저트31.jpg','/samples/%EB%94%94%EC%A0%80%ED%8A%B831.jpg',2,NULL,'2018-06-21 15:16:44','2018-07-05 16:48:17',NULL),(178,'디저트32.jpg','/samples/%EB%94%94%EC%A0%80%ED%8A%B832.jpg',2,NULL,'2018-06-21 15:16:44','2018-07-05 16:48:17',NULL),(179,'디저트33.jpg','/samples/%EB%94%94%EC%A0%80%ED%8A%B833.jpg',2,NULL,'2018-06-21 15:16:44','2018-07-05 16:48:17',NULL),(180,'디저트34.jpg','/samples/%EB%94%94%EC%A0%80%ED%8A%B834.jpg',2,NULL,'2018-06-21 15:16:44','2018-07-05 16:48:17',NULL),(181,'디저트35.jpg','/samples/%EB%94%94%EC%A0%80%ED%8A%B835.jpg',2,NULL,'2018-06-21 15:16:44','2018-07-05 16:48:17',NULL),(182,'디저트36.jpg','/samples/%EB%94%94%EC%A0%80%ED%8A%B836.jpg',2,NULL,'2018-06-21 15:16:44','2018-07-05 16:48:17',NULL),(183,'디저트37.jpg','/samples/%EB%94%94%EC%A0%80%ED%8A%B837.jpg',2,NULL,'2018-06-21 15:16:44','2018-07-05 16:48:17',NULL),(184,'디저트38.jpg','/samples/%EB%94%94%EC%A0%80%ED%8A%B838.jpg',2,NULL,'2018-06-21 15:16:44','2018-07-05 16:48:17',NULL),(185,'디저트39.jpg','/samples/%EB%94%94%EC%A0%80%ED%8A%B839.jpg',2,NULL,'2018-06-21 15:16:44','2018-07-05 16:48:17',NULL),(186,'디저트4.jpg','/samples/%EB%94%94%EC%A0%80%ED%8A%B84.jpg',2,NULL,'2018-06-21 15:16:44','2018-07-05 16:48:17',NULL),(187,'디저트40.jpg','/samples/%EB%94%94%EC%A0%80%ED%8A%B840.jpg',2,NULL,'2018-06-21 15:16:45','2018-07-05 16:48:17',NULL),(188,'디저트41.jpg','/samples/%EB%94%94%EC%A0%80%ED%8A%B841.jpg',2,NULL,'2018-06-21 15:16:45','2018-07-05 16:48:17',NULL),(189,'디저트42.jpg','/samples/%EB%94%94%EC%A0%80%ED%8A%B842.jpg',2,NULL,'2018-06-21 15:16:45','2018-07-05 16:48:17',NULL),(190,'디저트43.jpg','/samples/%EB%94%94%EC%A0%80%ED%8A%B843.jpg',2,NULL,'2018-06-21 15:16:45','2018-07-05 16:48:17',NULL),(191,'디저트44.jpg','/samples/%EB%94%94%EC%A0%80%ED%8A%B844.jpg',2,NULL,'2018-06-21 15:16:45','2018-07-05 16:48:17',NULL),(192,'디저트45.jpg','/samples/%EB%94%94%EC%A0%80%ED%8A%B845.jpg',2,NULL,'2018-06-21 15:16:45','2018-07-05 16:48:17',NULL),(193,'디저트46.jpg','/samples/%EB%94%94%EC%A0%80%ED%8A%B846.jpg',2,NULL,'2018-06-21 15:16:45','2018-07-05 16:48:17',NULL),(194,'디저트47.jpg','/samples/%EB%94%94%EC%A0%80%ED%8A%B847.jpg',2,NULL,'2018-06-21 15:16:45','2018-07-05 16:48:17',NULL),(195,'디저트48.jpg','/samples/%EB%94%94%EC%A0%80%ED%8A%B848.jpg',2,NULL,'2018-06-21 15:16:45','2018-07-05 16:48:17',NULL),(196,'디저트49.jpg','/samples/%EB%94%94%EC%A0%80%ED%8A%B849.jpg',2,NULL,'2018-06-21 15:16:45','2018-07-05 16:48:17',NULL),(197,'디저트5.jpg','/samples/%EB%94%94%EC%A0%80%ED%8A%B85.jpg',2,NULL,'2018-06-21 15:16:45','2018-07-05 16:48:17',NULL),(198,'디저트50.jpg','/samples/%EB%94%94%EC%A0%80%ED%8A%B850.jpg',2,NULL,'2018-06-21 15:16:46','2018-07-05 16:48:17',NULL),(199,'디저트51.jpg','/samples/%EB%94%94%EC%A0%80%ED%8A%B851.jpg',2,NULL,'2018-06-21 15:16:46','2018-07-05 16:48:17',NULL),(200,'디저트52.jpg','/samples/%EB%94%94%EC%A0%80%ED%8A%B852.jpg',2,NULL,'2018-06-21 15:16:46','2018-07-05 16:48:17',NULL),(201,'디저트53.jpg','/samples/%EB%94%94%EC%A0%80%ED%8A%B853.jpg',2,NULL,'2018-06-21 15:16:46','2018-07-05 16:48:17',NULL),(202,'디저트54.jpg','/samples/%EB%94%94%EC%A0%80%ED%8A%B854.jpg',2,NULL,'2018-06-21 15:16:46','2018-07-05 16:48:17',NULL),(203,'디저트55.jpg','/samples/%EB%94%94%EC%A0%80%ED%8A%B855.jpg',2,NULL,'2018-06-21 15:16:46','2018-07-05 16:48:17',NULL),(204,'디저트56.jpg','/samples/%EB%94%94%EC%A0%80%ED%8A%B856.jpg',2,NULL,'2018-06-21 15:16:46','2018-07-05 16:48:17',NULL),(205,'디저트57.jpg','/samples/%EB%94%94%EC%A0%80%ED%8A%B857.jpg',2,NULL,'2018-06-21 15:16:46','2018-07-05 16:48:17',NULL),(206,'디저트58.jpg','/samples/%EB%94%94%EC%A0%80%ED%8A%B858.jpg',2,NULL,'2018-06-21 15:16:46','2018-07-05 16:48:17',NULL),(207,'디저트59.jpg','/samples/%EB%94%94%EC%A0%80%ED%8A%B859.jpg',2,NULL,'2018-06-21 15:16:46','2018-07-05 16:48:17',NULL),(208,'디저트6.jpg','/samples/%EB%94%94%EC%A0%80%ED%8A%B86.jpg',2,NULL,'2018-06-21 15:16:46','2018-07-05 16:48:17',NULL),(209,'디저트60.jpg','/samples/%EB%94%94%EC%A0%80%ED%8A%B860.jpg',2,NULL,'2018-06-21 15:16:46','2018-07-05 16:48:17',NULL),(210,'디저트61.jpg','/samples/%EB%94%94%EC%A0%80%ED%8A%B861.jpg',2,NULL,'2018-06-21 15:16:46','2018-07-05 16:48:17',NULL),(211,'디저트62.jpg','/samples/%EB%94%94%EC%A0%80%ED%8A%B862.jpg',2,NULL,'2018-06-21 15:16:46','2018-07-05 16:48:17',NULL),(212,'디저트63.jpg','/samples/%EB%94%94%EC%A0%80%ED%8A%B863.jpg',2,NULL,'2018-06-21 15:16:46','2018-07-05 16:48:17',NULL),(213,'디저트64.jpg','/samples/%EB%94%94%EC%A0%80%ED%8A%B864.jpg',2,NULL,'2018-06-21 15:16:46','2018-07-05 16:48:17',NULL),(214,'디저트65.jpg','/samples/%EB%94%94%EC%A0%80%ED%8A%B865.jpg',2,NULL,'2018-06-21 15:16:46','2018-07-05 16:48:17',NULL),(215,'디저트66.jpg','/samples/%EB%94%94%EC%A0%80%ED%8A%B866.jpg',2,NULL,'2018-06-21 15:16:47','2018-07-05 16:48:17',NULL),(216,'디저트67.jpg','/samples/%EB%94%94%EC%A0%80%ED%8A%B867.jpg',2,NULL,'2018-06-21 15:16:47','2018-07-05 16:48:17',NULL),(217,'디저트68.jpg','/samples/%EB%94%94%EC%A0%80%ED%8A%B868.jpg',2,NULL,'2018-06-21 15:16:47','2018-07-05 16:48:17',NULL),(218,'디저트69.jpg','/samples/%EB%94%94%EC%A0%80%ED%8A%B869.jpg',2,NULL,'2018-06-21 15:16:47','2018-07-05 16:48:17',NULL),(219,'디저트7.jpg','/samples/%EB%94%94%EC%A0%80%ED%8A%B87.jpg',2,NULL,'2018-06-21 15:16:47','2018-07-05 16:48:17',NULL),(220,'디저트70.jpg','/samples/%EB%94%94%EC%A0%80%ED%8A%B870.jpg',2,NULL,'2018-06-21 15:16:47','2018-07-05 16:48:17',NULL),(221,'디저트71.jpg','/samples/%EB%94%94%EC%A0%80%ED%8A%B871.jpg',2,NULL,'2018-06-21 15:16:47','2018-07-05 16:48:18',NULL),(222,'디저트72.jpg','/samples/%EB%94%94%EC%A0%80%ED%8A%B872.jpg',2,NULL,'2018-06-21 15:16:47','2018-07-05 16:48:18',NULL),(223,'디저트73.jpg','/samples/%EB%94%94%EC%A0%80%ED%8A%B873.jpg',2,NULL,'2018-06-21 15:16:47','2018-07-05 16:48:18',NULL),(224,'디저트74.jpg','/samples/%EB%94%94%EC%A0%80%ED%8A%B874.jpg',2,NULL,'2018-06-21 15:16:47','2018-07-05 16:48:18',NULL),(225,'디저트75.jpg','/samples/%EB%94%94%EC%A0%80%ED%8A%B875.jpg',2,NULL,'2018-06-21 15:16:47','2018-07-05 16:48:18',NULL),(226,'디저트76.jpg','/samples/%EB%94%94%EC%A0%80%ED%8A%B876.jpg',2,NULL,'2018-06-21 15:16:47','2018-07-05 16:48:18',NULL),(227,'디저트77.jpg','/samples/%EB%94%94%EC%A0%80%ED%8A%B877.jpg',2,NULL,'2018-06-21 15:16:47','2018-07-05 16:48:18',NULL),(228,'디저트78.jpg','/samples/%EB%94%94%EC%A0%80%ED%8A%B878.jpg',2,NULL,'2018-06-21 15:16:47','2018-07-05 16:48:18',NULL),(229,'디저트79.jpg','/samples/%EB%94%94%EC%A0%80%ED%8A%B879.jpg',2,NULL,'2018-06-21 15:16:47','2018-07-05 16:48:18',NULL),(230,'디저트8.jpg','/samples/%EB%94%94%EC%A0%80%ED%8A%B88.jpg',2,NULL,'2018-06-21 15:16:47','2018-07-05 16:48:18',NULL),(231,'디저트80.jpg','/samples/%EB%94%94%EC%A0%80%ED%8A%B880.jpg',2,NULL,'2018-06-21 15:16:47','2018-07-05 16:48:18',NULL),(232,'디저트81.jpg','/samples/%EB%94%94%EC%A0%80%ED%8A%B881.jpg',2,NULL,'2018-06-21 15:16:47','2018-07-05 16:48:18',NULL),(233,'디저트82.jpg','/samples/%EB%94%94%EC%A0%80%ED%8A%B882.jpg',2,NULL,'2018-06-21 15:16:47','2018-07-05 16:48:18',NULL),(234,'디저트83.jpg','/samples/%EB%94%94%EC%A0%80%ED%8A%B883.jpg',2,NULL,'2018-06-21 15:16:47','2018-07-05 16:48:18',NULL),(235,'디저트84.jpg','/samples/%EB%94%94%EC%A0%80%ED%8A%B884.jpg',2,NULL,'2018-06-21 15:16:48','2018-07-05 16:48:18',NULL),(236,'디저트85.jpg','/samples/%EB%94%94%EC%A0%80%ED%8A%B885.jpg',2,NULL,'2018-06-21 15:16:48','2018-07-05 16:48:18',NULL),(237,'디저트86.jpg','/samples/%EB%94%94%EC%A0%80%ED%8A%B886.jpg',2,NULL,'2018-06-21 15:16:48','2018-07-05 16:48:18',NULL),(238,'디저트87.jpg','/samples/%EB%94%94%EC%A0%80%ED%8A%B887.jpg',2,NULL,'2018-06-21 15:16:48','2018-07-05 16:48:18',NULL),(239,'디저트88.jpg','/samples/%EB%94%94%EC%A0%80%ED%8A%B888.jpg',2,NULL,'2018-06-21 15:16:48','2018-07-05 16:48:18',NULL),(240,'디저트89.jpg','/samples/%EB%94%94%EC%A0%80%ED%8A%B889.jpg',2,NULL,'2018-06-21 15:16:48','2018-07-05 16:48:18',NULL),(241,'디저트9.jpg','/samples/%EB%94%94%EC%A0%80%ED%8A%B89.jpg',2,NULL,'2018-06-21 15:16:48','2018-07-05 16:48:18',NULL),(242,'디저트90.jpg','/samples/%EB%94%94%EC%A0%80%ED%8A%B890.jpg',2,NULL,'2018-06-21 15:16:48','2018-07-05 16:48:18',NULL),(243,'디저트91.jpg','/samples/%EB%94%94%EC%A0%80%ED%8A%B891.jpg',2,NULL,'2018-06-21 15:16:48','2018-07-05 16:48:18',NULL),(244,'디저트92.jpg','/samples/%EB%94%94%EC%A0%80%ED%8A%B892.jpg',2,NULL,'2018-06-21 15:16:48','2018-07-05 16:48:18',NULL),(245,'디저트93.jpg','/samples/%EB%94%94%EC%A0%80%ED%8A%B893.jpg',2,NULL,'2018-06-21 15:16:48','2018-07-05 16:48:18',NULL),(246,'디저트94.jpg','/samples/%EB%94%94%EC%A0%80%ED%8A%B894.jpg',2,NULL,'2018-06-21 15:16:48','2018-07-05 16:48:18',NULL),(247,'디저트95.jpg','/samples/%EB%94%94%EC%A0%80%ED%8A%B895.jpg',2,NULL,'2018-06-21 15:16:48','2018-07-05 16:48:18',NULL),(248,'디저트96.jpg','/samples/%EB%94%94%EC%A0%80%ED%8A%B896.jpg',2,NULL,'2018-06-21 15:16:48','2018-07-05 16:48:18',NULL),(249,'디저트97.jpg','/samples/%EB%94%94%EC%A0%80%ED%8A%B897.jpg',2,NULL,'2018-06-21 15:16:48','2018-07-05 16:48:18',NULL),(250,'디저트98.jpg','/samples/%EB%94%94%EC%A0%80%ED%8A%B898.jpg',2,NULL,'2018-06-21 15:16:49','2018-07-05 16:48:18',NULL),(251,'디저트99.jpg','/samples/%EB%94%94%EC%A0%80%ED%8A%B899.jpg',2,NULL,'2018-06-21 15:16:49','2018-07-05 16:48:18',NULL),(252,'면1.jpg','/samples/%EB%A9%B41.jpg',3,NULL,'2018-06-21 15:17:41','2018-07-05 16:48:18',NULL),(253,'면10.jpg','/samples/%EB%A9%B410.jpg',3,NULL,'2018-06-21 15:17:41','2018-07-05 16:48:18',NULL),(254,'면100.jpg','/samples/%EB%A9%B4100.jpg',3,NULL,'2018-06-21 15:17:41','2018-07-05 16:48:18',NULL),(255,'면101.jpg','/samples/%EB%A9%B4101.jpg',3,NULL,'2018-06-21 15:17:41','2018-07-05 16:48:18',NULL),(256,'면102.jpg','/samples/%EB%A9%B4102.jpg',3,NULL,'2018-06-21 15:17:42','2018-07-05 16:48:18',NULL),(257,'면103.jpg','/samples/%EB%A9%B4103.jpg',3,NULL,'2018-06-21 15:17:42','2018-07-05 16:48:18',NULL),(258,'면104.jpg','/samples/%EB%A9%B4104.jpg',3,NULL,'2018-06-21 15:17:42','2018-07-05 16:48:18',NULL),(259,'면105.jpg','/samples/%EB%A9%B4105.jpg',3,NULL,'2018-06-21 15:17:42','2018-07-05 16:48:18',NULL),(260,'면106.jpg','/samples/%EB%A9%B4106.jpg',3,NULL,'2018-06-21 15:17:42','2018-07-05 16:48:18',NULL),(261,'면107.jpg','/samples/%EB%A9%B4107.jpg',3,NULL,'2018-06-21 15:17:42','2018-07-05 16:48:18',NULL),(262,'면108.jpg','/samples/%EB%A9%B4108.jpg',3,NULL,'2018-06-21 15:17:42','2018-07-05 16:48:18',NULL),(263,'면109.jpg','/samples/%EB%A9%B4109.jpg',3,NULL,'2018-06-21 15:17:42','2018-07-05 16:48:18',NULL),(264,'면11.jpg','/samples/%EB%A9%B411.jpg',3,NULL,'2018-06-21 15:17:42','2018-07-05 16:48:18',NULL),(265,'면110.jpg','/samples/%EB%A9%B4110.jpg',3,NULL,'2018-06-21 15:17:43','2018-07-05 16:48:18',NULL),(266,'면12.jpg','/samples/%EB%A9%B412.jpg',3,NULL,'2018-06-21 15:17:43','2018-07-05 16:48:18',NULL),(267,'면13.jpg','/samples/%EB%A9%B413.jpg',3,NULL,'2018-06-21 15:17:43','2018-07-05 16:48:18',NULL),(268,'면14.jpg','/samples/%EB%A9%B414.jpg',3,NULL,'2018-06-21 15:17:43','2018-07-05 16:48:18',NULL),(269,'면15.jpg','/samples/%EB%A9%B415.jpg',3,NULL,'2018-06-21 15:17:43','2018-07-05 16:48:18',NULL),(270,'면16.jpg','/samples/%EB%A9%B416.jpg',3,NULL,'2018-06-21 15:17:43','2018-07-05 16:48:18',NULL),(271,'면17.jpg','/samples/%EB%A9%B417.jpg',3,NULL,'2018-06-21 15:17:43','2018-07-05 16:48:18',NULL),(272,'면18.jpg','/samples/%EB%A9%B418.jpg',3,NULL,'2018-06-21 15:17:43','2018-07-05 16:48:18',NULL),(273,'면19.jpg','/samples/%EB%A9%B419.jpg',3,NULL,'2018-06-21 15:17:44','2018-07-05 16:48:18',NULL),(274,'면2.jpg','/samples/%EB%A9%B42.jpg',3,NULL,'2018-06-21 15:17:44','2018-07-05 16:48:18',NULL),(275,'면20.jpg','/samples/%EB%A9%B420.jpg',3,NULL,'2018-06-21 15:17:44','2018-07-05 16:48:18',NULL),(276,'면21.jpg','/samples/%EB%A9%B421.jpg',3,NULL,'2018-06-21 15:17:44','2018-07-05 16:48:18',NULL),(277,'면22.jpg','/samples/%EB%A9%B422.jpg',3,NULL,'2018-06-21 15:17:44','2018-07-05 16:48:18',NULL),(278,'면23.jpg','/samples/%EB%A9%B423.jpg',3,NULL,'2018-06-21 15:17:44','2018-07-05 16:48:19',NULL),(279,'면24.jpg','/samples/%EB%A9%B424.jpg',3,NULL,'2018-06-21 15:17:44','2018-07-05 16:48:19',NULL),(280,'면25.jpg','/samples/%EB%A9%B425.jpg',3,NULL,'2018-06-21 15:17:44','2018-07-05 16:48:19',NULL),(281,'면26.jpg','/samples/%EB%A9%B426.jpg',3,NULL,'2018-06-21 15:17:44','2018-07-05 16:48:19',NULL),(282,'면27.jpg','/samples/%EB%A9%B427.jpg',3,NULL,'2018-06-21 15:17:44','2018-07-05 16:48:19',NULL),(283,'면28.jpg','/samples/%EB%A9%B428.jpg',3,NULL,'2018-06-21 15:17:44','2018-07-05 16:48:19',NULL),(284,'면29.jpg','/samples/%EB%A9%B429.jpg',3,NULL,'2018-06-21 15:17:44','2018-07-05 16:48:19',NULL),(285,'면3.jpg','/samples/%EB%A9%B43.jpg',3,NULL,'2018-06-21 15:17:44','2018-07-05 16:48:19',NULL),(286,'면30.jpg','/samples/%EB%A9%B430.jpg',3,NULL,'2018-06-21 15:17:45','2018-07-05 16:48:19',NULL),(287,'면31.jpg','/samples/%EB%A9%B431.jpg',3,NULL,'2018-06-21 15:17:45','2018-07-05 16:48:19',NULL),(288,'면32.jpg','/samples/%EB%A9%B432.jpg',3,NULL,'2018-06-21 15:17:45','2018-07-05 16:48:19',NULL),(289,'면33.jpg','/samples/%EB%A9%B433.jpg',3,NULL,'2018-06-21 15:17:45','2018-07-05 16:48:19',NULL),(290,'면34.jpg','/samples/%EB%A9%B434.jpg',3,NULL,'2018-06-21 15:17:45','2018-07-05 16:48:19',NULL),(291,'면35.jpg','/samples/%EB%A9%B435.jpg',3,NULL,'2018-06-21 15:17:45','2018-07-05 16:48:19',NULL),(292,'면36.jpg','/samples/%EB%A9%B436.jpg',3,NULL,'2018-06-21 15:17:45','2018-07-05 16:48:19',NULL),(293,'면37.jpg','/samples/%EB%A9%B437.jpg',3,NULL,'2018-06-21 15:17:45','2018-07-05 16:48:19',NULL),(294,'면38.jpg','/samples/%EB%A9%B438.jpg',3,NULL,'2018-06-21 15:17:45','2018-07-05 16:48:19',NULL),(295,'면39.jpg','/samples/%EB%A9%B439.jpg',3,NULL,'2018-06-21 15:17:45','2018-07-05 16:48:19',NULL),(296,'면4.jpg','/samples/%EB%A9%B44.jpg',3,NULL,'2018-06-21 15:17:46','2018-07-05 16:48:19',NULL),(297,'면40.jpg','/samples/%EB%A9%B440.jpg',3,NULL,'2018-06-21 15:17:46','2018-07-05 16:48:19',NULL),(298,'면41.jpg','/samples/%EB%A9%B441.jpg',3,NULL,'2018-06-21 15:17:46','2018-07-05 16:48:19',NULL),(299,'면42.jpg','/samples/%EB%A9%B442.jpg',3,NULL,'2018-06-21 15:17:46','2018-07-05 16:48:19',NULL),(300,'면43.jpg','/samples/%EB%A9%B443.jpg',3,NULL,'2018-06-21 15:17:46','2018-07-05 16:48:19',NULL),(301,'면44.jpg','/samples/%EB%A9%B444.jpg',3,NULL,'2018-06-21 15:17:46','2018-07-05 16:48:19',NULL),(302,'면45.jpg','/samples/%EB%A9%B445.jpg',3,NULL,'2018-06-21 15:17:46','2018-07-05 16:48:19',NULL),(303,'면46.jpg','/samples/%EB%A9%B446.jpg',3,NULL,'2018-06-21 15:17:46','2018-07-05 16:48:19',NULL),(304,'면47.jpg','/samples/%EB%A9%B447.jpg',3,NULL,'2018-06-21 15:17:46','2018-07-05 16:48:19',NULL),(305,'면48.jpg','/samples/%EB%A9%B448.jpg',3,NULL,'2018-06-21 15:17:46','2018-07-05 16:48:19',NULL),(306,'면49.jpg','/samples/%EB%A9%B449.jpg',3,NULL,'2018-06-21 15:17:47','2018-07-05 16:48:19',NULL),(307,'면5.jpg','/samples/%EB%A9%B45.jpg',3,NULL,'2018-06-21 15:17:47','2018-07-05 16:48:19',NULL),(308,'면50.jpg','/samples/%EB%A9%B450.jpg',3,NULL,'2018-06-21 15:17:47','2018-07-05 16:48:19',NULL),(309,'면51.jpg','/samples/%EB%A9%B451.jpg',3,NULL,'2018-06-21 15:17:47','2018-07-05 16:48:19',NULL),(310,'면52.jpg','/samples/%EB%A9%B452.jpg',3,NULL,'2018-06-21 15:17:47','2018-07-05 16:48:19',NULL),(311,'면53.jpg','/samples/%EB%A9%B453.jpg',3,NULL,'2018-06-21 15:17:47','2018-07-05 16:48:19',NULL),(312,'면54.jpg','/samples/%EB%A9%B454.jpg',3,NULL,'2018-06-21 15:17:47','2018-07-05 16:48:19',NULL),(313,'면55.jpg','/samples/%EB%A9%B455.jpg',3,NULL,'2018-06-21 15:17:47','2018-07-05 16:48:19',NULL),(314,'면56.jpg','/samples/%EB%A9%B456.jpg',3,NULL,'2018-06-21 15:17:47','2018-07-05 16:48:19',NULL),(315,'면57.jpg','/samples/%EB%A9%B457.jpg',3,NULL,'2018-06-21 15:17:47','2018-07-05 16:48:19',NULL),(316,'면58.jpg','/samples/%EB%A9%B458.jpg',3,NULL,'2018-06-21 15:17:47','2018-07-05 16:48:19',NULL),(317,'면59.jpg','/samples/%EB%A9%B459.jpg',3,NULL,'2018-06-21 15:17:48','2018-07-05 16:48:19',NULL),(318,'면6.jpg','/samples/%EB%A9%B46.jpg',3,NULL,'2018-06-21 15:17:48','2018-07-05 16:48:19',NULL),(319,'면60.jpg','/samples/%EB%A9%B460.jpg',3,NULL,'2018-06-21 15:17:48','2018-07-05 16:48:19',NULL),(320,'면61.jpg','/samples/%EB%A9%B461.jpg',3,NULL,'2018-06-21 15:17:48','2018-07-05 16:48:19',NULL),(321,'면62.jpg','/samples/%EB%A9%B462.jpg',3,NULL,'2018-06-21 15:17:48','2018-07-05 16:48:19',NULL),(322,'면63.jpg','/samples/%EB%A9%B463.jpg',3,NULL,'2018-06-21 15:17:48','2018-07-05 16:48:19',NULL),(323,'면64.jpg','/samples/%EB%A9%B464.jpg',3,NULL,'2018-06-21 15:17:48','2018-07-05 16:48:19',NULL),(324,'면65.jpg','/samples/%EB%A9%B465.jpg',3,NULL,'2018-06-21 15:17:48','2018-07-05 16:48:19',NULL),(325,'면66.jpg','/samples/%EB%A9%B466.jpg',3,NULL,'2018-06-21 15:17:49','2018-07-05 16:48:19',NULL),(326,'면67.jpg','/samples/%EB%A9%B467.jpg',3,NULL,'2018-06-21 15:17:49','2018-07-05 16:48:19',NULL),(327,'면68.jpg','/samples/%EB%A9%B468.jpg',3,NULL,'2018-06-21 15:17:49','2018-07-05 16:48:19',NULL),(328,'면69.jpg','/samples/%EB%A9%B469.jpg',3,NULL,'2018-06-21 15:17:49','2018-07-05 16:48:19',NULL),(329,'면7.jpg','/samples/%EB%A9%B47.jpg',3,NULL,'2018-06-21 15:17:49','2018-07-05 16:48:19',NULL),(330,'면70.jpg','/samples/%EB%A9%B470.jpg',3,NULL,'2018-06-21 15:17:49','2018-07-05 16:48:19',NULL),(331,'면71.jpg','/samples/%EB%A9%B471.jpg',3,NULL,'2018-06-21 15:17:49','2018-07-05 16:48:19',NULL),(332,'면72.jpg','/samples/%EB%A9%B472.jpg',3,NULL,'2018-06-21 15:17:49','2018-07-05 16:48:19',NULL),(333,'면73.jpg','/samples/%EB%A9%B473.jpg',3,NULL,'2018-06-21 15:17:49','2018-07-05 16:48:19',NULL),(334,'면74.jpg','/samples/%EB%A9%B474.jpg',3,NULL,'2018-06-21 15:17:50','2018-07-05 16:48:19',NULL),(335,'면75.jpg','/samples/%EB%A9%B475.jpg',3,NULL,'2018-06-21 15:17:50','2018-07-05 16:48:19',NULL),(336,'면76.jpg','/samples/%EB%A9%B476.jpg',3,NULL,'2018-06-21 15:17:50','2018-07-05 16:48:19',NULL),(337,'면77.jpg','/samples/%EB%A9%B477.jpg',3,NULL,'2018-06-21 15:17:50','2018-07-05 16:48:20',NULL),(338,'면78.jpg','/samples/%EB%A9%B478.jpg',3,NULL,'2018-06-21 15:17:50','2018-07-05 16:48:20',NULL),(339,'면79.jpg','/samples/%EB%A9%B479.jpg',3,NULL,'2018-06-21 15:17:50','2018-07-05 16:48:20',NULL),(340,'면8.jpg','/samples/%EB%A9%B48.jpg',3,NULL,'2018-06-21 15:17:50','2018-07-05 16:48:20',NULL),(341,'면80.jpg','/samples/%EB%A9%B480.jpg',3,NULL,'2018-06-21 15:17:50','2018-07-05 16:48:20',NULL),(342,'면81.jpg','/samples/%EB%A9%B481.jpg',3,NULL,'2018-06-21 15:17:50','2018-07-05 16:48:20',NULL),(343,'면82.jpg','/samples/%EB%A9%B482.jpg',3,NULL,'2018-06-21 15:17:50','2018-07-05 16:48:20',NULL),(344,'면83.jpg','/samples/%EB%A9%B483.jpg',3,NULL,'2018-06-21 15:17:51','2018-07-05 16:48:20',NULL),(345,'면84.jpg','/samples/%EB%A9%B484.jpg',3,NULL,'2018-06-21 15:17:51','2018-07-05 16:48:20',NULL),(346,'면85.jpg','/samples/%EB%A9%B485.jpg',3,NULL,'2018-06-21 15:17:51','2018-07-05 16:48:20',NULL),(347,'면86.jpg','/samples/%EB%A9%B486.jpg',3,NULL,'2018-06-21 15:17:51','2018-07-05 16:48:20',NULL),(348,'면87.jpg','/samples/%EB%A9%B487.jpg',3,NULL,'2018-06-21 15:17:51','2018-07-05 16:48:20',NULL),(349,'면88.jpg','/samples/%EB%A9%B488.jpg',3,NULL,'2018-06-21 15:17:51','2018-07-05 16:48:20',NULL),(350,'면89.jpg','/samples/%EB%A9%B489.jpg',3,NULL,'2018-06-21 15:17:51','2018-07-05 16:48:20',NULL),(351,'면9.jpg','/samples/%EB%A9%B49.jpg',3,NULL,'2018-06-21 15:17:51','2018-07-05 16:48:20',NULL),(352,'면90.jpg','/samples/%EB%A9%B490.jpg',3,NULL,'2018-06-21 15:17:51','2018-07-05 16:48:20',NULL),(353,'면91.jpg','/samples/%EB%A9%B491.jpg',3,NULL,'2018-06-21 15:17:52','2018-07-05 16:48:20',NULL),(354,'면92.jpg','/samples/%EB%A9%B492.jpg',3,NULL,'2018-06-21 15:17:52','2018-07-05 16:48:20',NULL),(355,'면93.jpg','/samples/%EB%A9%B493.jpg',3,NULL,'2018-06-21 15:17:52','2018-07-05 16:48:20',NULL),(356,'면94.jpg','/samples/%EB%A9%B494.jpg',3,NULL,'2018-06-21 15:17:52','2018-07-05 16:48:20',NULL),(357,'면95.jpg','/samples/%EB%A9%B495.jpg',3,NULL,'2018-06-21 15:17:52','2018-07-05 16:48:20',NULL),(358,'면96.jpg','/samples/%EB%A9%B496.jpg',3,NULL,'2018-06-21 15:17:52','2018-07-05 16:48:20',NULL),(359,'면97.jpg','/samples/%EB%A9%B497.jpg',3,NULL,'2018-06-21 15:17:52','2018-07-05 16:48:20',NULL),(360,'면98.jpg','/samples/%EB%A9%B498.jpg',3,NULL,'2018-06-21 15:17:52','2018-07-05 16:48:20',NULL),(361,'면99.jpg','/samples/%EB%A9%B499.jpg',3,NULL,'2018-06-21 15:17:52','2018-07-05 16:48:20',NULL),(362,'버거1.jpg','/samples/%EB%B2%84%EA%B1%B01.jpg',4,NULL,'2018-06-21 15:18:29','2018-07-05 16:48:20',NULL),(363,'버거10.jpg','/samples/%EB%B2%84%EA%B1%B010.jpg',4,NULL,'2018-06-21 15:18:29','2018-07-05 16:48:20',NULL),(364,'버거11.jpg','/samples/%EB%B2%84%EA%B1%B011.jpg',4,NULL,'2018-06-21 15:18:29','2018-07-05 16:48:20',NULL),(365,'버거12.jpg','/samples/%EB%B2%84%EA%B1%B012.jpg',4,NULL,'2018-06-21 15:18:29','2018-07-05 16:48:20',NULL),(366,'버거13.jpg','/samples/%EB%B2%84%EA%B1%B013.jpg',4,NULL,'2018-06-21 15:18:29','2018-07-05 16:48:20',NULL),(367,'버거14.jpg','/samples/%EB%B2%84%EA%B1%B014.jpg',4,NULL,'2018-06-21 15:18:29','2018-07-05 16:48:20',NULL),(368,'버거15.jpg','/samples/%EB%B2%84%EA%B1%B015.jpg',4,NULL,'2018-06-21 15:18:29','2018-07-05 16:48:20',NULL),(369,'버거16.jpg','/samples/%EB%B2%84%EA%B1%B016.jpg',4,NULL,'2018-06-21 15:18:29','2018-07-05 16:48:20',NULL),(370,'버거17.jpg','/samples/%EB%B2%84%EA%B1%B017.jpg',4,NULL,'2018-06-21 15:18:29','2018-07-05 16:48:20',NULL),(371,'버거18.jpg','/samples/%EB%B2%84%EA%B1%B018.jpg',4,NULL,'2018-06-21 15:18:30','2018-07-05 16:48:20',NULL),(372,'버거19.jpg','/samples/%EB%B2%84%EA%B1%B019.jpg',4,NULL,'2018-06-21 15:18:30','2018-07-05 16:48:20',NULL),(373,'버거2.jpg','/samples/%EB%B2%84%EA%B1%B02.jpg',4,NULL,'2018-06-21 15:18:30','2018-07-05 16:48:20',NULL),(374,'버거20.jpg','/samples/%EB%B2%84%EA%B1%B020.jpg',4,NULL,'2018-06-21 15:18:30','2018-07-05 16:48:20',NULL),(375,'버거21.jpg','/samples/%EB%B2%84%EA%B1%B021.jpg',4,NULL,'2018-06-21 15:18:30','2018-07-05 16:48:20',NULL),(376,'버거22.jpg','/samples/%EB%B2%84%EA%B1%B022.jpg',4,NULL,'2018-06-21 15:18:30','2018-07-05 16:48:20',NULL),(377,'버거23.jpg','/samples/%EB%B2%84%EA%B1%B023.jpg',4,NULL,'2018-06-21 15:18:30','2018-07-05 16:48:20',NULL),(378,'버거24.jpg','/samples/%EB%B2%84%EA%B1%B024.jpg',4,NULL,'2018-06-21 15:18:30','2018-07-05 16:48:20',NULL),(379,'버거25.jpg','/samples/%EB%B2%84%EA%B1%B025.jpg',4,NULL,'2018-06-21 15:18:31','2018-07-05 16:48:20',NULL),(380,'버거26.jpg','/samples/%EB%B2%84%EA%B1%B026.jpg',4,NULL,'2018-06-21 15:18:31','2018-07-05 16:48:20',NULL),(381,'버거27.jpg','/samples/%EB%B2%84%EA%B1%B027.jpg',4,NULL,'2018-06-21 15:18:31','2018-07-05 16:48:20',NULL),(382,'버거28.jpg','/samples/%EB%B2%84%EA%B1%B028.jpg',4,NULL,'2018-06-21 15:18:31','2018-07-05 16:48:20',NULL),(383,'버거29.jpg','/samples/%EB%B2%84%EA%B1%B029.jpg',4,NULL,'2018-06-21 15:18:31','2018-07-05 16:48:20',NULL),(384,'버거3.jpg','/samples/%EB%B2%84%EA%B1%B03.jpg',4,NULL,'2018-06-21 15:18:31','2018-07-05 16:48:20',NULL),(385,'버거30.jpg','/samples/%EB%B2%84%EA%B1%B030.jpg',4,NULL,'2018-06-21 15:18:31','2018-07-05 16:48:20',NULL),(386,'버거31.jpg','/samples/%EB%B2%84%EA%B1%B031.jpg',4,NULL,'2018-06-21 15:18:31','2018-07-05 16:48:20',NULL),(387,'버거32.jpg','/samples/%EB%B2%84%EA%B1%B032.jpg',4,NULL,'2018-06-21 15:18:31','2018-07-05 16:48:20',NULL),(388,'버거33.jpg','/samples/%EB%B2%84%EA%B1%B033.jpg',4,NULL,'2018-06-21 15:18:32','2018-07-05 16:48:20',NULL),(389,'버거34.jpg','/samples/%EB%B2%84%EA%B1%B034.jpg',4,NULL,'2018-06-21 15:18:32','2018-07-05 16:48:20',NULL),(390,'버거35.jpg','/samples/%EB%B2%84%EA%B1%B035.jpg',4,NULL,'2018-06-21 15:18:32','2018-07-05 16:48:20',NULL),(391,'버거36.jpg','/samples/%EB%B2%84%EA%B1%B036.jpg',4,NULL,'2018-06-21 15:18:32','2018-07-05 16:48:20',NULL),(392,'버거37.jpg','/samples/%EB%B2%84%EA%B1%B037.jpg',4,NULL,'2018-06-21 15:18:32','2018-07-05 16:48:20',NULL),(393,'버거38.jpg','/samples/%EB%B2%84%EA%B1%B038.jpg',4,NULL,'2018-06-21 15:18:32','2018-07-05 16:48:20',NULL),(394,'버거39.jpg','/samples/%EB%B2%84%EA%B1%B039.jpg',4,NULL,'2018-06-21 15:18:32','2018-07-05 16:48:20',NULL),(395,'버거4.jpg','/samples/%EB%B2%84%EA%B1%B04.jpg',4,NULL,'2018-06-21 15:18:32','2018-07-05 16:48:21',NULL),(396,'버거40.jpg','/samples/%EB%B2%84%EA%B1%B040.jpg',4,NULL,'2018-06-21 15:18:32','2018-07-05 16:48:21',NULL),(397,'버거41.jpg','/samples/%EB%B2%84%EA%B1%B041.jpg',4,NULL,'2018-06-21 15:18:33','2018-07-05 16:48:21',NULL),(398,'버거42.jpg','/samples/%EB%B2%84%EA%B1%B042.jpg',4,NULL,'2018-06-21 15:18:33','2018-07-05 16:48:21',NULL),(399,'버거43.jpg','/samples/%EB%B2%84%EA%B1%B043.jpg',4,NULL,'2018-06-21 15:18:33','2018-07-05 16:48:21',NULL),(400,'버거44.jpg','/samples/%EB%B2%84%EA%B1%B044.jpg',4,NULL,'2018-06-21 15:18:33','2018-07-05 16:48:21',NULL),(401,'버거45.jpg','/samples/%EB%B2%84%EA%B1%B045.jpg',4,NULL,'2018-06-21 15:18:33','2018-07-05 16:48:21',NULL),(402,'버거5.jpg','/samples/%EB%B2%84%EA%B1%B05.jpg',4,NULL,'2018-06-21 15:18:33','2018-07-05 16:48:21',NULL),(403,'버거6.jpg','/samples/%EB%B2%84%EA%B1%B06.jpg',4,NULL,'2018-06-21 15:18:33','2018-07-05 16:48:21',NULL),(404,'버거7.jpg','/samples/%EB%B2%84%EA%B1%B07.jpg',4,NULL,'2018-06-21 15:18:33','2018-07-05 16:48:21',NULL),(405,'버거8.jpg','/samples/%EB%B2%84%EA%B1%B08.jpg',4,NULL,'2018-06-21 15:18:33','2018-07-05 16:48:21',NULL),(406,'버거9.jpg','/samples/%EB%B2%84%EA%B1%B09.jpg',4,NULL,'2018-06-21 15:18:33','2018-07-05 16:48:21',NULL),(407,'볶음1.jpg','/samples/%EB%B3%B6%EC%9D%8C1.jpg',5,NULL,'2018-06-21 15:19:09','2018-07-05 16:48:21',NULL),(408,'볶음10.jpg','/samples/%EB%B3%B6%EC%9D%8C10.jpg',5,NULL,'2018-06-21 15:19:09','2018-07-05 16:48:21',NULL),(409,'볶음11.jpg','/samples/%EB%B3%B6%EC%9D%8C11.jpg',5,NULL,'2018-06-21 15:19:09','2018-07-05 16:48:21',NULL),(410,'볶음12.jpg','/samples/%EB%B3%B6%EC%9D%8C12.jpg',5,NULL,'2018-06-21 15:19:09','2018-07-05 16:48:21',NULL),(411,'볶음13.jpg','/samples/%EB%B3%B6%EC%9D%8C13.jpg',5,NULL,'2018-06-21 15:19:09','2018-07-05 16:48:21',NULL),(412,'볶음14.jpg','/samples/%EB%B3%B6%EC%9D%8C14.jpg',5,NULL,'2018-06-21 15:19:09','2018-07-05 16:48:21',NULL),(413,'볶음15.jpg','/samples/%EB%B3%B6%EC%9D%8C15.jpg',5,NULL,'2018-06-21 15:19:09','2018-07-05 16:48:21',NULL),(414,'볶음16.jpg','/samples/%EB%B3%B6%EC%9D%8C16.jpg',5,NULL,'2018-06-21 15:19:10','2018-07-05 16:48:21',NULL),(415,'볶음17.jpg','/samples/%EB%B3%B6%EC%9D%8C17.jpg',5,NULL,'2018-06-21 15:19:10','2018-07-05 16:48:21',NULL),(416,'볶음18.jpg','/samples/%EB%B3%B6%EC%9D%8C18.jpg',5,NULL,'2018-06-21 15:19:10','2018-07-05 16:48:21',NULL),(417,'볶음19.jpg','/samples/%EB%B3%B6%EC%9D%8C19.jpg',5,NULL,'2018-06-21 15:19:10','2018-07-05 16:48:21',NULL),(418,'볶음2.jpg','/samples/%EB%B3%B6%EC%9D%8C2.jpg',5,NULL,'2018-06-21 15:19:10','2018-07-05 16:48:21',NULL),(419,'볶음20.jpg','/samples/%EB%B3%B6%EC%9D%8C20.jpg',5,NULL,'2018-06-21 15:19:10','2018-07-05 16:48:21',NULL),(420,'볶음21.jpg','/samples/%EB%B3%B6%EC%9D%8C21.jpg',5,NULL,'2018-06-21 15:19:10','2018-07-05 16:48:21',NULL),(421,'볶음22.jpg','/samples/%EB%B3%B6%EC%9D%8C22.jpg',5,NULL,'2018-06-21 15:19:10','2018-07-05 16:48:21',NULL),(422,'볶음23.jpg','/samples/%EB%B3%B6%EC%9D%8C23.jpg',5,NULL,'2018-06-21 15:19:10','2018-07-05 16:48:21',NULL),(423,'볶음24.jpg','/samples/%EB%B3%B6%EC%9D%8C24.jpg',5,NULL,'2018-06-21 15:19:10','2018-07-05 16:48:21',NULL),(424,'볶음25.jpg','/samples/%EB%B3%B6%EC%9D%8C25.jpg',5,NULL,'2018-06-21 15:19:11','2018-07-05 16:48:21',NULL),(425,'볶음26.jpg','/samples/%EB%B3%B6%EC%9D%8C26.jpg',5,NULL,'2018-06-21 15:19:11','2018-07-05 16:48:21',NULL),(426,'볶음27.jpg','/samples/%EB%B3%B6%EC%9D%8C27.jpg',5,NULL,'2018-06-21 15:19:11','2018-07-05 16:48:21',NULL),(427,'볶음28.jpg','/samples/%EB%B3%B6%EC%9D%8C28.jpg',5,NULL,'2018-06-21 15:19:11','2018-07-05 16:48:21',NULL),(428,'볶음29.jpg','/samples/%EB%B3%B6%EC%9D%8C29.jpg',5,NULL,'2018-06-21 15:19:11','2018-07-05 16:48:21',NULL),(429,'볶음3.jpg','/samples/%EB%B3%B6%EC%9D%8C3.jpg',5,NULL,'2018-06-21 15:19:11','2018-07-05 16:48:21',NULL),(430,'볶음4.jpg','/samples/%EB%B3%B6%EC%9D%8C4.jpg',5,NULL,'2018-06-21 15:19:11','2018-07-05 16:48:21',NULL),(431,'볶음5.jpg','/samples/%EB%B3%B6%EC%9D%8C5.jpg',5,NULL,'2018-06-21 15:19:11','2018-07-05 16:48:21',NULL),(432,'볶음6.jpg','/samples/%EB%B3%B6%EC%9D%8C6.jpg',5,NULL,'2018-06-21 15:19:12','2018-07-05 16:48:21',NULL),(433,'볶음7.jpg','/samples/%EB%B3%B6%EC%9D%8C7.jpg',5,NULL,'2018-06-21 15:19:12','2018-07-05 16:48:21',NULL),(434,'볶음8.jpg','/samples/%EB%B3%B6%EC%9D%8C8.jpg',5,NULL,'2018-06-21 15:19:12','2018-07-05 16:48:21',NULL),(435,'볶음9.jpg','/samples/%EB%B3%B6%EC%9D%8C9.jpg',5,NULL,'2018-06-21 15:19:12','2018-07-05 16:48:21',NULL),(436,'분식1.jpg','/samples/%EB%B6%84%EC%8B%9D1.jpg',6,NULL,'2018-06-21 15:19:48','2018-07-05 16:48:21',NULL),(437,'분식10.jpg','/samples/%EB%B6%84%EC%8B%9D10.jpg',6,NULL,'2018-06-21 15:19:48','2018-07-05 16:48:21',NULL),(438,'분식100.jpg','/samples/%EB%B6%84%EC%8B%9D100.jpg',6,NULL,'2018-06-21 15:19:48','2018-07-05 16:48:21',NULL),(439,'분식101.jpg','/samples/%EB%B6%84%EC%8B%9D101.jpg',6,NULL,'2018-06-21 15:19:48','2018-07-05 16:48:21',NULL),(440,'분식102.jpg','/samples/%EB%B6%84%EC%8B%9D102.jpg',6,NULL,'2018-06-21 15:19:48','2018-07-05 16:48:21',NULL),(441,'분식103.jpg','/samples/%EB%B6%84%EC%8B%9D103.jpg',6,NULL,'2018-06-21 15:19:48','2018-07-05 16:48:21',NULL),(442,'분식104.jpg','/samples/%EB%B6%84%EC%8B%9D104.jpg',6,NULL,'2018-06-21 15:19:48','2018-07-05 16:48:21',NULL),(443,'분식105.jpg','/samples/%EB%B6%84%EC%8B%9D105.jpg',6,NULL,'2018-06-21 15:19:48','2018-07-05 16:48:21',NULL),(444,'분식106.jpg','/samples/%EB%B6%84%EC%8B%9D106.jpg',6,NULL,'2018-06-21 15:19:49','2018-07-05 16:48:21',NULL),(445,'분식107.jpg','/samples/%EB%B6%84%EC%8B%9D107.jpg',6,NULL,'2018-06-21 15:19:49','2018-07-05 16:48:21',NULL),(446,'분식108.jpg','/samples/%EB%B6%84%EC%8B%9D108.jpg',6,NULL,'2018-06-21 15:19:49','2018-07-05 16:48:21',NULL),(447,'분식109.jpg','/samples/%EB%B6%84%EC%8B%9D109.jpg',6,NULL,'2018-06-21 15:19:49','2018-07-05 16:48:21',NULL),(448,'분식11.jpg','/samples/%EB%B6%84%EC%8B%9D11.jpg',6,NULL,'2018-06-21 15:19:49','2018-07-05 16:48:21',NULL),(449,'분식110.jpg','/samples/%EB%B6%84%EC%8B%9D110.jpg',6,NULL,'2018-06-21 15:19:49','2018-07-05 16:48:22',NULL),(450,'분식111.jpg','/samples/%EB%B6%84%EC%8B%9D111.jpg',6,NULL,'2018-06-21 15:19:49','2018-07-05 16:48:22',NULL),(451,'분식112.jpg','/samples/%EB%B6%84%EC%8B%9D112.jpg',6,NULL,'2018-06-21 15:19:49','2018-07-05 16:48:22',NULL),(452,'분식113.jpg','/samples/%EB%B6%84%EC%8B%9D113.jpg',6,NULL,'2018-06-21 15:19:49','2018-07-05 16:48:22',NULL),(453,'분식114.jpg','/samples/%EB%B6%84%EC%8B%9D114.jpg',6,NULL,'2018-06-21 15:19:49','2018-07-05 16:48:22',NULL),(454,'분식115.jpg','/samples/%EB%B6%84%EC%8B%9D115.jpg',6,NULL,'2018-06-21 15:19:50','2018-07-05 16:48:22',NULL),(455,'분식116.jpg','/samples/%EB%B6%84%EC%8B%9D116.jpg',6,NULL,'2018-06-21 15:19:50','2018-07-05 16:48:22',NULL),(456,'분식117.jpg','/samples/%EB%B6%84%EC%8B%9D117.jpg',6,NULL,'2018-06-21 15:19:50','2018-07-05 16:48:22',NULL),(457,'분식118.jpg','/samples/%EB%B6%84%EC%8B%9D118.jpg',6,NULL,'2018-06-21 15:19:50','2018-07-05 16:48:22',NULL),(458,'분식119.jpg','/samples/%EB%B6%84%EC%8B%9D119.jpg',6,NULL,'2018-06-21 15:19:50','2018-07-05 16:48:22',NULL),(459,'분식12.jpg','/samples/%EB%B6%84%EC%8B%9D12.jpg',6,NULL,'2018-06-21 15:19:50','2018-07-05 16:48:22',NULL),(460,'분식120.jpg','/samples/%EB%B6%84%EC%8B%9D120.jpg',6,NULL,'2018-06-21 15:19:50','2018-07-05 16:48:22',NULL),(461,'분식13.jpg','/samples/%EB%B6%84%EC%8B%9D13.jpg',6,NULL,'2018-06-21 15:19:50','2018-07-05 16:48:22',NULL),(462,'분식14.jpg','/samples/%EB%B6%84%EC%8B%9D14.jpg',6,NULL,'2018-06-21 15:19:50','2018-07-05 16:48:22',NULL),(463,'분식15.jpg','/samples/%EB%B6%84%EC%8B%9D15.jpg',6,NULL,'2018-06-21 15:19:50','2018-07-05 16:48:22',NULL),(464,'분식16.jpg','/samples/%EB%B6%84%EC%8B%9D16.jpg',6,NULL,'2018-06-21 15:19:51','2018-07-05 16:48:22',NULL),(465,'분식17.jpg','/samples/%EB%B6%84%EC%8B%9D17.jpg',6,NULL,'2018-06-21 15:19:51','2018-07-05 16:48:22',NULL),(466,'분식18.jpg','/samples/%EB%B6%84%EC%8B%9D18.jpg',6,NULL,'2018-06-21 15:19:51','2018-07-05 16:48:22',NULL),(467,'분식19.jpg','/samples/%EB%B6%84%EC%8B%9D19.jpg',6,NULL,'2018-06-21 15:19:51','2018-07-05 16:48:22',NULL),(468,'분식2.jpg','/samples/%EB%B6%84%EC%8B%9D2.jpg',6,NULL,'2018-06-21 15:19:51','2018-07-05 16:48:22',NULL),(469,'분식20.jpg','/samples/%EB%B6%84%EC%8B%9D20.jpg',6,NULL,'2018-06-21 15:19:51','2018-07-05 16:48:22',NULL),(470,'분식21.jpg','/samples/%EB%B6%84%EC%8B%9D21.jpg',6,NULL,'2018-06-21 15:19:51','2018-07-05 16:48:22',NULL),(471,'분식22.jpg','/samples/%EB%B6%84%EC%8B%9D22.jpg',6,NULL,'2018-06-21 15:19:51','2018-07-05 16:48:22',NULL),(472,'분식23.jpg','/samples/%EB%B6%84%EC%8B%9D23.jpg',6,NULL,'2018-06-21 15:19:52','2018-07-05 16:48:22',NULL),(473,'분식24.jpg','/samples/%EB%B6%84%EC%8B%9D24.jpg',6,NULL,'2018-06-21 15:19:52','2018-07-05 16:48:22',NULL),(474,'분식25.jpg','/samples/%EB%B6%84%EC%8B%9D25.jpg',6,NULL,'2018-06-21 15:19:52','2018-07-05 16:48:22',NULL),(475,'분식26.jpg','/samples/%EB%B6%84%EC%8B%9D26.jpg',6,NULL,'2018-06-21 15:19:52','2018-07-05 16:48:22',NULL),(476,'분식27.jpg','/samples/%EB%B6%84%EC%8B%9D27.jpg',6,NULL,'2018-06-21 15:19:52','2018-07-05 16:48:22',NULL),(477,'분식28.jpg','/samples/%EB%B6%84%EC%8B%9D28.jpg',6,NULL,'2018-06-21 15:19:52','2018-07-05 16:48:22',NULL),(478,'분식29.jpg','/samples/%EB%B6%84%EC%8B%9D29.jpg',6,NULL,'2018-06-21 15:19:52','2018-07-05 16:48:22',NULL),(479,'분식3.jpg','/samples/%EB%B6%84%EC%8B%9D3.jpg',6,NULL,'2018-06-21 15:19:52','2018-07-05 16:48:22',NULL),(480,'분식30.jpg','/samples/%EB%B6%84%EC%8B%9D30.jpg',6,NULL,'2018-06-21 15:19:52','2018-07-05 16:48:22',NULL),(481,'분식31.jpg','/samples/%EB%B6%84%EC%8B%9D31.jpg',6,NULL,'2018-06-21 15:19:52','2018-07-05 16:48:22',NULL),(482,'분식32.jpg','/samples/%EB%B6%84%EC%8B%9D32.jpg',6,NULL,'2018-06-21 15:19:53','2018-07-05 16:48:22',NULL),(483,'분식33.jpg','/samples/%EB%B6%84%EC%8B%9D33.jpg',6,NULL,'2018-06-21 15:19:53','2018-07-05 16:48:22',NULL),(484,'분식34.jpg','/samples/%EB%B6%84%EC%8B%9D34.jpg',6,NULL,'2018-06-21 15:19:53','2018-07-05 16:48:22',NULL),(485,'분식35.jpg','/samples/%EB%B6%84%EC%8B%9D35.jpg',6,NULL,'2018-06-21 15:19:53','2018-07-05 16:48:22',NULL),(486,'분식36.jpg','/samples/%EB%B6%84%EC%8B%9D36.jpg',6,NULL,'2018-06-21 15:19:53','2018-07-05 16:48:22',NULL),(487,'분식37.jpg','/samples/%EB%B6%84%EC%8B%9D37.jpg',6,NULL,'2018-06-21 15:19:53','2018-07-05 16:48:22',NULL),(488,'분식38.jpg','/samples/%EB%B6%84%EC%8B%9D38.jpg',6,NULL,'2018-06-21 15:19:53','2018-07-05 16:48:22',NULL),(489,'분식39.jpg','/samples/%EB%B6%84%EC%8B%9D39.jpg',6,NULL,'2018-06-21 15:19:53','2018-07-05 16:48:22',NULL),(490,'분식4.jpg','/samples/%EB%B6%84%EC%8B%9D4.jpg',6,NULL,'2018-06-21 15:19:53','2018-07-05 16:48:22',NULL),(491,'분식40.jpg','/samples/%EB%B6%84%EC%8B%9D40.jpg',6,NULL,'2018-06-21 15:19:53','2018-07-05 16:48:22',NULL),(492,'분식41.jpg','/samples/%EB%B6%84%EC%8B%9D41.jpg',6,NULL,'2018-06-21 15:19:54','2018-07-05 16:48:22',NULL),(493,'분식42.jpg','/samples/%EB%B6%84%EC%8B%9D42.jpg',6,NULL,'2018-06-21 15:19:54','2018-07-05 16:48:22',NULL),(494,'분식43.jpg','/samples/%EB%B6%84%EC%8B%9D43.jpg',6,NULL,'2018-06-21 15:19:54','2018-07-05 16:48:22',NULL),(495,'분식44.jpg','/samples/%EB%B6%84%EC%8B%9D44.jpg',6,NULL,'2018-06-21 15:19:54','2018-07-05 16:48:22',NULL),(496,'분식45.jpg','/samples/%EB%B6%84%EC%8B%9D45.jpg',6,NULL,'2018-06-21 15:19:54','2018-07-05 16:48:22',NULL),(497,'분식46.jpg','/samples/%EB%B6%84%EC%8B%9D46.jpg',6,NULL,'2018-06-21 15:19:54','2018-07-05 16:48:22',NULL),(498,'분식47.jpg','/samples/%EB%B6%84%EC%8B%9D47.jpg',6,NULL,'2018-06-21 15:19:54','2018-07-05 16:48:22',NULL),(499,'분식48.jpg','/samples/%EB%B6%84%EC%8B%9D48.jpg',6,NULL,'2018-06-21 15:19:54','2018-07-05 16:48:22',NULL),(500,'분식49.jpg','/samples/%EB%B6%84%EC%8B%9D49.jpg',6,NULL,'2018-06-21 15:19:54','2018-07-05 16:48:22',NULL),(501,'분식5.jpg','/samples/%EB%B6%84%EC%8B%9D5.jpg',6,NULL,'2018-06-21 15:19:54','2018-07-05 16:48:22',NULL),(502,'분식50.jpg','/samples/%EB%B6%84%EC%8B%9D50.jpg',6,NULL,'2018-06-21 15:19:54','2018-07-05 16:48:22',NULL),(503,'분식51.jpg','/samples/%EB%B6%84%EC%8B%9D51.jpg',6,NULL,'2018-06-21 15:19:55','2018-07-05 16:48:22',NULL),(504,'분식52.jpg','/samples/%EB%B6%84%EC%8B%9D52.jpg',6,NULL,'2018-06-21 15:19:55','2018-07-05 16:48:22',NULL),(505,'분식53.jpg','/samples/%EB%B6%84%EC%8B%9D53.jpg',6,NULL,'2018-06-21 15:19:55','2018-07-05 16:48:22',NULL),(506,'분식54.jpg','/samples/%EB%B6%84%EC%8B%9D54.jpg',6,NULL,'2018-06-21 15:19:55','2018-07-05 16:48:22',NULL),(507,'분식55.jpg','/samples/%EB%B6%84%EC%8B%9D55.jpg',6,NULL,'2018-06-21 15:19:55','2018-07-05 16:48:23',NULL),(508,'분식56.jpg','/samples/%EB%B6%84%EC%8B%9D56.jpg',6,NULL,'2018-06-21 15:19:55','2018-07-05 16:48:23',NULL),(509,'분식57.jpg','/samples/%EB%B6%84%EC%8B%9D57.jpg',6,NULL,'2018-06-21 15:19:55','2018-07-05 16:48:23',NULL),(510,'분식58.jpg','/samples/%EB%B6%84%EC%8B%9D58.jpg',6,NULL,'2018-06-21 15:19:55','2018-07-05 16:48:23',NULL),(511,'분식59.jpg','/samples/%EB%B6%84%EC%8B%9D59.jpg',6,NULL,'2018-06-21 15:19:55','2018-07-05 16:48:23',NULL),(512,'분식6.jpg','/samples/%EB%B6%84%EC%8B%9D6.jpg',6,NULL,'2018-06-21 15:19:55','2018-07-05 16:48:23',NULL),(513,'분식60.jpg','/samples/%EB%B6%84%EC%8B%9D60.jpg',6,NULL,'2018-06-21 15:19:55','2018-07-05 16:48:23',NULL),(514,'분식61.jpg','/samples/%EB%B6%84%EC%8B%9D61.jpg',6,NULL,'2018-06-21 15:19:56','2018-07-05 16:48:23',NULL),(515,'분식62.jpg','/samples/%EB%B6%84%EC%8B%9D62.jpg',6,NULL,'2018-06-21 15:19:56','2018-07-05 16:48:23',NULL),(516,'분식63.jpg','/samples/%EB%B6%84%EC%8B%9D63.jpg',6,NULL,'2018-06-21 15:19:56','2018-07-05 16:48:23',NULL),(517,'분식64.jpg','/samples/%EB%B6%84%EC%8B%9D64.jpg',6,NULL,'2018-06-21 15:19:56','2018-07-05 16:48:23',NULL),(518,'분식65.jpg','/samples/%EB%B6%84%EC%8B%9D65.jpg',6,NULL,'2018-06-21 15:19:56','2018-07-05 16:48:23',NULL),(519,'분식66.jpg','/samples/%EB%B6%84%EC%8B%9D66.jpg',6,NULL,'2018-06-21 15:19:56','2018-07-05 16:48:23',NULL),(520,'분식67.jpg','/samples/%EB%B6%84%EC%8B%9D67.jpg',6,NULL,'2018-06-21 15:19:56','2018-07-05 16:48:23',NULL),(521,'분식68.jpg','/samples/%EB%B6%84%EC%8B%9D68.jpg',6,NULL,'2018-06-21 15:19:56','2018-07-05 16:48:23',NULL),(522,'분식69.jpg','/samples/%EB%B6%84%EC%8B%9D69.jpg',6,NULL,'2018-06-21 15:19:56','2018-07-05 16:48:23',NULL),(523,'분식7.jpg','/samples/%EB%B6%84%EC%8B%9D7.jpg',6,NULL,'2018-06-21 15:19:56','2018-07-05 16:48:23',NULL),(524,'분식70.jpg','/samples/%EB%B6%84%EC%8B%9D70.jpg',6,NULL,'2018-06-21 15:19:57','2018-07-05 16:48:23',NULL),(525,'분식71.jpg','/samples/%EB%B6%84%EC%8B%9D71.jpg',6,NULL,'2018-06-21 15:19:57','2018-07-05 16:48:23',NULL),(526,'분식72.jpg','/samples/%EB%B6%84%EC%8B%9D72.jpg',6,NULL,'2018-06-21 15:19:57','2018-07-05 16:48:23',NULL),(527,'분식73.jpg','/samples/%EB%B6%84%EC%8B%9D73.jpg',6,NULL,'2018-06-21 15:19:57','2018-07-05 16:48:23',NULL),(528,'분식74.jpg','/samples/%EB%B6%84%EC%8B%9D74.jpg',6,NULL,'2018-06-21 15:19:57','2018-07-05 16:48:23',NULL),(529,'분식75.jpg','/samples/%EB%B6%84%EC%8B%9D75.jpg',6,NULL,'2018-06-21 15:19:57','2018-07-05 16:48:23',NULL),(530,'분식76.jpg','/samples/%EB%B6%84%EC%8B%9D76.jpg',6,NULL,'2018-06-21 15:19:57','2018-07-05 16:48:23',NULL),(531,'분식77.jpg','/samples/%EB%B6%84%EC%8B%9D77.jpg',6,NULL,'2018-06-21 15:19:57','2018-07-05 16:48:23',NULL),(532,'분식78.jpg','/samples/%EB%B6%84%EC%8B%9D78.jpg',6,NULL,'2018-06-21 15:19:57','2018-07-05 16:48:23',NULL),(533,'분식79.jpg','/samples/%EB%B6%84%EC%8B%9D79.jpg',6,NULL,'2018-06-21 15:19:57','2018-07-05 16:48:23',NULL),(534,'분식8.jpg','/samples/%EB%B6%84%EC%8B%9D8.jpg',6,NULL,'2018-06-21 15:19:58','2018-07-05 16:48:23',NULL),(535,'분식80.jpg','/samples/%EB%B6%84%EC%8B%9D80.jpg',6,NULL,'2018-06-21 15:19:58','2018-07-05 16:48:23',NULL),(536,'분식81.jpg','/samples/%EB%B6%84%EC%8B%9D81.jpg',6,NULL,'2018-06-21 15:19:58','2018-07-05 16:48:23',NULL),(537,'분식82.jpg','/samples/%EB%B6%84%EC%8B%9D82.jpg',6,NULL,'2018-06-21 15:19:58','2018-07-05 16:48:23',NULL),(538,'분식83.jpg','/samples/%EB%B6%84%EC%8B%9D83.jpg',6,NULL,'2018-06-21 15:19:58','2018-07-05 16:48:23',NULL),(539,'분식84.jpg','/samples/%EB%B6%84%EC%8B%9D84.jpg',6,NULL,'2018-06-21 15:19:58','2018-07-05 16:48:23',NULL),(540,'분식85.jpg','/samples/%EB%B6%84%EC%8B%9D85.jpg',6,NULL,'2018-06-21 15:19:58','2018-07-05 16:48:23',NULL),(541,'분식86.jpg','/samples/%EB%B6%84%EC%8B%9D86.jpg',6,NULL,'2018-06-21 15:19:58','2018-07-05 16:48:23',NULL),(542,'분식87.jpg','/samples/%EB%B6%84%EC%8B%9D87.jpg',6,NULL,'2018-06-21 15:19:58','2018-07-05 16:48:23',NULL),(543,'분식88.jpg','/samples/%EB%B6%84%EC%8B%9D88.jpg',6,NULL,'2018-06-21 15:19:59','2018-07-05 16:48:23',NULL),(544,'분식89.jpg','/samples/%EB%B6%84%EC%8B%9D89.jpg',6,NULL,'2018-06-21 15:19:59','2018-07-05 16:48:23',NULL),(545,'분식9.jpg','/samples/%EB%B6%84%EC%8B%9D9.jpg',6,NULL,'2018-06-21 15:19:59','2018-07-05 16:48:23',NULL),(546,'분식90.jpg','/samples/%EB%B6%84%EC%8B%9D90.jpg',6,NULL,'2018-06-21 15:19:59','2018-07-05 16:48:23',NULL),(547,'분식91.jpg','/samples/%EB%B6%84%EC%8B%9D91.jpg',6,NULL,'2018-06-21 15:19:59','2018-07-05 16:48:23',NULL),(548,'분식92.jpg','/samples/%EB%B6%84%EC%8B%9D92.jpg',6,NULL,'2018-06-21 15:19:59','2018-07-05 16:48:23',NULL),(549,'분식93.jpg','/samples/%EB%B6%84%EC%8B%9D93.jpg',6,NULL,'2018-06-21 15:19:59','2018-07-05 16:48:23',NULL),(550,'분식94.jpg','/samples/%EB%B6%84%EC%8B%9D94.jpg',6,NULL,'2018-06-21 15:19:59','2018-07-05 16:48:23',NULL),(551,'분식95.jpg','/samples/%EB%B6%84%EC%8B%9D95.jpg',6,NULL,'2018-06-21 15:19:59','2018-07-05 16:48:23',NULL),(552,'분식96.jpg','/samples/%EB%B6%84%EC%8B%9D96.jpg',6,NULL,'2018-06-21 15:20:00','2018-07-05 16:48:23',NULL),(553,'분식97.jpg','/samples/%EB%B6%84%EC%8B%9D97.jpg',6,NULL,'2018-06-21 15:20:00','2018-07-05 16:48:23',NULL),(554,'분식98.jpg','/samples/%EB%B6%84%EC%8B%9D98.jpg',6,NULL,'2018-06-21 15:20:00','2018-07-05 16:48:23',NULL),(555,'분식99.jpg','/samples/%EB%B6%84%EC%8B%9D99.jpg',6,NULL,'2018-06-21 15:20:00','2018-07-05 16:48:23',NULL),(556,'샐러드,식전요리1.jpg','/samples/%EC%83%90%EB%9F%AC%EB%93%9C%2C%EC%8B%9D%EC%A0%84%EC%9A%94%EB%A6%AC1.jpg',7,NULL,'2018-06-21 15:20:34','2018-07-05 16:48:23',NULL),(557,'샐러드,식전요리10.jpg','/samples/%EC%83%90%EB%9F%AC%EB%93%9C%2C%EC%8B%9D%EC%A0%84%EC%9A%94%EB%A6%AC10.jpg',7,NULL,'2018-06-21 15:20:34','2018-07-05 16:48:23',NULL),(558,'샐러드,식전요리11.jpg','/samples/%EC%83%90%EB%9F%AC%EB%93%9C%2C%EC%8B%9D%EC%A0%84%EC%9A%94%EB%A6%AC11.jpg',7,NULL,'2018-06-21 15:20:34','2018-07-05 16:48:23',NULL),(559,'샐러드,식전요리12.jpg','/samples/%EC%83%90%EB%9F%AC%EB%93%9C%2C%EC%8B%9D%EC%A0%84%EC%9A%94%EB%A6%AC12.jpg',7,NULL,'2018-06-21 15:20:34','2018-07-05 16:48:23',NULL),(560,'샐러드,식전요리13.jpg','/samples/%EC%83%90%EB%9F%AC%EB%93%9C%2C%EC%8B%9D%EC%A0%84%EC%9A%94%EB%A6%AC13.jpg',7,NULL,'2018-06-21 15:20:34','2018-07-05 16:48:23',NULL),(561,'샐러드,식전요리14.jpg','/samples/%EC%83%90%EB%9F%AC%EB%93%9C%2C%EC%8B%9D%EC%A0%84%EC%9A%94%EB%A6%AC14.jpg',7,NULL,'2018-06-21 15:20:34','2018-07-05 16:48:23',NULL),(562,'샐러드,식전요리15.jpg','/samples/%EC%83%90%EB%9F%AC%EB%93%9C%2C%EC%8B%9D%EC%A0%84%EC%9A%94%EB%A6%AC15.jpg',7,NULL,'2018-06-21 15:20:34','2018-07-05 16:48:23',NULL),(563,'샐러드,식전요리16.jpg','/samples/%EC%83%90%EB%9F%AC%EB%93%9C%2C%EC%8B%9D%EC%A0%84%EC%9A%94%EB%A6%AC16.jpg',7,NULL,'2018-06-21 15:20:35','2018-07-05 16:48:23',NULL),(564,'샐러드,식전요리17.jpg','/samples/%EC%83%90%EB%9F%AC%EB%93%9C%2C%EC%8B%9D%EC%A0%84%EC%9A%94%EB%A6%AC17.jpg',7,NULL,'2018-06-21 15:20:35','2018-07-05 16:48:24',NULL),(565,'샐러드,식전요리18.jpg','/samples/%EC%83%90%EB%9F%AC%EB%93%9C%2C%EC%8B%9D%EC%A0%84%EC%9A%94%EB%A6%AC18.jpg',7,NULL,'2018-06-21 15:20:35','2018-07-05 16:48:24',NULL),(566,'샐러드,식전요리19.jpg','/samples/%EC%83%90%EB%9F%AC%EB%93%9C%2C%EC%8B%9D%EC%A0%84%EC%9A%94%EB%A6%AC19.jpg',7,NULL,'2018-06-21 15:20:35','2018-07-05 16:48:24',NULL),(567,'샐러드,식전요리2.jpg','/samples/%EC%83%90%EB%9F%AC%EB%93%9C%2C%EC%8B%9D%EC%A0%84%EC%9A%94%EB%A6%AC2.jpg',7,NULL,'2018-06-21 15:20:35','2018-07-05 16:48:24',NULL),(568,'샐러드,식전요리20.jpg','/samples/%EC%83%90%EB%9F%AC%EB%93%9C%2C%EC%8B%9D%EC%A0%84%EC%9A%94%EB%A6%AC20.jpg',7,NULL,'2018-06-21 15:20:35','2018-07-05 16:48:24',NULL),(569,'샐러드,식전요리21.jpg','/samples/%EC%83%90%EB%9F%AC%EB%93%9C%2C%EC%8B%9D%EC%A0%84%EC%9A%94%EB%A6%AC21.jpg',7,NULL,'2018-06-21 15:20:35','2018-07-05 16:48:24',NULL),(570,'샐러드,식전요리22.jpg','/samples/%EC%83%90%EB%9F%AC%EB%93%9C%2C%EC%8B%9D%EC%A0%84%EC%9A%94%EB%A6%AC22.jpg',7,NULL,'2018-06-21 15:20:35','2018-07-05 16:48:24',NULL),(571,'샐러드,식전요리23.jpg','/samples/%EC%83%90%EB%9F%AC%EB%93%9C%2C%EC%8B%9D%EC%A0%84%EC%9A%94%EB%A6%AC23.jpg',7,NULL,'2018-06-21 15:20:35','2018-07-05 16:48:24',NULL),(572,'샐러드,식전요리24.jpg','/samples/%EC%83%90%EB%9F%AC%EB%93%9C%2C%EC%8B%9D%EC%A0%84%EC%9A%94%EB%A6%AC24.jpg',7,NULL,'2018-06-21 15:20:35','2018-07-05 16:48:24',NULL),(573,'샐러드,식전요리25.jpg','/samples/%EC%83%90%EB%9F%AC%EB%93%9C%2C%EC%8B%9D%EC%A0%84%EC%9A%94%EB%A6%AC25.jpg',7,NULL,'2018-06-21 15:20:36','2018-07-05 16:48:24',NULL),(574,'샐러드,식전요리26.jpg','/samples/%EC%83%90%EB%9F%AC%EB%93%9C%2C%EC%8B%9D%EC%A0%84%EC%9A%94%EB%A6%AC26.jpg',7,NULL,'2018-06-21 15:20:36','2018-07-05 16:48:24',NULL),(575,'샐러드,식전요리27.jpg','/samples/%EC%83%90%EB%9F%AC%EB%93%9C%2C%EC%8B%9D%EC%A0%84%EC%9A%94%EB%A6%AC27.jpg',7,NULL,'2018-06-21 15:20:36','2018-07-05 16:48:24',NULL),(576,'샐러드,식전요리28.jpg','/samples/%EC%83%90%EB%9F%AC%EB%93%9C%2C%EC%8B%9D%EC%A0%84%EC%9A%94%EB%A6%AC28.jpg',7,NULL,'2018-06-21 15:20:36','2018-07-05 16:48:24',NULL),(577,'샐러드,식전요리29.jpg','/samples/%EC%83%90%EB%9F%AC%EB%93%9C%2C%EC%8B%9D%EC%A0%84%EC%9A%94%EB%A6%AC29.jpg',7,NULL,'2018-06-21 15:20:36','2018-07-05 16:48:24',NULL),(578,'샐러드,식전요리3.jpg','/samples/%EC%83%90%EB%9F%AC%EB%93%9C%2C%EC%8B%9D%EC%A0%84%EC%9A%94%EB%A6%AC3.jpg',7,NULL,'2018-06-21 15:20:36','2018-07-05 16:48:24',NULL),(579,'샐러드,식전요리30.jpg','/samples/%EC%83%90%EB%9F%AC%EB%93%9C%2C%EC%8B%9D%EC%A0%84%EC%9A%94%EB%A6%AC30.jpg',7,NULL,'2018-06-21 15:20:36','2018-07-05 16:48:24',NULL),(580,'샐러드,식전요리31.jpg','/samples/%EC%83%90%EB%9F%AC%EB%93%9C%2C%EC%8B%9D%EC%A0%84%EC%9A%94%EB%A6%AC31.jpg',7,NULL,'2018-06-21 15:20:36','2018-07-05 16:48:24',NULL),(581,'샐러드,식전요리32.jpg','/samples/%EC%83%90%EB%9F%AC%EB%93%9C%2C%EC%8B%9D%EC%A0%84%EC%9A%94%EB%A6%AC32.jpg',7,NULL,'2018-06-21 15:20:36','2018-07-05 16:48:24',NULL),(582,'샐러드,식전요리33.jpg','/samples/%EC%83%90%EB%9F%AC%EB%93%9C%2C%EC%8B%9D%EC%A0%84%EC%9A%94%EB%A6%AC33.jpg',7,NULL,'2018-06-21 15:20:36','2018-07-05 16:48:24',NULL),(583,'샐러드,식전요리34.jpg','/samples/%EC%83%90%EB%9F%AC%EB%93%9C%2C%EC%8B%9D%EC%A0%84%EC%9A%94%EB%A6%AC34.jpg',7,NULL,'2018-06-21 15:20:36','2018-07-05 16:48:24',NULL),(584,'샐러드,식전요리35.jpg','/samples/%EC%83%90%EB%9F%AC%EB%93%9C%2C%EC%8B%9D%EC%A0%84%EC%9A%94%EB%A6%AC35.jpg',7,NULL,'2018-06-21 15:20:37','2018-07-05 16:48:24',NULL),(585,'샐러드,식전요리36.jpg','/samples/%EC%83%90%EB%9F%AC%EB%93%9C%2C%EC%8B%9D%EC%A0%84%EC%9A%94%EB%A6%AC36.jpg',7,NULL,'2018-06-21 15:20:37','2018-07-05 16:48:24',NULL),(586,'샐러드,식전요리37.jpg','/samples/%EC%83%90%EB%9F%AC%EB%93%9C%2C%EC%8B%9D%EC%A0%84%EC%9A%94%EB%A6%AC37.jpg',7,NULL,'2018-06-21 15:20:37','2018-07-05 16:48:24',NULL),(587,'샐러드,식전요리38.jpg','/samples/%EC%83%90%EB%9F%AC%EB%93%9C%2C%EC%8B%9D%EC%A0%84%EC%9A%94%EB%A6%AC38.jpg',7,NULL,'2018-06-21 15:20:37','2018-07-05 16:48:24',NULL),(588,'샐러드,식전요리39.jpg','/samples/%EC%83%90%EB%9F%AC%EB%93%9C%2C%EC%8B%9D%EC%A0%84%EC%9A%94%EB%A6%AC39.jpg',7,NULL,'2018-06-21 15:20:37','2018-07-05 16:48:24',NULL),(589,'샐러드,식전요리4.jpg','/samples/%EC%83%90%EB%9F%AC%EB%93%9C%2C%EC%8B%9D%EC%A0%84%EC%9A%94%EB%A6%AC4.jpg',7,NULL,'2018-06-21 15:20:37','2018-07-05 16:48:24',NULL),(590,'샐러드,식전요리40.jpg','/samples/%EC%83%90%EB%9F%AC%EB%93%9C%2C%EC%8B%9D%EC%A0%84%EC%9A%94%EB%A6%AC40.jpg',7,NULL,'2018-06-21 15:20:37','2018-07-05 16:48:24',NULL),(591,'샐러드,식전요리41.jpg','/samples/%EC%83%90%EB%9F%AC%EB%93%9C%2C%EC%8B%9D%EC%A0%84%EC%9A%94%EB%A6%AC41.jpg',7,NULL,'2018-06-21 15:20:37','2018-07-05 16:48:24',NULL),(592,'샐러드,식전요리5.jpg','/samples/%EC%83%90%EB%9F%AC%EB%93%9C%2C%EC%8B%9D%EC%A0%84%EC%9A%94%EB%A6%AC5.jpg',7,NULL,'2018-06-21 15:20:37','2018-07-05 16:48:24',NULL),(593,'샐러드,식전요리6.jpg','/samples/%EC%83%90%EB%9F%AC%EB%93%9C%2C%EC%8B%9D%EC%A0%84%EC%9A%94%EB%A6%AC6.jpg',7,NULL,'2018-06-21 15:20:38','2018-07-05 16:48:24',NULL),(594,'샐러드,식전요리7.jpg','/samples/%EC%83%90%EB%9F%AC%EB%93%9C%2C%EC%8B%9D%EC%A0%84%EC%9A%94%EB%A6%AC7.jpg',7,NULL,'2018-06-21 15:20:38','2018-07-05 16:48:24',NULL),(595,'샐러드,식전요리8.jpg','/samples/%EC%83%90%EB%9F%AC%EB%93%9C%2C%EC%8B%9D%EC%A0%84%EC%9A%94%EB%A6%AC8.jpg',7,NULL,'2018-06-21 15:20:38','2018-07-05 16:48:24',NULL),(596,'샐러드,식전요리9.jpg','/samples/%EC%83%90%EB%9F%AC%EB%93%9C%2C%EC%8B%9D%EC%A0%84%EC%9A%94%EB%A6%AC9.jpg',7,NULL,'2018-06-21 15:20:38','2018-07-05 16:48:24',NULL),(597,'술1.jpg','/samples/%EC%88%A01.jpg',8,NULL,'2018-06-21 15:21:06','2018-07-05 16:48:24',NULL),(598,'술10.jpg','/samples/%EC%88%A010.jpg',8,NULL,'2018-06-21 15:21:06','2018-07-05 16:48:24',NULL),(599,'술11.jpg','/samples/%EC%88%A011.jpg',8,NULL,'2018-06-21 15:21:06','2018-07-05 16:48:24',NULL),(600,'술12.jpg','/samples/%EC%88%A012.jpg',8,NULL,'2018-06-21 15:21:07','2018-07-05 16:48:24',NULL),(601,'술13.jpg','/samples/%EC%88%A013.jpg',8,NULL,'2018-06-21 15:21:07','2018-07-05 16:48:24',NULL),(602,'술14.jpg','/samples/%EC%88%A014.jpg',8,NULL,'2018-06-21 15:21:07','2018-07-05 16:48:24',NULL),(603,'술15.jpg','/samples/%EC%88%A015.jpg',8,NULL,'2018-06-21 15:21:07','2018-07-05 16:48:24',NULL),(604,'술16.jpg','/samples/%EC%88%A016.jpg',8,NULL,'2018-06-21 15:21:07','2018-07-05 16:48:24',NULL),(605,'술17.jpg','/samples/%EC%88%A017.jpg',8,NULL,'2018-06-21 15:21:07','2018-07-05 16:48:24',NULL),(606,'술18.jpg','/samples/%EC%88%A018.jpg',8,NULL,'2018-06-21 15:21:07','2018-07-05 16:48:24',NULL),(607,'술19.jpg','/samples/%EC%88%A019.jpg',8,NULL,'2018-06-21 15:21:07','2018-07-05 16:48:24',NULL),(608,'술2.jpg','/samples/%EC%88%A02.jpg',8,NULL,'2018-06-21 15:21:07','2018-07-05 16:48:24',NULL),(609,'술20.jpg','/samples/%EC%88%A020.jpg',8,NULL,'2018-06-21 15:21:07','2018-07-05 16:48:24',NULL),(610,'술21.jpg','/samples/%EC%88%A021.jpg',8,NULL,'2018-06-21 15:21:08','2018-07-05 16:48:24',NULL),(611,'술22.jpg','/samples/%EC%88%A022.jpg',8,NULL,'2018-06-21 15:21:08','2018-07-05 16:48:24',NULL),(612,'술23.jpg','/samples/%EC%88%A023.jpg',8,NULL,'2018-06-21 15:21:08','2018-07-05 16:48:24',NULL),(613,'술24.jpg','/samples/%EC%88%A024.jpg',8,NULL,'2018-06-21 15:21:08','2018-07-05 16:48:24',NULL),(614,'술25.jpg','/samples/%EC%88%A025.jpg',8,NULL,'2018-06-21 15:21:08','2018-07-05 16:48:24',NULL),(615,'술26.jpg','/samples/%EC%88%A026.jpg',8,NULL,'2018-06-21 15:21:08','2018-07-05 16:48:24',NULL),(616,'술27.jpg','/samples/%EC%88%A027.jpg',8,NULL,'2018-06-21 15:21:08','2018-07-05 16:48:24',NULL),(617,'술28.jpg','/samples/%EC%88%A028.jpg',8,NULL,'2018-06-21 15:21:08','2018-07-05 16:48:24',NULL),(618,'술29.jpg','/samples/%EC%88%A029.jpg',8,NULL,'2018-06-21 15:21:08','2018-07-05 16:48:24',NULL),(619,'술3.jpg','/samples/%EC%88%A03.jpg',8,NULL,'2018-06-21 15:21:09','2018-07-05 16:48:24',NULL),(620,'술30.jpg','/samples/%EC%88%A030.jpg',8,NULL,'2018-06-21 15:21:09','2018-07-05 16:48:24',NULL),(621,'술31.jpg','/samples/%EC%88%A031.jpg',8,NULL,'2018-06-21 15:21:09','2018-07-05 16:48:24',NULL),(622,'술32.jpg','/samples/%EC%88%A032.jpg',8,NULL,'2018-06-21 15:21:09','2018-07-05 16:48:24',NULL),(623,'술33.jpg','/samples/%EC%88%A033.jpg',8,NULL,'2018-06-21 15:21:09','2018-07-05 16:48:24',NULL),(624,'술34.jpg','/samples/%EC%88%A034.jpg',8,NULL,'2018-06-21 15:21:09','2018-07-05 16:48:24',NULL),(625,'술35.jpg','/samples/%EC%88%A035.jpg',8,NULL,'2018-06-21 15:21:09','2018-07-05 16:48:24',NULL),(626,'술36.jpg','/samples/%EC%88%A036.jpg',8,NULL,'2018-06-21 15:21:09','2018-07-05 16:48:24',NULL),(627,'술37.jpg','/samples/%EC%88%A037.jpg',8,NULL,'2018-06-21 15:21:09','2018-07-05 16:48:24',NULL),(628,'술38.jpg','/samples/%EC%88%A038.jpg',8,NULL,'2018-06-21 15:21:09','2018-07-05 16:48:25',NULL),(629,'술39.jpg','/samples/%EC%88%A039.jpg',8,NULL,'2018-06-21 15:21:10','2018-07-05 16:48:25',NULL),(630,'술4.jpg','/samples/%EC%88%A04.jpg',8,NULL,'2018-06-21 15:21:10','2018-07-05 16:48:25',NULL),(631,'술40.jpg','/samples/%EC%88%A040.jpg',8,NULL,'2018-06-21 15:21:10','2018-07-05 16:48:25',NULL),(632,'술41.jpg','/samples/%EC%88%A041.jpg',8,NULL,'2018-06-21 15:21:10','2018-07-05 16:48:25',NULL),(633,'술42.jpg','/samples/%EC%88%A042.jpg',8,NULL,'2018-06-21 15:21:10','2018-07-05 16:48:25',NULL),(634,'술43.jpg','/samples/%EC%88%A043.jpg',8,NULL,'2018-06-21 15:21:10','2018-07-05 16:48:25',NULL),(635,'술44.jpg','/samples/%EC%88%A044.jpg',8,NULL,'2018-06-21 15:21:10','2018-07-05 16:48:25',NULL),(636,'술45.jpg','/samples/%EC%88%A045.jpg',8,NULL,'2018-06-21 15:21:10','2018-07-05 16:48:25',NULL),(637,'술46.jpg','/samples/%EC%88%A046.jpg',8,NULL,'2018-06-21 15:21:10','2018-07-05 16:48:25',NULL),(638,'술47.jpg','/samples/%EC%88%A047.jpg',8,NULL,'2018-06-21 15:21:11','2018-07-05 16:48:25',NULL),(639,'술48.jpg','/samples/%EC%88%A048.jpg',8,NULL,'2018-06-21 15:21:11','2018-07-05 16:48:25',NULL),(640,'술49.jpg','/samples/%EC%88%A049.jpg',8,NULL,'2018-06-21 15:21:11','2018-07-05 16:48:25',NULL),(641,'술5.jpg','/samples/%EC%88%A05.jpg',8,NULL,'2018-06-21 15:21:11','2018-07-05 16:48:25',NULL),(642,'술50.jpg','/samples/%EC%88%A050.jpg',8,NULL,'2018-06-21 15:21:11','2018-07-05 16:48:25',NULL),(643,'술51.jpg','/samples/%EC%88%A051.jpg',8,NULL,'2018-06-21 15:21:11','2018-07-05 16:48:25',NULL),(644,'술52.jpg','/samples/%EC%88%A052.jpg',8,NULL,'2018-06-21 15:21:11','2018-07-05 16:48:25',NULL),(645,'술53.jpg','/samples/%EC%88%A053.jpg',8,NULL,'2018-06-21 15:21:11','2018-07-05 16:48:25',NULL),(646,'술54.jpg','/samples/%EC%88%A054.jpg',8,NULL,'2018-06-21 15:21:11','2018-07-05 16:48:25',NULL),(647,'술55.jpg','/samples/%EC%88%A055.jpg',8,NULL,'2018-06-21 15:21:12','2018-07-05 16:48:25',NULL),(648,'술56.jpg','/samples/%EC%88%A056.jpg',8,NULL,'2018-06-21 15:21:12','2018-07-05 16:48:25',NULL),(649,'술57.jpg','/samples/%EC%88%A057.jpg',8,NULL,'2018-06-21 15:21:12','2018-07-05 16:48:25',NULL),(650,'술58.jpg','/samples/%EC%88%A058.jpg',8,NULL,'2018-06-21 15:21:12','2018-07-05 16:48:25',NULL),(651,'술59.jpg','/samples/%EC%88%A059.jpg',8,NULL,'2018-06-21 15:21:12','2018-07-05 16:48:25',NULL),(652,'술6.jpg','/samples/%EC%88%A06.jpg',8,NULL,'2018-06-21 15:21:12','2018-07-05 16:48:25',NULL),(653,'술60.jpg','/samples/%EC%88%A060.jpg',8,NULL,'2018-06-21 15:21:12','2018-07-05 16:48:25',NULL),(654,'술61.jpg','/samples/%EC%88%A061.jpg',8,NULL,'2018-06-21 15:21:12','2018-07-05 16:48:25',NULL),(655,'술62.jpg','/samples/%EC%88%A062.jpg',8,NULL,'2018-06-21 15:21:12','2018-07-05 16:48:25',NULL),(656,'술63.jpg','/samples/%EC%88%A063.jpg',8,NULL,'2018-06-21 15:21:13','2018-07-05 16:48:25',NULL),(657,'술64.jpg','/samples/%EC%88%A064.jpg',8,NULL,'2018-06-21 15:21:13','2018-07-05 16:48:25',NULL),(658,'술65.jpg','/samples/%EC%88%A065.jpg',8,NULL,'2018-06-21 15:21:13','2018-07-05 16:48:25',NULL),(659,'술66.jpg','/samples/%EC%88%A066.jpg',8,NULL,'2018-06-21 15:21:13','2018-07-05 16:48:25',NULL),(660,'술67.jpg','/samples/%EC%88%A067.jpg',8,NULL,'2018-06-21 15:21:13','2018-07-05 16:48:25',NULL),(661,'술68.jpg','/samples/%EC%88%A068.jpg',8,NULL,'2018-06-21 15:21:13','2018-07-05 16:48:25',NULL),(662,'술69.jpg','/samples/%EC%88%A069.jpg',8,NULL,'2018-06-21 15:21:13','2018-07-05 16:48:25',NULL),(663,'술7.jpg','/samples/%EC%88%A07.jpg',8,NULL,'2018-06-21 15:21:13','2018-07-05 16:48:25',NULL),(664,'술70.jpg','/samples/%EC%88%A070.jpg',8,NULL,'2018-06-21 15:21:13','2018-07-05 16:48:25',NULL),(665,'술71.jpg','/samples/%EC%88%A071.jpg',8,NULL,'2018-06-21 15:21:14','2018-07-05 16:48:25',NULL),(666,'술72.jpg','/samples/%EC%88%A072.jpg',8,NULL,'2018-06-21 15:21:14','2018-07-05 16:48:25',NULL),(667,'술73.jpg','/samples/%EC%88%A073.jpg',8,NULL,'2018-06-21 15:21:14','2018-07-05 16:48:25',NULL),(668,'술8.jpg','/samples/%EC%88%A08.jpg',8,NULL,'2018-06-21 15:21:14','2018-07-05 16:48:25',NULL),(669,'술9.jpg','/samples/%EC%88%A09.jpg',8,NULL,'2018-06-21 15:21:14','2018-07-05 16:48:25',NULL),(670,'스테이크1.jpg','/samples/%EC%8A%A4%ED%85%8C%EC%9D%B4%ED%81%AC1.jpg',9,NULL,'2018-06-21 15:21:45','2018-07-05 16:48:25',NULL),(671,'스테이크10.jpg','/samples/%EC%8A%A4%ED%85%8C%EC%9D%B4%ED%81%AC10.jpg',9,NULL,'2018-06-21 15:21:45','2018-07-05 16:48:25',NULL),(672,'스테이크11.jpg','/samples/%EC%8A%A4%ED%85%8C%EC%9D%B4%ED%81%AC11.jpg',9,NULL,'2018-06-21 15:21:45','2018-07-05 16:48:25',NULL),(673,'스테이크12.jpg','/samples/%EC%8A%A4%ED%85%8C%EC%9D%B4%ED%81%AC12.jpg',9,NULL,'2018-06-21 15:21:45','2018-07-05 16:48:25',NULL),(674,'스테이크13.jpg','/samples/%EC%8A%A4%ED%85%8C%EC%9D%B4%ED%81%AC13.jpg',9,NULL,'2018-06-21 15:21:45','2018-07-05 16:48:25',NULL),(675,'스테이크14.jpg','/samples/%EC%8A%A4%ED%85%8C%EC%9D%B4%ED%81%AC14.jpg',9,NULL,'2018-06-21 15:21:46','2018-07-05 16:48:25',NULL),(676,'스테이크15.jpg','/samples/%EC%8A%A4%ED%85%8C%EC%9D%B4%ED%81%AC15.jpg',9,NULL,'2018-06-21 15:21:46','2018-07-05 16:48:25',NULL),(677,'스테이크16.jpg','/samples/%EC%8A%A4%ED%85%8C%EC%9D%B4%ED%81%AC16.jpg',9,NULL,'2018-06-21 15:21:46','2018-07-05 16:48:25',NULL),(678,'스테이크17.jpg','/samples/%EC%8A%A4%ED%85%8C%EC%9D%B4%ED%81%AC17.jpg',9,NULL,'2018-06-21 15:21:46','2018-07-05 16:48:25',NULL),(679,'스테이크18.jpg','/samples/%EC%8A%A4%ED%85%8C%EC%9D%B4%ED%81%AC18.jpg',9,NULL,'2018-06-21 15:21:46','2018-07-05 16:48:25',NULL),(680,'스테이크19.jpg','/samples/%EC%8A%A4%ED%85%8C%EC%9D%B4%ED%81%AC19.jpg',9,NULL,'2018-06-21 15:21:46','2018-07-05 16:48:25',NULL),(681,'스테이크2.jpg','/samples/%EC%8A%A4%ED%85%8C%EC%9D%B4%ED%81%AC2.jpg',9,NULL,'2018-06-21 15:21:46','2018-07-05 16:48:25',NULL),(682,'스테이크20.jpg','/samples/%EC%8A%A4%ED%85%8C%EC%9D%B4%ED%81%AC20.jpg',9,NULL,'2018-06-21 15:21:46','2018-07-05 16:48:25',NULL),(683,'스테이크21.jpg','/samples/%EC%8A%A4%ED%85%8C%EC%9D%B4%ED%81%AC21.jpg',9,NULL,'2018-06-21 15:21:46','2018-07-05 16:48:25',NULL),(684,'스테이크22.jpg','/samples/%EC%8A%A4%ED%85%8C%EC%9D%B4%ED%81%AC22.jpg',9,NULL,'2018-06-21 15:21:46','2018-07-05 16:48:25',NULL),(685,'스테이크23.jpg','/samples/%EC%8A%A4%ED%85%8C%EC%9D%B4%ED%81%AC23.jpg',9,NULL,'2018-06-21 15:21:47','2018-07-05 16:48:26',NULL),(686,'스테이크24.jpg','/samples/%EC%8A%A4%ED%85%8C%EC%9D%B4%ED%81%AC24.jpg',9,NULL,'2018-06-21 15:21:47','2018-07-05 16:48:26',NULL),(687,'스테이크25.jpg','/samples/%EC%8A%A4%ED%85%8C%EC%9D%B4%ED%81%AC25.jpg',9,NULL,'2018-06-21 15:21:47','2018-07-05 16:48:26',NULL),(688,'스테이크26.jpg','/samples/%EC%8A%A4%ED%85%8C%EC%9D%B4%ED%81%AC26.jpg',9,NULL,'2018-06-21 15:21:47','2018-07-05 16:48:26',NULL),(689,'스테이크27.jpg','/samples/%EC%8A%A4%ED%85%8C%EC%9D%B4%ED%81%AC27.jpg',9,NULL,'2018-06-21 15:21:47','2018-07-05 16:48:26',NULL),(690,'스테이크28.jpg','/samples/%EC%8A%A4%ED%85%8C%EC%9D%B4%ED%81%AC28.jpg',9,NULL,'2018-06-21 15:21:47','2018-07-05 16:48:26',NULL),(691,'스테이크29.jpg','/samples/%EC%8A%A4%ED%85%8C%EC%9D%B4%ED%81%AC29.jpg',9,NULL,'2018-06-21 15:21:47','2018-07-05 16:48:26',NULL),(692,'스테이크3.jpg','/samples/%EC%8A%A4%ED%85%8C%EC%9D%B4%ED%81%AC3.jpg',9,NULL,'2018-06-21 15:21:47','2018-07-05 16:48:26',NULL),(693,'스테이크30.jpg','/samples/%EC%8A%A4%ED%85%8C%EC%9D%B4%ED%81%AC30.jpg',9,NULL,'2018-06-21 15:21:47','2018-07-05 16:48:26',NULL),(694,'스테이크31.jpg','/samples/%EC%8A%A4%ED%85%8C%EC%9D%B4%ED%81%AC31.jpg',9,NULL,'2018-06-21 15:21:48','2018-07-05 16:48:26',NULL),(695,'스테이크32.jpg','/samples/%EC%8A%A4%ED%85%8C%EC%9D%B4%ED%81%AC32.jpg',9,NULL,'2018-06-21 15:21:48','2018-07-05 16:48:26',NULL),(696,'스테이크33.jpg','/samples/%EC%8A%A4%ED%85%8C%EC%9D%B4%ED%81%AC33.jpg',9,NULL,'2018-06-21 15:21:48','2018-07-05 16:48:26',NULL),(697,'스테이크34.jpg','/samples/%EC%8A%A4%ED%85%8C%EC%9D%B4%ED%81%AC34.jpg',9,NULL,'2018-06-21 15:21:48','2018-07-05 16:48:26',NULL),(698,'스테이크35.jpg','/samples/%EC%8A%A4%ED%85%8C%EC%9D%B4%ED%81%AC35.jpg',9,NULL,'2018-06-21 15:21:48','2018-07-05 16:48:26',NULL),(699,'스테이크36.jpg','/samples/%EC%8A%A4%ED%85%8C%EC%9D%B4%ED%81%AC36.jpg',9,NULL,'2018-06-21 15:21:48','2018-07-05 16:48:26',NULL),(700,'스테이크37.jpg','/samples/%EC%8A%A4%ED%85%8C%EC%9D%B4%ED%81%AC37.jpg',9,NULL,'2018-06-21 15:21:48','2018-07-05 16:48:26',NULL),(701,'스테이크38.jpg','/samples/%EC%8A%A4%ED%85%8C%EC%9D%B4%ED%81%AC38.jpg',9,NULL,'2018-06-21 15:21:48','2018-07-05 16:48:26',NULL),(702,'스테이크39.jpg','/samples/%EC%8A%A4%ED%85%8C%EC%9D%B4%ED%81%AC39.jpg',9,NULL,'2018-06-21 15:21:48','2018-07-05 16:48:26',NULL),(703,'스테이크4.jpg','/samples/%EC%8A%A4%ED%85%8C%EC%9D%B4%ED%81%AC4.jpg',9,NULL,'2018-06-21 15:21:49','2018-07-05 16:48:26',NULL),(704,'스테이크40.jpg','/samples/%EC%8A%A4%ED%85%8C%EC%9D%B4%ED%81%AC40.jpg',9,NULL,'2018-06-21 15:21:49','2018-07-05 16:48:26',NULL),(705,'스테이크41.jpg','/samples/%EC%8A%A4%ED%85%8C%EC%9D%B4%ED%81%AC41.jpg',9,NULL,'2018-06-21 15:21:49','2018-07-05 16:48:26',NULL),(706,'스테이크42.jpg','/samples/%EC%8A%A4%ED%85%8C%EC%9D%B4%ED%81%AC42.jpg',9,NULL,'2018-06-21 15:21:49','2018-07-05 16:48:26',NULL),(707,'스테이크43.jpg','/samples/%EC%8A%A4%ED%85%8C%EC%9D%B4%ED%81%AC43.jpg',9,NULL,'2018-06-21 15:21:49','2018-07-05 16:48:26',NULL),(708,'스테이크44.jpg','/samples/%EC%8A%A4%ED%85%8C%EC%9D%B4%ED%81%AC44.jpg',9,NULL,'2018-06-21 15:21:49','2018-07-05 16:48:26',NULL),(709,'스테이크45.jpg','/samples/%EC%8A%A4%ED%85%8C%EC%9D%B4%ED%81%AC45.jpg',9,NULL,'2018-06-21 15:21:49','2018-07-05 16:48:26',NULL),(710,'스테이크46.jpg','/samples/%EC%8A%A4%ED%85%8C%EC%9D%B4%ED%81%AC46.jpg',9,NULL,'2018-06-21 15:21:49','2018-07-05 16:48:26',NULL),(711,'스테이크47.jpg','/samples/%EC%8A%A4%ED%85%8C%EC%9D%B4%ED%81%AC47.jpg',9,NULL,'2018-06-21 15:21:49','2018-07-05 16:48:26',NULL),(712,'스테이크48.jpg','/samples/%EC%8A%A4%ED%85%8C%EC%9D%B4%ED%81%AC48.jpg',9,NULL,'2018-06-21 15:21:50','2018-07-05 16:48:26',NULL),(713,'스테이크49.jpg','/samples/%EC%8A%A4%ED%85%8C%EC%9D%B4%ED%81%AC49.jpg',9,NULL,'2018-06-21 15:21:50','2018-07-05 16:48:26',NULL),(714,'스테이크5.jpg','/samples/%EC%8A%A4%ED%85%8C%EC%9D%B4%ED%81%AC5.jpg',9,NULL,'2018-06-21 15:21:50','2018-07-05 16:48:26',NULL),(715,'스테이크50.jpg','/samples/%EC%8A%A4%ED%85%8C%EC%9D%B4%ED%81%AC50.jpg',9,NULL,'2018-06-21 15:21:50','2018-07-05 16:48:26',NULL),(716,'스테이크51.jpg','/samples/%EC%8A%A4%ED%85%8C%EC%9D%B4%ED%81%AC51.jpg',9,NULL,'2018-06-21 15:21:50','2018-07-05 16:48:26',NULL),(717,'스테이크52.jpg','/samples/%EC%8A%A4%ED%85%8C%EC%9D%B4%ED%81%AC52.jpg',9,NULL,'2018-06-21 15:21:50','2018-07-05 16:48:26',NULL),(718,'스테이크53.jpg','/samples/%EC%8A%A4%ED%85%8C%EC%9D%B4%ED%81%AC53.jpg',9,NULL,'2018-06-21 15:21:50','2018-07-05 16:48:26',NULL),(719,'스테이크54.jpg','/samples/%EC%8A%A4%ED%85%8C%EC%9D%B4%ED%81%AC54.jpg',9,NULL,'2018-06-21 15:21:50','2018-07-05 16:48:26',NULL),(720,'스테이크55.jpg','/samples/%EC%8A%A4%ED%85%8C%EC%9D%B4%ED%81%AC55.jpg',9,NULL,'2018-06-21 15:21:50','2018-07-05 16:48:26',NULL),(721,'스테이크56.jpg','/samples/%EC%8A%A4%ED%85%8C%EC%9D%B4%ED%81%AC56.jpg',9,NULL,'2018-06-21 15:21:50','2018-07-05 16:48:26',NULL),(722,'스테이크57.jpg','/samples/%EC%8A%A4%ED%85%8C%EC%9D%B4%ED%81%AC57.jpg',9,NULL,'2018-06-21 15:21:51','2018-07-05 16:48:26',NULL),(723,'스테이크58.jpg','/samples/%EC%8A%A4%ED%85%8C%EC%9D%B4%ED%81%AC58.jpg',9,NULL,'2018-06-21 15:21:51','2018-07-05 16:48:26',NULL),(724,'스테이크59.jpg','/samples/%EC%8A%A4%ED%85%8C%EC%9D%B4%ED%81%AC59.jpg',9,NULL,'2018-06-21 15:21:51','2018-07-05 16:48:26',NULL),(725,'스테이크6.jpg','/samples/%EC%8A%A4%ED%85%8C%EC%9D%B4%ED%81%AC6.jpg',9,NULL,'2018-06-21 15:21:51','2018-07-05 16:48:26',NULL),(726,'스테이크60.jpg','/samples/%EC%8A%A4%ED%85%8C%EC%9D%B4%ED%81%AC60.jpg',9,NULL,'2018-06-21 15:21:51','2018-07-05 16:48:26',NULL),(727,'스테이크61.jpg','/samples/%EC%8A%A4%ED%85%8C%EC%9D%B4%ED%81%AC61.jpg',9,NULL,'2018-06-21 15:21:51','2018-07-05 16:48:26',NULL),(728,'스테이크62.jpg','/samples/%EC%8A%A4%ED%85%8C%EC%9D%B4%ED%81%AC62.jpg',9,NULL,'2018-06-21 15:21:51','2018-07-05 16:48:26',NULL),(729,'스테이크63.jpg','/samples/%EC%8A%A4%ED%85%8C%EC%9D%B4%ED%81%AC63.jpg',9,NULL,'2018-06-21 15:21:51','2018-07-05 16:48:26',NULL),(730,'스테이크64.jpg','/samples/%EC%8A%A4%ED%85%8C%EC%9D%B4%ED%81%AC64.jpg',9,NULL,'2018-06-21 15:21:51','2018-07-05 16:48:26',NULL),(731,'스테이크65.jpg','/samples/%EC%8A%A4%ED%85%8C%EC%9D%B4%ED%81%AC65.jpg',9,NULL,'2018-06-21 15:21:51','2018-07-05 16:48:26',NULL),(732,'스테이크66.jpg','/samples/%EC%8A%A4%ED%85%8C%EC%9D%B4%ED%81%AC66.jpg',9,NULL,'2018-06-21 15:21:51','2018-07-05 16:48:26',NULL),(733,'스테이크67.jpg','/samples/%EC%8A%A4%ED%85%8C%EC%9D%B4%ED%81%AC67.jpg',9,NULL,'2018-06-21 15:21:51','2018-07-05 16:48:26',NULL),(734,'스테이크68.jpg','/samples/%EC%8A%A4%ED%85%8C%EC%9D%B4%ED%81%AC68.jpg',9,NULL,'2018-06-21 15:21:52','2018-07-05 16:48:26',NULL),(735,'스테이크69.jpg','/samples/%EC%8A%A4%ED%85%8C%EC%9D%B4%ED%81%AC69.jpg',9,NULL,'2018-06-21 15:21:52','2018-07-05 16:48:26',NULL),(736,'스테이크7.jpg','/samples/%EC%8A%A4%ED%85%8C%EC%9D%B4%ED%81%AC7.jpg',9,NULL,'2018-06-21 15:21:52','2018-07-05 16:48:26',NULL),(737,'스테이크70.jpg','/samples/%EC%8A%A4%ED%85%8C%EC%9D%B4%ED%81%AC70.jpg',9,NULL,'2018-06-21 15:21:52','2018-07-05 16:48:26',NULL),(738,'스테이크71.jpg','/samples/%EC%8A%A4%ED%85%8C%EC%9D%B4%ED%81%AC71.jpg',9,NULL,'2018-06-21 15:21:52','2018-07-05 16:48:26',NULL),(739,'스테이크72.jpg','/samples/%EC%8A%A4%ED%85%8C%EC%9D%B4%ED%81%AC72.jpg',9,NULL,'2018-06-21 15:21:52','2018-07-05 16:48:26',NULL),(740,'스테이크73.jpg','/samples/%EC%8A%A4%ED%85%8C%EC%9D%B4%ED%81%AC73.jpg',9,NULL,'2018-06-21 15:21:52','2018-07-05 16:48:26',NULL),(741,'스테이크74.jpg','/samples/%EC%8A%A4%ED%85%8C%EC%9D%B4%ED%81%AC74.jpg',9,NULL,'2018-06-21 15:21:52','2018-07-05 16:48:26',NULL),(742,'스테이크75.jpg','/samples/%EC%8A%A4%ED%85%8C%EC%9D%B4%ED%81%AC75.jpg',9,NULL,'2018-06-21 15:21:52','2018-07-05 16:48:26',NULL),(743,'스테이크76.jpg','/samples/%EC%8A%A4%ED%85%8C%EC%9D%B4%ED%81%AC76.jpg',9,NULL,'2018-06-21 15:21:53','2018-07-05 16:48:27',NULL),(744,'스테이크77.jpg','/samples/%EC%8A%A4%ED%85%8C%EC%9D%B4%ED%81%AC77.jpg',9,NULL,'2018-06-21 15:21:53','2018-07-05 16:48:27',NULL),(745,'스테이크78.jpg','/samples/%EC%8A%A4%ED%85%8C%EC%9D%B4%ED%81%AC78.jpg',9,NULL,'2018-06-21 15:21:53','2018-07-05 16:48:27',NULL),(746,'스테이크79.jpg','/samples/%EC%8A%A4%ED%85%8C%EC%9D%B4%ED%81%AC79.jpg',9,NULL,'2018-06-21 15:21:53','2018-07-05 16:48:27',NULL),(747,'스테이크8.jpg','/samples/%EC%8A%A4%ED%85%8C%EC%9D%B4%ED%81%AC8.jpg',9,NULL,'2018-06-21 15:21:53','2018-07-05 16:48:27',NULL),(748,'스테이크80.jpg','/samples/%EC%8A%A4%ED%85%8C%EC%9D%B4%ED%81%AC80.jpg',9,NULL,'2018-06-21 15:21:53','2018-07-05 16:48:27',NULL),(749,'스테이크81.jpg','/samples/%EC%8A%A4%ED%85%8C%EC%9D%B4%ED%81%AC81.jpg',9,NULL,'2018-06-21 15:21:53','2018-07-05 16:48:27',NULL),(750,'스테이크82.jpg','/samples/%EC%8A%A4%ED%85%8C%EC%9D%B4%ED%81%AC82.jpg',9,NULL,'2018-06-21 15:21:53','2018-07-05 16:48:27',NULL),(751,'스테이크83.jpg','/samples/%EC%8A%A4%ED%85%8C%EC%9D%B4%ED%81%AC83.jpg',9,NULL,'2018-06-21 15:21:53','2018-07-05 16:48:27',NULL),(752,'스테이크9.jpg','/samples/%EC%8A%A4%ED%85%8C%EC%9D%B4%ED%81%AC9.jpg',9,NULL,'2018-06-21 15:21:53','2018-07-05 16:48:27',NULL),(753,'안주1.jpg','/samples/%EC%95%88%EC%A3%BC1.jpg',10,NULL,'2018-06-21 15:22:24','2018-07-05 16:48:27',NULL),(754,'안주10.jpg','/samples/%EC%95%88%EC%A3%BC10.jpg',10,NULL,'2018-06-21 15:22:24','2018-07-05 16:48:27',NULL),(755,'안주11.jpg','/samples/%EC%95%88%EC%A3%BC11.jpg',10,NULL,'2018-06-21 15:22:24','2018-07-05 16:48:27',NULL),(756,'안주12.jpg','/samples/%EC%95%88%EC%A3%BC12.jpg',10,NULL,'2018-06-21 15:22:24','2018-07-05 16:48:27',NULL),(757,'안주13.jpg','/samples/%EC%95%88%EC%A3%BC13.jpg',10,NULL,'2018-06-21 15:22:24','2018-07-05 16:48:27',NULL),(758,'안주14.jpg','/samples/%EC%95%88%EC%A3%BC14.jpg',10,NULL,'2018-06-21 15:22:24','2018-07-05 16:48:27',NULL),(759,'안주15.jpg','/samples/%EC%95%88%EC%A3%BC15.jpg',10,NULL,'2018-06-21 15:22:24','2018-07-05 16:48:27',NULL),(760,'안주16.jpg','/samples/%EC%95%88%EC%A3%BC16.jpg',10,NULL,'2018-06-21 15:22:24','2018-07-05 16:48:27',NULL),(761,'안주17.jpg','/samples/%EC%95%88%EC%A3%BC17.jpg',10,NULL,'2018-06-21 15:22:24','2018-07-05 16:48:27',NULL),(762,'안주18.jpg','/samples/%EC%95%88%EC%A3%BC18.jpg',10,NULL,'2018-06-21 15:22:25','2018-07-05 16:48:27',NULL),(763,'안주19.jpg','/samples/%EC%95%88%EC%A3%BC19.jpg',10,NULL,'2018-06-21 15:22:25','2018-07-05 16:48:27',NULL),(764,'안주2.jpg','/samples/%EC%95%88%EC%A3%BC2.jpg',10,NULL,'2018-06-21 15:22:25','2018-07-05 16:48:27',NULL),(765,'안주20.jpg','/samples/%EC%95%88%EC%A3%BC20.jpg',10,NULL,'2018-06-21 15:22:25','2018-07-05 16:48:27',NULL),(766,'안주21.jpg','/samples/%EC%95%88%EC%A3%BC21.jpg',10,NULL,'2018-06-21 15:22:25','2018-07-05 16:48:27',NULL),(767,'안주22.jpg','/samples/%EC%95%88%EC%A3%BC22.jpg',10,NULL,'2018-06-21 15:22:25','2018-07-05 16:48:27',NULL),(768,'안주23.jpg','/samples/%EC%95%88%EC%A3%BC23.jpg',10,NULL,'2018-06-21 15:22:25','2018-07-05 16:48:27',NULL),(769,'안주24.jpg','/samples/%EC%95%88%EC%A3%BC24.jpg',10,NULL,'2018-06-21 15:22:25','2018-07-05 16:48:27',NULL),(770,'안주25.jpg','/samples/%EC%95%88%EC%A3%BC25.jpg',10,NULL,'2018-06-21 15:22:25','2018-07-05 16:48:27',NULL),(771,'안주26.jpg','/samples/%EC%95%88%EC%A3%BC26.jpg',10,NULL,'2018-06-21 15:22:25','2018-07-05 16:48:27',NULL),(772,'안주27.jpg','/samples/%EC%95%88%EC%A3%BC27.jpg',10,NULL,'2018-06-21 15:22:25','2018-07-05 16:48:27',NULL),(773,'안주28.jpg','/samples/%EC%95%88%EC%A3%BC28.jpg',10,NULL,'2018-06-21 15:22:25','2018-07-05 16:48:27',NULL),(774,'안주29.jpg','/samples/%EC%95%88%EC%A3%BC29.jpg',10,NULL,'2018-06-21 15:22:25','2018-07-05 16:48:27',NULL),(775,'안주3.jpg','/samples/%EC%95%88%EC%A3%BC3.jpg',10,NULL,'2018-06-21 15:22:26','2018-07-05 16:48:27',NULL),(776,'안주30.jpg','/samples/%EC%95%88%EC%A3%BC30.jpg',10,NULL,'2018-06-21 15:22:26','2018-07-05 16:48:27',NULL),(777,'안주31.jpg','/samples/%EC%95%88%EC%A3%BC31.jpg',10,NULL,'2018-06-21 15:22:26','2018-07-05 16:48:27',NULL),(778,'안주32.jpg','/samples/%EC%95%88%EC%A3%BC32.jpg',10,NULL,'2018-06-21 15:22:26','2018-07-05 16:48:27',NULL),(779,'안주33.jpg','/samples/%EC%95%88%EC%A3%BC33.jpg',10,NULL,'2018-06-21 15:22:26','2018-07-05 16:48:27',NULL),(780,'안주34.jpg','/samples/%EC%95%88%EC%A3%BC34.jpg',10,NULL,'2018-06-21 15:22:26','2018-07-05 16:48:27',NULL),(781,'안주35.jpg','/samples/%EC%95%88%EC%A3%BC35.jpg',10,NULL,'2018-06-21 15:22:26','2018-07-05 16:48:27',NULL),(782,'안주36.jpg','/samples/%EC%95%88%EC%A3%BC36.jpg',10,NULL,'2018-06-21 15:22:26','2018-07-05 16:48:27',NULL),(783,'안주37.jpg','/samples/%EC%95%88%EC%A3%BC37.jpg',10,NULL,'2018-06-21 15:22:26','2018-07-05 16:48:27',NULL),(784,'안주38.jpg','/samples/%EC%95%88%EC%A3%BC38.jpg',10,NULL,'2018-06-21 15:22:26','2018-07-05 16:48:27',NULL),(785,'안주39.jpg','/samples/%EC%95%88%EC%A3%BC39.jpg',10,NULL,'2018-06-21 15:22:26','2018-07-05 16:48:27',NULL),(786,'안주4.jpg','/samples/%EC%95%88%EC%A3%BC4.jpg',10,NULL,'2018-06-21 15:22:26','2018-07-05 16:48:27',NULL),(787,'안주40.jpg','/samples/%EC%95%88%EC%A3%BC40.jpg',10,NULL,'2018-06-21 15:22:26','2018-07-05 16:48:27',NULL),(788,'안주41.jpg','/samples/%EC%95%88%EC%A3%BC41.jpg',10,NULL,'2018-06-21 15:22:26','2018-07-05 16:48:27',NULL),(789,'안주42.jpg','/samples/%EC%95%88%EC%A3%BC42.jpg',10,NULL,'2018-06-21 15:22:27','2018-07-05 16:48:27',NULL),(790,'안주43.jpg','/samples/%EC%95%88%EC%A3%BC43.jpg',10,NULL,'2018-06-21 15:22:27','2018-07-05 16:48:27',NULL),(791,'안주44.jpg','/samples/%EC%95%88%EC%A3%BC44.jpg',10,NULL,'2018-06-21 15:22:27','2018-07-05 16:48:27',NULL),(792,'안주45.jpg','/samples/%EC%95%88%EC%A3%BC45.jpg',10,NULL,'2018-06-21 15:22:27','2018-07-05 16:48:27',NULL),(793,'안주46.jpg','/samples/%EC%95%88%EC%A3%BC46.jpg',10,NULL,'2018-06-21 15:22:27','2018-07-05 16:48:27',NULL),(794,'안주47.jpg','/samples/%EC%95%88%EC%A3%BC47.jpg',10,NULL,'2018-06-21 15:22:27','2018-07-05 16:48:27',NULL),(795,'안주48.jpg','/samples/%EC%95%88%EC%A3%BC48.jpg',10,NULL,'2018-06-21 15:22:27','2018-07-05 16:48:27',NULL),(796,'안주49.jpg','/samples/%EC%95%88%EC%A3%BC49.jpg',10,NULL,'2018-06-21 15:22:27','2018-07-05 16:48:27',NULL),(797,'안주5.jpg','/samples/%EC%95%88%EC%A3%BC5.jpg',10,NULL,'2018-06-21 15:22:27','2018-07-05 16:48:27',NULL),(798,'안주50.jpg','/samples/%EC%95%88%EC%A3%BC50.jpg',10,NULL,'2018-06-21 15:22:27','2018-07-05 16:48:27',NULL),(799,'안주51.jpg','/samples/%EC%95%88%EC%A3%BC51.jpg',10,NULL,'2018-06-21 15:22:27','2018-07-05 16:48:27',NULL),(800,'안주52.jpg','/samples/%EC%95%88%EC%A3%BC52.jpg',10,NULL,'2018-06-21 15:22:27','2018-07-05 16:48:28',NULL),(801,'안주53.jpg','/samples/%EC%95%88%EC%A3%BC53.jpg',10,NULL,'2018-06-21 15:22:27','2018-07-05 16:48:28',NULL),(802,'안주54.jpg','/samples/%EC%95%88%EC%A3%BC54.jpg',10,NULL,'2018-06-21 15:22:27','2018-07-05 16:48:28',NULL),(803,'안주55.jpg','/samples/%EC%95%88%EC%A3%BC55.jpg',10,NULL,'2018-06-21 15:22:27','2018-07-05 16:48:28',NULL),(804,'안주56.jpg','/samples/%EC%95%88%EC%A3%BC56.jpg',10,NULL,'2018-06-21 15:22:28','2018-07-05 16:48:28',NULL),(805,'안주57.jpg','/samples/%EC%95%88%EC%A3%BC57.jpg',10,NULL,'2018-06-21 15:22:28','2018-07-05 16:48:28',NULL),(806,'안주58.jpg','/samples/%EC%95%88%EC%A3%BC58.jpg',10,NULL,'2018-06-21 15:22:28','2018-07-05 16:48:28',NULL),(807,'안주59.jpg','/samples/%EC%95%88%EC%A3%BC59.jpg',10,NULL,'2018-06-21 15:22:28','2018-07-05 16:48:28',NULL),(808,'안주6.jpg','/samples/%EC%95%88%EC%A3%BC6.jpg',10,NULL,'2018-06-21 15:22:28','2018-07-05 16:48:28',NULL),(809,'안주60.jpg','/samples/%EC%95%88%EC%A3%BC60.jpg',10,NULL,'2018-06-21 15:22:28','2018-07-05 16:48:28',NULL),(810,'안주61.jpg','/samples/%EC%95%88%EC%A3%BC61.jpg',10,NULL,'2018-06-21 15:22:28','2018-07-05 16:48:28',NULL),(811,'안주62.jpg','/samples/%EC%95%88%EC%A3%BC62.jpg',10,NULL,'2018-06-21 15:22:28','2018-07-05 16:48:28',NULL),(812,'안주63.jpg','/samples/%EC%95%88%EC%A3%BC63.jpg',10,NULL,'2018-06-21 15:22:28','2018-07-05 16:48:28',NULL),(813,'안주64.jpg','/samples/%EC%95%88%EC%A3%BC64.jpg',10,NULL,'2018-06-21 15:22:28','2018-07-05 16:48:28',NULL),(814,'안주65.jpg','/samples/%EC%95%88%EC%A3%BC65.jpg',10,NULL,'2018-06-21 15:22:28','2018-07-05 16:48:28',NULL),(815,'안주66.jpg','/samples/%EC%95%88%EC%A3%BC66.jpg',10,NULL,'2018-06-21 15:22:28','2018-07-05 16:48:28',NULL),(816,'안주67.jpg','/samples/%EC%95%88%EC%A3%BC67.jpg',10,NULL,'2018-06-21 15:22:29','2018-07-05 16:48:28',NULL),(817,'안주68.jpg','/samples/%EC%95%88%EC%A3%BC68.jpg',10,NULL,'2018-06-21 15:22:29','2018-07-05 16:48:28',NULL),(818,'안주69.jpg','/samples/%EC%95%88%EC%A3%BC69.jpg',10,NULL,'2018-06-21 15:22:29','2018-07-05 16:48:28',NULL),(819,'안주7.jpg','/samples/%EC%95%88%EC%A3%BC7.jpg',10,NULL,'2018-06-21 15:22:29','2018-07-05 16:48:28',NULL),(820,'안주70.jpg','/samples/%EC%95%88%EC%A3%BC70.jpg',10,NULL,'2018-06-21 15:22:29','2018-07-05 16:48:28',NULL),(821,'안주71.jpg','/samples/%EC%95%88%EC%A3%BC71.jpg',10,NULL,'2018-06-21 15:22:29','2018-07-05 16:48:28',NULL),(822,'안주72.jpg','/samples/%EC%95%88%EC%A3%BC72.jpg',10,NULL,'2018-06-21 15:22:29','2018-07-05 16:48:28',NULL),(823,'안주73.jpg','/samples/%EC%95%88%EC%A3%BC73.jpg',10,NULL,'2018-06-21 15:22:29','2018-07-05 16:48:28',NULL),(824,'안주74.jpg','/samples/%EC%95%88%EC%A3%BC74.jpg',10,NULL,'2018-06-21 15:22:29','2018-07-05 16:48:28',NULL),(825,'안주75.jpg','/samples/%EC%95%88%EC%A3%BC75.jpg',10,NULL,'2018-06-21 15:22:29','2018-07-05 16:48:28',NULL),(826,'안주76.jpg','/samples/%EC%95%88%EC%A3%BC76.jpg',10,NULL,'2018-06-21 15:22:29','2018-07-05 16:48:28',NULL),(827,'안주77.jpg','/samples/%EC%95%88%EC%A3%BC77.jpg',10,NULL,'2018-06-21 15:22:29','2018-07-05 16:48:28',NULL),(828,'안주78.jpg','/samples/%EC%95%88%EC%A3%BC78.jpg',10,NULL,'2018-06-21 15:22:29','2018-07-05 16:48:28',NULL),(829,'안주79.jpg','/samples/%EC%95%88%EC%A3%BC79.jpg',10,NULL,'2018-06-21 15:22:30','2018-07-05 16:48:28',NULL),(830,'안주8.jpg','/samples/%EC%95%88%EC%A3%BC8.jpg',10,NULL,'2018-06-21 15:22:30','2018-07-05 16:48:28',NULL),(831,'안주80.jpg','/samples/%EC%95%88%EC%A3%BC80.jpg',10,NULL,'2018-06-21 15:22:30','2018-07-05 16:48:28',NULL),(832,'안주81.jpg','/samples/%EC%95%88%EC%A3%BC81.jpg',10,NULL,'2018-06-21 15:22:30','2018-07-05 16:48:28',NULL),(833,'안주9.jpg','/samples/%EC%95%88%EC%A3%BC9.jpg',10,NULL,'2018-06-21 15:22:30','2018-07-05 16:48:28',NULL),(834,'일식1.jpg','/samples/%EC%9D%BC%EC%8B%9D1.jpg',11,NULL,'2018-06-21 15:23:09','2018-07-05 16:48:28',NULL),(835,'일식10.jpg','/samples/%EC%9D%BC%EC%8B%9D10.jpg',11,NULL,'2018-06-21 15:23:09','2018-07-05 16:48:28',NULL),(836,'일식100.jpg','/samples/%EC%9D%BC%EC%8B%9D100.jpg',11,NULL,'2018-06-21 15:23:09','2018-07-05 16:48:28',NULL),(837,'일식101.jpg','/samples/%EC%9D%BC%EC%8B%9D101.jpg',11,NULL,'2018-06-21 15:23:09','2018-07-05 16:48:28',NULL),(838,'일식102.jpg','/samples/%EC%9D%BC%EC%8B%9D102.jpg',11,NULL,'2018-06-21 15:23:10','2018-07-05 16:48:28',NULL),(839,'일식103.jpg','/samples/%EC%9D%BC%EC%8B%9D103.jpg',11,NULL,'2018-06-21 15:23:10','2018-07-05 16:48:28',NULL),(840,'일식104.jpg','/samples/%EC%9D%BC%EC%8B%9D104.jpg',11,NULL,'2018-06-21 15:23:10','2018-07-05 16:48:28',NULL),(841,'일식105.jpg','/samples/%EC%9D%BC%EC%8B%9D105.jpg',11,NULL,'2018-06-21 15:23:10','2018-07-05 16:48:28',NULL),(842,'일식106.jpg','/samples/%EC%9D%BC%EC%8B%9D106.jpg',11,NULL,'2018-06-21 15:23:10','2018-07-05 16:48:28',NULL),(843,'일식107.jpg','/samples/%EC%9D%BC%EC%8B%9D107.jpg',11,NULL,'2018-06-21 15:23:10','2018-07-05 16:48:28',NULL),(844,'일식108.jpg','/samples/%EC%9D%BC%EC%8B%9D108.jpg',11,NULL,'2018-06-21 15:23:10','2018-07-05 16:48:28',NULL),(845,'일식109.jpg','/samples/%EC%9D%BC%EC%8B%9D109.jpg',11,NULL,'2018-06-21 15:23:10','2018-07-05 16:48:28',NULL),(846,'일식11.jpg','/samples/%EC%9D%BC%EC%8B%9D11.jpg',11,NULL,'2018-06-21 15:23:10','2018-07-05 16:48:28',NULL),(847,'일식110.jpg','/samples/%EC%9D%BC%EC%8B%9D110.jpg',11,NULL,'2018-06-21 15:23:10','2018-07-05 16:48:28',NULL),(848,'일식111.jpg','/samples/%EC%9D%BC%EC%8B%9D111.jpg',11,NULL,'2018-06-21 15:23:11','2018-07-05 16:48:28',NULL),(849,'일식112.jpg','/samples/%EC%9D%BC%EC%8B%9D112.jpg',11,NULL,'2018-06-21 15:23:11','2018-07-05 16:48:28',NULL),(850,'일식113.jpg','/samples/%EC%9D%BC%EC%8B%9D113.jpg',11,NULL,'2018-06-21 15:23:11','2018-07-05 16:48:28',NULL),(851,'일식114.jpg','/samples/%EC%9D%BC%EC%8B%9D114.jpg',11,NULL,'2018-06-21 15:23:11','2018-07-05 16:48:28',NULL),(852,'일식12.jpg','/samples/%EC%9D%BC%EC%8B%9D12.jpg',11,NULL,'2018-06-21 15:23:11','2018-07-05 16:48:28',NULL),(853,'일식13.jpg','/samples/%EC%9D%BC%EC%8B%9D13.jpg',11,NULL,'2018-06-21 15:23:11','2018-07-05 16:48:28',NULL),(854,'일식14.jpg','/samples/%EC%9D%BC%EC%8B%9D14.jpg',11,NULL,'2018-06-21 15:23:11','2018-07-05 16:48:28',NULL),(855,'일식15.jpg','/samples/%EC%9D%BC%EC%8B%9D15.jpg',11,NULL,'2018-06-21 15:23:11','2018-07-05 16:48:28',NULL),(856,'일식16.jpg','/samples/%EC%9D%BC%EC%8B%9D16.jpg',11,NULL,'2018-06-21 15:23:11','2018-07-05 16:48:29',NULL),(857,'일식17.jpg','/samples/%EC%9D%BC%EC%8B%9D17.jpg',11,NULL,'2018-06-21 15:23:11','2018-07-05 16:48:29',NULL),(858,'일식18.jpg','/samples/%EC%9D%BC%EC%8B%9D18.jpg',11,NULL,'2018-06-21 15:23:11','2018-07-05 16:48:29',NULL),(859,'일식19.jpg','/samples/%EC%9D%BC%EC%8B%9D19.jpg',11,NULL,'2018-06-21 15:23:11','2018-07-05 16:48:29',NULL),(860,'일식2.jpg','/samples/%EC%9D%BC%EC%8B%9D2.jpg',11,NULL,'2018-06-21 15:23:12','2018-07-05 16:48:29',NULL),(861,'일식20.jpg','/samples/%EC%9D%BC%EC%8B%9D20.jpg',11,NULL,'2018-06-21 15:23:12','2018-07-05 16:48:29',NULL),(862,'일식21.jpg','/samples/%EC%9D%BC%EC%8B%9D21.jpg',11,NULL,'2018-06-21 15:23:12','2018-07-05 16:48:29',NULL),(863,'일식22.jpg','/samples/%EC%9D%BC%EC%8B%9D22.jpg',11,NULL,'2018-06-21 15:23:12','2018-07-05 16:48:29',NULL),(864,'일식23.jpg','/samples/%EC%9D%BC%EC%8B%9D23.jpg',11,NULL,'2018-06-21 15:23:12','2018-07-05 16:48:29',NULL),(865,'일식24.jpg','/samples/%EC%9D%BC%EC%8B%9D24.jpg',11,NULL,'2018-06-21 15:23:12','2018-07-05 16:48:29',NULL),(866,'일식25.jpg','/samples/%EC%9D%BC%EC%8B%9D25.jpg',11,NULL,'2018-06-21 15:23:12','2018-07-05 16:48:29',NULL),(867,'일식26.jpg','/samples/%EC%9D%BC%EC%8B%9D26.jpg',11,NULL,'2018-06-21 15:23:12','2018-07-05 16:48:29',NULL),(868,'일식27.jpg','/samples/%EC%9D%BC%EC%8B%9D27.jpg',11,NULL,'2018-06-21 15:23:12','2018-07-05 16:48:29',NULL),(869,'일식28.jpg','/samples/%EC%9D%BC%EC%8B%9D28.jpg',11,NULL,'2018-06-21 15:23:12','2018-07-05 16:48:29',NULL),(870,'일식29.jpg','/samples/%EC%9D%BC%EC%8B%9D29.jpg',11,NULL,'2018-06-21 15:23:13','2018-07-05 16:48:29',NULL),(871,'일식3.jpg','/samples/%EC%9D%BC%EC%8B%9D3.jpg',11,NULL,'2018-06-21 15:23:13','2018-07-05 16:48:29',NULL),(872,'일식30.jpg','/samples/%EC%9D%BC%EC%8B%9D30.jpg',11,NULL,'2018-06-21 15:23:13','2018-07-05 16:48:29',NULL),(873,'일식31.jpg','/samples/%EC%9D%BC%EC%8B%9D31.jpg',11,NULL,'2018-06-21 15:23:13','2018-07-05 16:48:29',NULL),(874,'일식32.jpg','/samples/%EC%9D%BC%EC%8B%9D32.jpg',11,NULL,'2018-06-21 15:23:13','2018-07-05 16:48:29',NULL),(875,'일식33.jpg','/samples/%EC%9D%BC%EC%8B%9D33.jpg',11,NULL,'2018-06-21 15:23:13','2018-07-05 16:48:29',NULL),(876,'일식34.jpg','/samples/%EC%9D%BC%EC%8B%9D34.jpg',11,NULL,'2018-06-21 15:23:13','2018-07-05 16:48:29',NULL),(877,'일식35.jpg','/samples/%EC%9D%BC%EC%8B%9D35.jpg',11,NULL,'2018-06-21 15:23:13','2018-07-05 16:48:29',NULL),(878,'일식36.jpg','/samples/%EC%9D%BC%EC%8B%9D36.jpg',11,NULL,'2018-06-21 15:23:13','2018-07-05 16:48:29',NULL),(879,'일식37.jpg','/samples/%EC%9D%BC%EC%8B%9D37.jpg',11,NULL,'2018-06-21 15:23:14','2018-07-05 16:48:29',NULL),(880,'일식38.jpg','/samples/%EC%9D%BC%EC%8B%9D38.jpg',11,NULL,'2018-06-21 15:23:14','2018-07-05 16:48:29',NULL),(881,'일식39.jpg','/samples/%EC%9D%BC%EC%8B%9D39.jpg',11,NULL,'2018-06-21 15:23:14','2018-07-05 16:48:29',NULL),(882,'일식4.jpg','/samples/%EC%9D%BC%EC%8B%9D4.jpg',11,NULL,'2018-06-21 15:23:14','2018-07-05 16:48:29',NULL),(883,'일식40.jpg','/samples/%EC%9D%BC%EC%8B%9D40.jpg',11,NULL,'2018-06-21 15:23:14','2018-07-05 16:48:29',NULL),(884,'일식41.jpg','/samples/%EC%9D%BC%EC%8B%9D41.jpg',11,NULL,'2018-06-21 15:23:14','2018-07-05 16:48:29',NULL),(885,'일식42.jpg','/samples/%EC%9D%BC%EC%8B%9D42.jpg',11,NULL,'2018-06-21 15:23:14','2018-07-05 16:48:29',NULL),(886,'일식43.jpg','/samples/%EC%9D%BC%EC%8B%9D43.jpg',11,NULL,'2018-06-21 15:23:14','2018-07-05 16:48:29',NULL),(887,'일식44.jpg','/samples/%EC%9D%BC%EC%8B%9D44.jpg',11,NULL,'2018-06-21 15:23:14','2018-07-05 16:48:29',NULL),(888,'일식45.jpg','/samples/%EC%9D%BC%EC%8B%9D45.jpg',11,NULL,'2018-06-21 15:23:14','2018-07-05 16:48:29',NULL),(889,'일식46.jpg','/samples/%EC%9D%BC%EC%8B%9D46.jpg',11,NULL,'2018-06-21 15:23:15','2018-07-05 16:48:29',NULL),(890,'일식47.jpg','/samples/%EC%9D%BC%EC%8B%9D47.jpg',11,NULL,'2018-06-21 15:23:15','2018-07-05 16:48:29',NULL),(891,'일식48.jpg','/samples/%EC%9D%BC%EC%8B%9D48.jpg',11,NULL,'2018-06-21 15:23:15','2018-07-05 16:48:29',NULL),(892,'일식49.jpg','/samples/%EC%9D%BC%EC%8B%9D49.jpg',11,NULL,'2018-06-21 15:23:15','2018-07-05 16:48:29',NULL),(893,'일식5.jpg','/samples/%EC%9D%BC%EC%8B%9D5.jpg',11,NULL,'2018-06-21 15:23:15','2018-07-05 16:48:29',NULL),(894,'일식50.jpg','/samples/%EC%9D%BC%EC%8B%9D50.jpg',11,NULL,'2018-06-21 15:23:15','2018-07-05 16:48:29',NULL),(895,'일식51.jpg','/samples/%EC%9D%BC%EC%8B%9D51.jpg',11,NULL,'2018-06-21 15:23:15','2018-07-05 16:48:29',NULL),(896,'일식52.jpg','/samples/%EC%9D%BC%EC%8B%9D52.jpg',11,NULL,'2018-06-21 15:23:15','2018-07-05 16:48:29',NULL),(897,'일식53.jpg','/samples/%EC%9D%BC%EC%8B%9D53.jpg',11,NULL,'2018-06-21 15:23:15','2018-07-05 16:48:29',NULL),(898,'일식54.jpg','/samples/%EC%9D%BC%EC%8B%9D54.jpg',11,NULL,'2018-06-21 15:23:16','2018-07-05 16:48:29',NULL),(899,'일식55.jpg','/samples/%EC%9D%BC%EC%8B%9D55.jpg',11,NULL,'2018-06-21 15:23:16','2018-07-05 16:48:29',NULL),(900,'일식56.jpg','/samples/%EC%9D%BC%EC%8B%9D56.jpg',11,NULL,'2018-06-21 15:23:16','2018-07-05 16:48:29',NULL),(901,'일식57.jpg','/samples/%EC%9D%BC%EC%8B%9D57.jpg',11,NULL,'2018-06-21 15:23:16','2018-07-05 16:48:29',NULL),(902,'일식58.jpg','/samples/%EC%9D%BC%EC%8B%9D58.jpg',11,NULL,'2018-06-21 15:23:16','2018-07-05 16:48:29',NULL),(903,'일식59.jpg','/samples/%EC%9D%BC%EC%8B%9D59.jpg',11,NULL,'2018-06-21 15:23:16','2018-07-05 16:48:29',NULL),(904,'일식6.jpg','/samples/%EC%9D%BC%EC%8B%9D6.jpg',11,NULL,'2018-06-21 15:23:16','2018-07-05 16:48:29',NULL),(905,'일식60.jpg','/samples/%EC%9D%BC%EC%8B%9D60.jpg',11,NULL,'2018-06-21 15:23:16','2018-07-05 16:48:29',NULL),(906,'일식61.jpg','/samples/%EC%9D%BC%EC%8B%9D61.jpg',11,NULL,'2018-06-21 15:23:16','2018-07-05 16:48:29',NULL),(907,'일식62.jpg','/samples/%EC%9D%BC%EC%8B%9D62.jpg',11,NULL,'2018-06-21 15:23:16','2018-07-05 16:48:29',NULL),(908,'일식63.jpg','/samples/%EC%9D%BC%EC%8B%9D63.jpg',11,NULL,'2018-06-21 15:23:16','2018-07-05 16:48:29',NULL),(909,'일식64.jpg','/samples/%EC%9D%BC%EC%8B%9D64.jpg',11,NULL,'2018-06-21 15:23:17','2018-07-05 16:48:29',NULL),(910,'일식65.jpg','/samples/%EC%9D%BC%EC%8B%9D65.jpg',11,NULL,'2018-06-21 15:23:17','2018-07-05 16:48:29',NULL),(911,'일식66.jpg','/samples/%EC%9D%BC%EC%8B%9D66.jpg',11,NULL,'2018-06-21 15:23:17','2018-07-05 16:48:29',NULL),(912,'일식67.jpg','/samples/%EC%9D%BC%EC%8B%9D67.jpg',11,NULL,'2018-06-21 15:23:17','2018-07-05 16:48:29',NULL),(913,'일식68.jpg','/samples/%EC%9D%BC%EC%8B%9D68.jpg',11,NULL,'2018-06-21 15:23:17','2018-07-05 16:48:29',NULL),(914,'일식69.jpg','/samples/%EC%9D%BC%EC%8B%9D69.jpg',11,NULL,'2018-06-21 15:23:17','2018-07-05 16:48:30',NULL),(915,'일식7.jpg','/samples/%EC%9D%BC%EC%8B%9D7.jpg',11,NULL,'2018-06-21 15:23:17','2018-07-05 16:48:30',NULL),(916,'일식70.jpg','/samples/%EC%9D%BC%EC%8B%9D70.jpg',11,NULL,'2018-06-21 15:23:17','2018-07-05 16:48:30',NULL),(917,'일식71.jpg','/samples/%EC%9D%BC%EC%8B%9D71.jpg',11,NULL,'2018-06-21 15:23:17','2018-07-05 16:48:30',NULL),(918,'일식72.jpg','/samples/%EC%9D%BC%EC%8B%9D72.jpg',11,NULL,'2018-06-21 15:23:17','2018-07-05 16:48:30',NULL),(919,'일식73.jpg','/samples/%EC%9D%BC%EC%8B%9D73.jpg',11,NULL,'2018-06-21 15:23:17','2018-07-05 16:48:30',NULL),(920,'일식74.jpg','/samples/%EC%9D%BC%EC%8B%9D74.jpg',11,NULL,'2018-06-21 15:23:18','2018-07-05 16:48:30',NULL),(921,'일식75.jpg','/samples/%EC%9D%BC%EC%8B%9D75.jpg',11,NULL,'2018-06-21 15:23:18','2018-07-05 16:48:30',NULL),(922,'일식76.jpg','/samples/%EC%9D%BC%EC%8B%9D76.jpg',11,NULL,'2018-06-21 15:23:18','2018-07-05 16:48:30',NULL),(923,'일식77.jpg','/samples/%EC%9D%BC%EC%8B%9D77.jpg',11,NULL,'2018-06-21 15:23:18','2018-07-05 16:48:30',NULL),(924,'일식78.jpg','/samples/%EC%9D%BC%EC%8B%9D78.jpg',11,NULL,'2018-06-21 15:23:18','2018-07-05 16:48:30',NULL),(925,'일식79.jpg','/samples/%EC%9D%BC%EC%8B%9D79.jpg',11,NULL,'2018-06-21 15:23:18','2018-07-05 16:48:30',NULL),(926,'일식8.jpg','/samples/%EC%9D%BC%EC%8B%9D8.jpg',11,NULL,'2018-06-21 15:23:18','2018-07-05 16:48:30',NULL),(927,'일식80.jpg','/samples/%EC%9D%BC%EC%8B%9D80.jpg',11,NULL,'2018-06-21 15:23:18','2018-07-05 16:48:30',NULL),(928,'일식81.jpg','/samples/%EC%9D%BC%EC%8B%9D81.jpg',11,NULL,'2018-06-21 15:23:18','2018-07-05 16:48:30',NULL),(929,'일식82.jpg','/samples/%EC%9D%BC%EC%8B%9D82.jpg',11,NULL,'2018-06-21 15:23:19','2018-07-05 16:48:30',NULL),(930,'일식83.jpg','/samples/%EC%9D%BC%EC%8B%9D83.jpg',11,NULL,'2018-06-21 15:23:19','2018-07-05 16:48:30',NULL),(931,'일식84.jpg','/samples/%EC%9D%BC%EC%8B%9D84.jpg',11,NULL,'2018-06-21 15:23:19','2018-07-05 16:48:30',NULL),(932,'일식85.jpg','/samples/%EC%9D%BC%EC%8B%9D85.jpg',11,NULL,'2018-06-21 15:23:19','2018-07-05 16:48:30',NULL),(933,'일식86.jpg','/samples/%EC%9D%BC%EC%8B%9D86.jpg',11,NULL,'2018-06-21 15:23:19','2018-07-05 16:48:30',NULL),(934,'일식87.jpg','/samples/%EC%9D%BC%EC%8B%9D87.jpg',11,NULL,'2018-06-21 15:23:19','2018-07-05 16:48:30',NULL),(935,'일식88.jpg','/samples/%EC%9D%BC%EC%8B%9D88.jpg',11,NULL,'2018-06-21 15:23:19','2018-07-05 16:48:30',NULL),(936,'일식89.jpg','/samples/%EC%9D%BC%EC%8B%9D89.jpg',11,NULL,'2018-06-21 15:23:19','2018-07-05 16:48:30',NULL),(937,'일식9.jpg','/samples/%EC%9D%BC%EC%8B%9D9.jpg',11,NULL,'2018-06-21 15:23:19','2018-07-05 16:48:30',NULL),(938,'일식90.jpg','/samples/%EC%9D%BC%EC%8B%9D90.jpg',11,NULL,'2018-06-21 15:23:19','2018-07-05 16:48:30',NULL),(939,'일식91.jpg','/samples/%EC%9D%BC%EC%8B%9D91.jpg',11,NULL,'2018-06-21 15:23:19','2018-07-05 16:48:30',NULL),(940,'일식92.jpg','/samples/%EC%9D%BC%EC%8B%9D92.jpg',11,NULL,'2018-06-21 15:23:19','2018-07-05 16:48:30',NULL),(941,'일식93.jpg','/samples/%EC%9D%BC%EC%8B%9D93.jpg',11,NULL,'2018-06-21 15:23:20','2018-07-05 16:48:30',NULL),(942,'일식94.jpg','/samples/%EC%9D%BC%EC%8B%9D94.jpg',11,NULL,'2018-06-21 15:23:20','2018-07-05 16:48:30',NULL),(943,'일식95.jpg','/samples/%EC%9D%BC%EC%8B%9D95.jpg',11,NULL,'2018-06-21 15:23:20','2018-07-05 16:48:30',NULL),(944,'일식96.jpg','/samples/%EC%9D%BC%EC%8B%9D96.jpg',11,NULL,'2018-06-21 15:23:20','2018-07-05 16:48:30',NULL),(945,'일식97.jpg','/samples/%EC%9D%BC%EC%8B%9D97.jpg',11,NULL,'2018-06-21 15:23:20','2018-07-05 16:48:30',NULL),(946,'일식98.jpg','/samples/%EC%9D%BC%EC%8B%9D98.jpg',11,NULL,'2018-06-21 15:23:20','2018-07-05 16:48:30',NULL),(947,'일식99.jpg','/samples/%EC%9D%BC%EC%8B%9D99.jpg',11,NULL,'2018-06-21 15:23:20','2018-07-05 16:48:30',NULL),(948,'족발,보쌈1.jpg','/samples/%EC%A1%B1%EB%B0%9C%2C%EB%B3%B4%EC%8C%881.jpg',12,NULL,'2018-06-21 15:23:52','2018-07-05 16:48:30',NULL),(949,'족발,보쌈10.jpg','/samples/%EC%A1%B1%EB%B0%9C%2C%EB%B3%B4%EC%8C%8810.jpg',12,NULL,'2018-06-21 15:23:52','2018-07-05 16:48:30',NULL),(950,'족발,보쌈11.jpg','/samples/%EC%A1%B1%EB%B0%9C%2C%EB%B3%B4%EC%8C%8811.jpg',12,NULL,'2018-06-21 15:23:52','2018-07-05 16:48:30',NULL),(951,'족발,보쌈12.jpg','/samples/%EC%A1%B1%EB%B0%9C%2C%EB%B3%B4%EC%8C%8812.jpg',12,NULL,'2018-06-21 15:23:52','2018-07-05 16:48:30',NULL),(952,'족발,보쌈13.jpg','/samples/%EC%A1%B1%EB%B0%9C%2C%EB%B3%B4%EC%8C%8813.jpg',12,NULL,'2018-06-21 15:23:52','2018-07-05 16:48:30',NULL),(953,'족발,보쌈14.jpg','/samples/%EC%A1%B1%EB%B0%9C%2C%EB%B3%B4%EC%8C%8814.jpg',12,NULL,'2018-06-21 15:23:52','2018-07-05 16:48:30',NULL),(954,'족발,보쌈15.jpg','/samples/%EC%A1%B1%EB%B0%9C%2C%EB%B3%B4%EC%8C%8815.jpg',12,NULL,'2018-06-21 15:23:52','2018-07-05 16:48:30',NULL),(955,'족발,보쌈16.jpg','/samples/%EC%A1%B1%EB%B0%9C%2C%EB%B3%B4%EC%8C%8816.jpg',12,NULL,'2018-06-21 15:23:52','2018-07-05 16:48:30',NULL),(956,'족발,보쌈17.jpg','/samples/%EC%A1%B1%EB%B0%9C%2C%EB%B3%B4%EC%8C%8817.jpg',12,NULL,'2018-06-21 15:23:52','2018-07-05 16:48:30',NULL),(957,'족발,보쌈18.jpg','/samples/%EC%A1%B1%EB%B0%9C%2C%EB%B3%B4%EC%8C%8818.jpg',12,NULL,'2018-06-21 15:23:53','2018-07-05 16:48:30',NULL),(958,'족발,보쌈19.jpg','/samples/%EC%A1%B1%EB%B0%9C%2C%EB%B3%B4%EC%8C%8819.jpg',12,NULL,'2018-06-21 15:23:53','2018-07-05 16:48:30',NULL),(959,'족발,보쌈2.jpg','/samples/%EC%A1%B1%EB%B0%9C%2C%EB%B3%B4%EC%8C%882.jpg',12,NULL,'2018-06-21 15:23:53','2018-07-05 16:48:30',NULL),(960,'족발,보쌈20.jpg','/samples/%EC%A1%B1%EB%B0%9C%2C%EB%B3%B4%EC%8C%8820.jpg',12,NULL,'2018-06-21 15:23:53','2018-07-05 16:48:30',NULL),(961,'족발,보쌈21.jpg','/samples/%EC%A1%B1%EB%B0%9C%2C%EB%B3%B4%EC%8C%8821.jpg',12,NULL,'2018-06-21 15:23:53','2018-07-05 16:48:30',NULL),(962,'족발,보쌈22.jpg','/samples/%EC%A1%B1%EB%B0%9C%2C%EB%B3%B4%EC%8C%8822.jpg',12,NULL,'2018-06-21 15:23:53','2018-07-05 16:48:30',NULL),(963,'족발,보쌈23.jpg','/samples/%EC%A1%B1%EB%B0%9C%2C%EB%B3%B4%EC%8C%8823.jpg',12,NULL,'2018-06-21 15:23:53','2018-07-05 16:48:30',NULL),(964,'족발,보쌈24.jpg','/samples/%EC%A1%B1%EB%B0%9C%2C%EB%B3%B4%EC%8C%8824.jpg',12,NULL,'2018-06-21 15:23:53','2018-07-05 16:48:30',NULL),(965,'족발,보쌈25.jpg','/samples/%EC%A1%B1%EB%B0%9C%2C%EB%B3%B4%EC%8C%8825.jpg',12,NULL,'2018-06-21 15:23:53','2018-07-05 16:48:30',NULL),(966,'족발,보쌈26.jpg','/samples/%EC%A1%B1%EB%B0%9C%2C%EB%B3%B4%EC%8C%8826.jpg',12,NULL,'2018-06-21 15:23:53','2018-07-05 16:48:30',NULL),(967,'족발,보쌈27.jpg','/samples/%EC%A1%B1%EB%B0%9C%2C%EB%B3%B4%EC%8C%8827.jpg',12,NULL,'2018-06-21 15:23:54','2018-07-05 16:48:30',NULL),(968,'족발,보쌈3.jpg','/samples/%EC%A1%B1%EB%B0%9C%2C%EB%B3%B4%EC%8C%883.jpg',12,NULL,'2018-06-21 15:23:54','2018-07-05 16:48:30',NULL),(969,'족발,보쌈4.jpg','/samples/%EC%A1%B1%EB%B0%9C%2C%EB%B3%B4%EC%8C%884.jpg',12,NULL,'2018-06-21 15:23:54','2018-07-05 16:48:30',NULL),(970,'족발,보쌈5.jpg','/samples/%EC%A1%B1%EB%B0%9C%2C%EB%B3%B4%EC%8C%885.jpg',12,NULL,'2018-06-21 15:23:54','2018-07-05 16:48:31',NULL),(971,'족발,보쌈6.jpg','/samples/%EC%A1%B1%EB%B0%9C%2C%EB%B3%B4%EC%8C%886.jpg',12,NULL,'2018-06-21 15:23:54','2018-07-05 16:48:31',NULL),(972,'족발,보쌈7.jpg','/samples/%EC%A1%B1%EB%B0%9C%2C%EB%B3%B4%EC%8C%887.jpg',12,NULL,'2018-06-21 15:23:54','2018-07-05 16:48:31',NULL),(973,'족발,보쌈8.jpg','/samples/%EC%A1%B1%EB%B0%9C%2C%EB%B3%B4%EC%8C%888.jpg',12,NULL,'2018-06-21 15:23:54','2018-07-05 16:48:31',NULL),(974,'족발,보쌈9.jpg','/samples/%EC%A1%B1%EB%B0%9C%2C%EB%B3%B4%EC%8C%889.jpg',12,NULL,'2018-06-21 15:23:54','2018-07-05 16:48:31',NULL),(975,'중화요리1.jpg','/samples/%EC%A4%91%ED%99%94%EC%9A%94%EB%A6%AC1.jpg',13,NULL,'2018-06-21 15:24:25','2018-07-05 16:48:31',NULL),(976,'중화요리10.jpg','/samples/%EC%A4%91%ED%99%94%EC%9A%94%EB%A6%AC10.jpg',13,NULL,'2018-06-21 15:24:26','2018-07-05 16:48:31',NULL),(977,'중화요리11.jpg','/samples/%EC%A4%91%ED%99%94%EC%9A%94%EB%A6%AC11.jpg',13,NULL,'2018-06-21 15:24:26','2018-07-05 16:48:31',NULL),(978,'중화요리12.jpg','/samples/%EC%A4%91%ED%99%94%EC%9A%94%EB%A6%AC12.jpg',13,NULL,'2018-06-21 15:24:26','2018-07-05 16:48:31',NULL),(979,'중화요리13.jpg','/samples/%EC%A4%91%ED%99%94%EC%9A%94%EB%A6%AC13.jpg',13,NULL,'2018-06-21 15:24:26','2018-07-05 16:48:31',NULL),(980,'중화요리14.jpg','/samples/%EC%A4%91%ED%99%94%EC%9A%94%EB%A6%AC14.jpg',13,NULL,'2018-06-21 15:24:26','2018-07-05 16:48:31',NULL),(981,'중화요리15.jpg','/samples/%EC%A4%91%ED%99%94%EC%9A%94%EB%A6%AC15.jpg',13,NULL,'2018-06-21 15:24:26','2018-07-05 16:48:31',NULL),(982,'중화요리16.jpg','/samples/%EC%A4%91%ED%99%94%EC%9A%94%EB%A6%AC16.jpg',13,NULL,'2018-06-21 15:24:26','2018-07-05 16:48:31',NULL),(983,'중화요리17.jpg','/samples/%EC%A4%91%ED%99%94%EC%9A%94%EB%A6%AC17.jpg',13,NULL,'2018-06-21 15:24:26','2018-07-05 16:48:31',NULL),(984,'중화요리18.jpg','/samples/%EC%A4%91%ED%99%94%EC%9A%94%EB%A6%AC18.jpg',13,NULL,'2018-06-21 15:24:26','2018-07-05 16:48:31',NULL),(985,'중화요리19.jpg','/samples/%EC%A4%91%ED%99%94%EC%9A%94%EB%A6%AC19.jpg',13,NULL,'2018-06-21 15:24:26','2018-07-05 16:48:31',NULL),(986,'중화요리2.jpg','/samples/%EC%A4%91%ED%99%94%EC%9A%94%EB%A6%AC2.jpg',13,NULL,'2018-06-21 15:24:27','2018-07-05 16:48:31',NULL),(987,'중화요리20.jpg','/samples/%EC%A4%91%ED%99%94%EC%9A%94%EB%A6%AC20.jpg',13,NULL,'2018-06-21 15:24:27','2018-07-05 16:48:31',NULL),(988,'중화요리3.jpg','/samples/%EC%A4%91%ED%99%94%EC%9A%94%EB%A6%AC3.jpg',13,NULL,'2018-06-21 15:24:27','2018-07-05 16:48:31',NULL),(989,'중화요리4.jpg','/samples/%EC%A4%91%ED%99%94%EC%9A%94%EB%A6%AC4.jpg',13,NULL,'2018-06-21 15:24:27','2018-07-05 16:48:31',NULL),(990,'중화요리5.jpg','/samples/%EC%A4%91%ED%99%94%EC%9A%94%EB%A6%AC5.jpg',13,NULL,'2018-06-21 15:24:27','2018-07-05 16:48:31',NULL),(991,'중화요리6.jpg','/samples/%EC%A4%91%ED%99%94%EC%9A%94%EB%A6%AC6.jpg',13,NULL,'2018-06-21 15:24:27','2018-07-05 16:48:31',NULL),(992,'중화요리7.jpg','/samples/%EC%A4%91%ED%99%94%EC%9A%94%EB%A6%AC7.jpg',13,NULL,'2018-06-21 15:24:27','2018-07-05 16:48:31',NULL),(993,'중화요리8.jpg','/samples/%EC%A4%91%ED%99%94%EC%9A%94%EB%A6%AC8.jpg',13,NULL,'2018-06-21 15:24:27','2018-07-05 16:48:31',NULL),(994,'중화요리9.jpg','/samples/%EC%A4%91%ED%99%94%EC%9A%94%EB%A6%AC9.jpg',13,NULL,'2018-06-21 15:24:27','2018-07-05 16:48:31',NULL),(995,'찌개1.jpg','/samples/%EC%B0%8C%EA%B0%9C1.jpg',14,NULL,'2018-06-21 15:24:56','2018-07-05 16:48:31',NULL),(996,'찌개10.jpg','/samples/%EC%B0%8C%EA%B0%9C10.jpg',14,NULL,'2018-06-21 15:24:56','2018-07-05 16:48:31',NULL),(997,'찌개11.jpg','/samples/%EC%B0%8C%EA%B0%9C11.jpg',14,NULL,'2018-06-21 15:24:56','2018-07-05 16:48:31',NULL),(998,'찌개12.jpg','/samples/%EC%B0%8C%EA%B0%9C12.jpg',14,NULL,'2018-06-21 15:24:56','2018-07-05 16:48:31',NULL),(999,'찌개13.jpg','/samples/%EC%B0%8C%EA%B0%9C13.jpg',14,NULL,'2018-06-21 15:24:56','2018-07-05 16:48:31',NULL),(1000,'찌개14.jpg','/samples/%EC%B0%8C%EA%B0%9C14.jpg',14,NULL,'2018-06-21 15:24:56','2018-07-05 16:48:31',NULL),(1001,'찌개15.jpg','/samples/%EC%B0%8C%EA%B0%9C15.jpg',14,NULL,'2018-06-21 15:24:57','2018-07-05 16:48:31',NULL),(1002,'찌개16.jpg','/samples/%EC%B0%8C%EA%B0%9C16.jpg',14,NULL,'2018-06-21 15:24:57','2018-07-05 16:48:31',NULL),(1003,'찌개17.jpg','/samples/%EC%B0%8C%EA%B0%9C17.jpg',14,NULL,'2018-06-21 15:24:57','2018-07-05 16:48:31',NULL),(1004,'찌개18.jpg','/samples/%EC%B0%8C%EA%B0%9C18.jpg',14,NULL,'2018-06-21 15:24:57','2018-07-05 16:48:31',NULL),(1005,'찌개19.jpg','/samples/%EC%B0%8C%EA%B0%9C19.jpg',14,NULL,'2018-06-21 15:24:57','2018-07-05 16:48:31',NULL),(1006,'찌개2.jpg','/samples/%EC%B0%8C%EA%B0%9C2.jpg',14,NULL,'2018-06-21 15:24:57','2018-07-05 16:48:31',NULL),(1007,'찌개20.jpg','/samples/%EC%B0%8C%EA%B0%9C20.jpg',14,NULL,'2018-06-21 15:24:57','2018-07-05 16:48:31',NULL),(1008,'찌개21.jpg','/samples/%EC%B0%8C%EA%B0%9C21.jpg',14,NULL,'2018-06-21 15:24:57','2018-07-05 16:48:31',NULL),(1009,'찌개22.jpg','/samples/%EC%B0%8C%EA%B0%9C22.jpg',14,NULL,'2018-06-21 15:24:57','2018-07-05 16:48:31',NULL),(1010,'찌개23.jpg','/samples/%EC%B0%8C%EA%B0%9C23.jpg',14,NULL,'2018-06-21 15:24:58','2018-07-05 16:48:31',NULL),(1011,'찌개24.jpg','/samples/%EC%B0%8C%EA%B0%9C24.jpg',14,NULL,'2018-06-21 15:24:58','2018-07-05 16:48:31',NULL),(1012,'찌개25.jpg','/samples/%EC%B0%8C%EA%B0%9C25.jpg',14,NULL,'2018-06-21 15:24:58','2018-07-05 16:48:31',NULL),(1013,'찌개26.jpg','/samples/%EC%B0%8C%EA%B0%9C26.jpg',14,NULL,'2018-06-21 15:24:58','2018-07-05 16:48:31',NULL),(1014,'찌개27.jpg','/samples/%EC%B0%8C%EA%B0%9C27.jpg',14,NULL,'2018-06-21 15:24:58','2018-07-05 16:48:31',NULL),(1015,'찌개28.jpg','/samples/%EC%B0%8C%EA%B0%9C28.jpg',14,NULL,'2018-06-21 15:24:58','2018-07-05 16:48:31',NULL),(1016,'찌개29.jpg','/samples/%EC%B0%8C%EA%B0%9C29.jpg',14,NULL,'2018-06-21 15:24:58','2018-07-05 16:48:31',NULL),(1017,'찌개3.jpg','/samples/%EC%B0%8C%EA%B0%9C3.jpg',14,NULL,'2018-06-21 15:24:58','2018-07-05 16:48:31',NULL),(1018,'찌개30.jpg','/samples/%EC%B0%8C%EA%B0%9C30.jpg',14,NULL,'2018-06-21 15:24:58','2018-07-05 16:48:31',NULL),(1019,'찌개31.jpg','/samples/%EC%B0%8C%EA%B0%9C31.jpg',14,NULL,'2018-06-21 15:24:58','2018-07-05 16:48:31',NULL),(1020,'찌개32.jpg','/samples/%EC%B0%8C%EA%B0%9C32.jpg',14,NULL,'2018-06-21 15:24:58','2018-07-05 16:48:31',NULL),(1021,'찌개33.jpg','/samples/%EC%B0%8C%EA%B0%9C33.jpg',14,NULL,'2018-06-21 15:24:59','2018-07-05 16:48:31',NULL),(1022,'찌개34.jpg','/samples/%EC%B0%8C%EA%B0%9C34.jpg',14,NULL,'2018-06-21 15:24:59','2018-07-05 16:48:31',NULL),(1023,'찌개35.jpg','/samples/%EC%B0%8C%EA%B0%9C35.jpg',14,NULL,'2018-06-21 15:24:59','2018-07-05 16:48:31',NULL),(1024,'찌개36.jpg','/samples/%EC%B0%8C%EA%B0%9C36.jpg',14,NULL,'2018-06-21 15:24:59','2018-07-05 16:48:31',NULL),(1025,'찌개37.jpg','/samples/%EC%B0%8C%EA%B0%9C37.jpg',14,NULL,'2018-06-21 15:24:59','2018-07-05 16:48:31',NULL),(1026,'찌개38.jpg','/samples/%EC%B0%8C%EA%B0%9C38.jpg',14,NULL,'2018-06-21 15:24:59','2018-07-05 16:48:31',NULL),(1027,'찌개39.jpg','/samples/%EC%B0%8C%EA%B0%9C39.jpg',14,NULL,'2018-06-21 15:24:59','2018-07-05 16:48:31',NULL),(1028,'찌개4.jpg','/samples/%EC%B0%8C%EA%B0%9C4.jpg',14,NULL,'2018-06-21 15:24:59','2018-07-05 16:48:32',NULL),(1029,'찌개40.jpg','/samples/%EC%B0%8C%EA%B0%9C40.jpg',14,NULL,'2018-06-21 15:24:59','2018-07-05 16:48:32',NULL),(1030,'찌개41.jpg','/samples/%EC%B0%8C%EA%B0%9C41.jpg',14,NULL,'2018-06-21 15:24:59','2018-07-05 16:48:32',NULL),(1031,'찌개42.jpg','/samples/%EC%B0%8C%EA%B0%9C42.jpg',14,NULL,'2018-06-21 15:25:00','2018-07-05 16:48:32',NULL),(1032,'찌개43.jpg','/samples/%EC%B0%8C%EA%B0%9C43.jpg',14,NULL,'2018-06-21 15:25:00','2018-07-05 16:48:32',NULL),(1033,'찌개44.jpg','/samples/%EC%B0%8C%EA%B0%9C44.jpg',14,NULL,'2018-06-21 15:25:00','2018-07-05 16:48:32',NULL),(1034,'찌개45.jpg','/samples/%EC%B0%8C%EA%B0%9C45.jpg',14,NULL,'2018-06-21 15:25:00','2018-07-05 16:48:32',NULL),(1035,'찌개46.jpg','/samples/%EC%B0%8C%EA%B0%9C46.jpg',14,NULL,'2018-06-21 15:25:00','2018-07-05 16:48:32',NULL),(1036,'찌개47.jpg','/samples/%EC%B0%8C%EA%B0%9C47.jpg',14,NULL,'2018-06-21 15:25:00','2018-07-05 16:48:32',NULL),(1037,'찌개48.jpg','/samples/%EC%B0%8C%EA%B0%9C48.jpg',14,NULL,'2018-06-21 15:25:00','2018-07-05 16:48:32',NULL),(1038,'찌개49.jpg','/samples/%EC%B0%8C%EA%B0%9C49.jpg',14,NULL,'2018-06-21 15:25:00','2018-07-05 16:48:32',NULL),(1039,'찌개5.jpg','/samples/%EC%B0%8C%EA%B0%9C5.jpg',14,NULL,'2018-06-21 15:25:00','2018-07-05 16:48:32',NULL),(1040,'찌개50.jpg','/samples/%EC%B0%8C%EA%B0%9C50.jpg',14,NULL,'2018-06-21 15:25:00','2018-07-05 16:48:32',NULL),(1041,'찌개6.jpg','/samples/%EC%B0%8C%EA%B0%9C6.jpg',14,NULL,'2018-06-21 15:25:01','2018-07-05 16:48:32',NULL),(1042,'찌개7.jpg','/samples/%EC%B0%8C%EA%B0%9C7.jpg',14,NULL,'2018-06-21 15:25:01','2018-07-05 16:48:32',NULL),(1043,'찌개8.jpg','/samples/%EC%B0%8C%EA%B0%9C8.jpg',14,NULL,'2018-06-21 15:25:01','2018-07-05 16:48:32',NULL),(1044,'찌개9.jpg','/samples/%EC%B0%8C%EA%B0%9C9.jpg',14,NULL,'2018-06-21 15:25:01','2018-07-05 16:48:32',NULL),(1045,'찜1.jpg','/samples/%EC%B0%9C1.jpg',15,NULL,'2018-06-21 15:25:30','2018-07-05 16:48:32',NULL),(1046,'찜10.jpg','/samples/%EC%B0%9C10.jpg',15,NULL,'2018-06-21 15:25:30','2018-07-05 16:48:32',NULL),(1047,'찜11.jpg','/samples/%EC%B0%9C11.jpg',15,NULL,'2018-06-21 15:25:30','2018-07-05 16:48:32',NULL),(1048,'찜12.jpg','/samples/%EC%B0%9C12.jpg',15,NULL,'2018-06-21 15:25:30','2018-07-05 16:48:32',NULL),(1049,'찜13.jpg','/samples/%EC%B0%9C13.jpg',15,NULL,'2018-06-21 15:25:31','2018-07-05 16:48:32',NULL),(1050,'찜14.jpg','/samples/%EC%B0%9C14.jpg',15,NULL,'2018-06-21 15:25:31','2018-07-05 16:48:32',NULL),(1051,'찜15.jpg','/samples/%EC%B0%9C15.jpg',15,NULL,'2018-06-21 15:25:31','2018-07-05 16:48:32',NULL),(1052,'찜16.jpg','/samples/%EC%B0%9C16.jpg',15,NULL,'2018-06-21 15:25:31','2018-07-05 16:48:32',NULL),(1053,'찜17.jpg','/samples/%EC%B0%9C17.jpg',15,NULL,'2018-06-21 15:25:31','2018-07-05 16:48:32',NULL),(1054,'찜18.jpg','/samples/%EC%B0%9C18.jpg',15,NULL,'2018-06-21 15:25:31','2018-07-05 16:48:32',NULL),(1055,'찜2.jpg','/samples/%EC%B0%9C2.jpg',15,NULL,'2018-06-21 15:25:31','2018-07-05 16:48:32',NULL),(1056,'찜3.jpg','/samples/%EC%B0%9C3.jpg',15,NULL,'2018-06-21 15:25:31','2018-07-05 16:48:32',NULL),(1057,'찜4.jpg','/samples/%EC%B0%9C4.jpg',15,NULL,'2018-06-21 15:25:31','2018-07-05 16:48:32',NULL),(1058,'찜5.jpg','/samples/%EC%B0%9C5.jpg',15,NULL,'2018-06-21 15:25:31','2018-07-05 16:48:32',NULL),(1059,'찜6.jpg','/samples/%EC%B0%9C6.jpg',15,NULL,'2018-06-21 15:25:32','2018-07-05 16:48:32',NULL),(1060,'찜7.jpg','/samples/%EC%B0%9C7.jpg',15,NULL,'2018-06-21 15:25:32','2018-07-05 16:48:32',NULL),(1061,'찜8.jpg','/samples/%EC%B0%9C8.jpg',15,NULL,'2018-06-21 15:25:32','2018-07-05 16:48:32',NULL),(1062,'찜9.jpg','/samples/%EC%B0%9C9.jpg',15,NULL,'2018-06-21 15:25:32','2018-07-05 16:48:32',NULL),(1063,'치킨1.jpg','/samples/%EC%B9%98%ED%82%A81.jpg',16,NULL,'2018-06-21 15:26:01','2018-07-05 16:48:32',NULL),(1064,'치킨10.jpg','/samples/%EC%B9%98%ED%82%A810.jpg',16,NULL,'2018-06-21 15:26:01','2018-07-05 16:48:32',NULL),(1065,'치킨11.jpg','/samples/%EC%B9%98%ED%82%A811.jpg',16,NULL,'2018-06-21 15:26:01','2018-07-05 16:48:32',NULL),(1066,'치킨12.jpg','/samples/%EC%B9%98%ED%82%A812.jpg',16,NULL,'2018-06-21 15:26:01','2018-07-05 16:48:32',NULL),(1067,'치킨13.jpg','/samples/%EC%B9%98%ED%82%A813.jpg',16,NULL,'2018-06-21 15:26:01','2018-07-05 16:48:32',NULL),(1068,'치킨14.jpg','/samples/%EC%B9%98%ED%82%A814.jpg',16,NULL,'2018-06-21 15:26:01','2018-07-05 16:48:32',NULL),(1069,'치킨15.jpg','/samples/%EC%B9%98%ED%82%A815.jpg',16,NULL,'2018-06-21 15:26:01','2018-07-05 16:48:32',NULL),(1070,'치킨16.jpg','/samples/%EC%B9%98%ED%82%A816.jpg',16,NULL,'2018-06-21 15:26:01','2018-07-05 16:48:32',NULL),(1071,'치킨17.jpg','/samples/%EC%B9%98%ED%82%A817.jpg',16,NULL,'2018-06-21 15:26:01','2018-07-05 16:48:32',NULL),(1072,'치킨18.jpg','/samples/%EC%B9%98%ED%82%A818.jpg',16,NULL,'2018-06-21 15:26:01','2018-07-05 16:48:32',NULL),(1073,'치킨19.jpg','/samples/%EC%B9%98%ED%82%A819.jpg',16,NULL,'2018-06-21 15:26:01','2018-07-05 16:48:32',NULL),(1074,'치킨2.jpg','/samples/%EC%B9%98%ED%82%A82.jpg',16,NULL,'2018-06-21 15:26:02','2018-07-05 16:48:32',NULL),(1075,'치킨20.jpg','/samples/%EC%B9%98%ED%82%A820.jpg',16,NULL,'2018-06-21 15:26:02','2018-07-05 16:48:32',NULL),(1076,'치킨21.jpg','/samples/%EC%B9%98%ED%82%A821.jpg',16,NULL,'2018-06-21 15:26:02','2018-07-05 16:48:32',NULL),(1077,'치킨22.jpg','/samples/%EC%B9%98%ED%82%A822.jpg',16,NULL,'2018-06-21 15:26:02','2018-07-05 16:48:32',NULL),(1078,'치킨23.jpg','/samples/%EC%B9%98%ED%82%A823.jpg',16,NULL,'2018-06-21 15:26:02','2018-07-05 16:48:32',NULL),(1079,'치킨24.jpg','/samples/%EC%B9%98%ED%82%A824.jpg',16,NULL,'2018-06-21 15:26:02','2018-07-05 16:48:32',NULL),(1080,'치킨25.jpg','/samples/%EC%B9%98%ED%82%A825.jpg',16,NULL,'2018-06-21 15:26:02','2018-07-05 16:48:32',NULL),(1081,'치킨26.jpg','/samples/%EC%B9%98%ED%82%A826.jpg',16,NULL,'2018-06-21 15:26:02','2018-07-05 16:48:32',NULL),(1082,'치킨27.jpg','/samples/%EC%B9%98%ED%82%A827.jpg',16,NULL,'2018-06-21 15:26:02','2018-07-05 16:48:32',NULL),(1083,'치킨28.jpg','/samples/%EC%B9%98%ED%82%A828.jpg',16,NULL,'2018-06-21 15:26:03','2018-07-05 16:48:32',NULL),(1084,'치킨29.jpg','/samples/%EC%B9%98%ED%82%A829.jpg',16,NULL,'2018-06-21 15:26:03','2018-07-05 16:48:32',NULL),(1085,'치킨3.jpg','/samples/%EC%B9%98%ED%82%A83.jpg',16,NULL,'2018-06-21 15:26:03','2018-07-05 16:48:33',NULL),(1086,'치킨30.jpg','/samples/%EC%B9%98%ED%82%A830.jpg',16,NULL,'2018-06-21 15:26:03','2018-07-05 16:48:33',NULL),(1087,'치킨31.jpg','/samples/%EC%B9%98%ED%82%A831.jpg',16,NULL,'2018-06-21 15:26:03','2018-07-05 16:48:33',NULL),(1088,'치킨32.jpg','/samples/%EC%B9%98%ED%82%A832.jpg',16,NULL,'2018-06-21 15:26:03','2018-07-05 16:48:33',NULL),(1089,'치킨33.jpg','/samples/%EC%B9%98%ED%82%A833.jpg',16,NULL,'2018-06-21 15:26:03','2018-07-05 16:48:33',NULL),(1090,'치킨34.jpg','/samples/%EC%B9%98%ED%82%A834.jpg',16,NULL,'2018-06-21 15:26:03','2018-07-05 16:48:33',NULL),(1091,'치킨35.jpg','/samples/%EC%B9%98%ED%82%A835.jpg',16,NULL,'2018-06-21 15:26:03','2018-07-05 16:48:33',NULL),(1092,'치킨36.jpg','/samples/%EC%B9%98%ED%82%A836.jpg',16,NULL,'2018-06-21 15:26:03','2018-07-05 16:48:33',NULL),(1093,'치킨4.jpg','/samples/%EC%B9%98%ED%82%A84.jpg',16,NULL,'2018-06-21 15:26:03','2018-07-05 16:48:33',NULL),(1094,'치킨5.jpg','/samples/%EC%B9%98%ED%82%A85.jpg',16,NULL,'2018-06-21 15:26:04','2018-07-05 16:48:33',NULL),(1095,'치킨6.jpg','/samples/%EC%B9%98%ED%82%A86.jpg',16,NULL,'2018-06-21 15:26:04','2018-07-05 16:48:33',NULL),(1096,'치킨7.jpg','/samples/%EC%B9%98%ED%82%A87.jpg',16,NULL,'2018-06-21 15:26:04','2018-07-05 16:48:33',NULL),(1097,'치킨8.jpg','/samples/%EC%B9%98%ED%82%A88.jpg',16,NULL,'2018-06-21 15:26:04','2018-07-05 16:48:33',NULL),(1098,'치킨9.jpg','/samples/%EC%B9%98%ED%82%A89.jpg',16,NULL,'2018-06-21 15:26:04','2018-07-05 16:48:33',NULL),(1099,'커피1.jpg','/samples/%EC%BB%A4%ED%94%BC1.jpg',17,NULL,'2018-06-21 15:26:33','2018-07-05 16:48:33',NULL),(1100,'커피10.jpg','/samples/%EC%BB%A4%ED%94%BC10.jpg',17,NULL,'2018-06-21 15:26:33','2018-07-05 16:48:33',NULL),(1101,'커피11.jpg','/samples/%EC%BB%A4%ED%94%BC11.jpg',17,NULL,'2018-06-21 15:26:33','2018-07-05 16:48:33',NULL),(1102,'커피12.jpg','/samples/%EC%BB%A4%ED%94%BC12.jpg',17,NULL,'2018-06-21 15:26:33','2018-07-05 16:48:33',NULL),(1103,'커피13.jpg','/samples/%EC%BB%A4%ED%94%BC13.jpg',17,NULL,'2018-06-21 15:26:33','2018-07-05 16:48:33',NULL),(1104,'커피14.jpg','/samples/%EC%BB%A4%ED%94%BC14.jpg',17,NULL,'2018-06-21 15:26:33','2018-07-05 16:48:33',NULL),(1105,'커피15.jpg','/samples/%EC%BB%A4%ED%94%BC15.jpg',17,NULL,'2018-06-21 15:26:33','2018-07-05 16:48:33',NULL),(1106,'커피16.jpg','/samples/%EC%BB%A4%ED%94%BC16.jpg',17,NULL,'2018-06-21 15:26:33','2018-07-05 16:48:33',NULL),(1107,'커피17.jpg','/samples/%EC%BB%A4%ED%94%BC17.jpg',17,NULL,'2018-06-21 15:26:33','2018-07-05 16:48:33',NULL),(1108,'커피18.jpg','/samples/%EC%BB%A4%ED%94%BC18.jpg',17,NULL,'2018-06-21 15:26:33','2018-07-05 16:48:33',NULL),(1109,'커피19.jpg','/samples/%EC%BB%A4%ED%94%BC19.jpg',17,NULL,'2018-06-21 15:26:34','2018-07-05 16:48:33',NULL),(1110,'커피2.jpg','/samples/%EC%BB%A4%ED%94%BC2.jpg',17,NULL,'2018-06-21 15:26:34','2018-07-05 16:48:33',NULL),(1111,'커피20.jpg','/samples/%EC%BB%A4%ED%94%BC20.jpg',17,NULL,'2018-06-21 15:26:34','2018-07-05 16:48:33',NULL),(1112,'커피21.jpg','/samples/%EC%BB%A4%ED%94%BC21.jpg',17,NULL,'2018-06-21 15:26:34','2018-07-05 16:48:33',NULL),(1113,'커피22.jpg','/samples/%EC%BB%A4%ED%94%BC22.jpg',17,NULL,'2018-06-21 15:26:34','2018-07-05 16:48:33',NULL),(1114,'커피23.jpg','/samples/%EC%BB%A4%ED%94%BC23.jpg',17,NULL,'2018-06-21 15:26:34','2018-07-05 16:48:33',NULL),(1115,'커피24.jpg','/samples/%EC%BB%A4%ED%94%BC24.jpg',17,NULL,'2018-06-21 15:26:34','2018-07-05 16:48:33',NULL),(1116,'커피25.jpg','/samples/%EC%BB%A4%ED%94%BC25.jpg',17,NULL,'2018-06-21 15:26:34','2018-07-05 16:48:33',NULL),(1117,'커피26.jpg','/samples/%EC%BB%A4%ED%94%BC26.jpg',17,NULL,'2018-06-21 15:26:34','2018-07-05 16:48:33',NULL),(1118,'커피27.jpg','/samples/%EC%BB%A4%ED%94%BC27.jpg',17,NULL,'2018-06-21 15:26:34','2018-07-05 16:48:33',NULL),(1119,'커피28.jpg','/samples/%EC%BB%A4%ED%94%BC28.jpg',17,NULL,'2018-06-21 15:26:35','2018-07-05 16:48:33',NULL),(1120,'커피29.jpg','/samples/%EC%BB%A4%ED%94%BC29.jpg',17,NULL,'2018-06-21 15:26:35','2018-07-05 16:48:33',NULL),(1121,'커피3.jpg','/samples/%EC%BB%A4%ED%94%BC3.jpg',17,NULL,'2018-06-21 15:26:35','2018-07-05 16:48:33',NULL),(1122,'커피30.jpg','/samples/%EC%BB%A4%ED%94%BC30.jpg',17,NULL,'2018-06-21 15:26:35','2018-07-05 16:48:33',NULL),(1123,'커피31.jpg','/samples/%EC%BB%A4%ED%94%BC31.jpg',17,NULL,'2018-06-21 15:26:35','2018-07-05 16:48:33',NULL),(1124,'커피32.jpg','/samples/%EC%BB%A4%ED%94%BC32.jpg',17,NULL,'2018-06-21 15:26:35','2018-07-05 16:48:33',NULL),(1125,'커피33.jpg','/samples/%EC%BB%A4%ED%94%BC33.jpg',17,NULL,'2018-06-21 15:26:35','2018-07-05 16:48:33',NULL),(1126,'커피34.jpg','/samples/%EC%BB%A4%ED%94%BC34.jpg',17,NULL,'2018-06-21 15:26:35','2018-07-05 16:48:33',NULL),(1127,'커피35.jpg','/samples/%EC%BB%A4%ED%94%BC35.jpg',17,NULL,'2018-06-21 15:26:35','2018-07-05 16:48:33',NULL),(1128,'커피36.jpg','/samples/%EC%BB%A4%ED%94%BC36.jpg',17,NULL,'2018-06-21 15:26:35','2018-07-05 16:48:33',NULL),(1129,'커피37.jpg','/samples/%EC%BB%A4%ED%94%BC37.jpg',17,NULL,'2018-06-21 15:26:35','2018-07-05 16:48:33',NULL),(1130,'커피38.jpg','/samples/%EC%BB%A4%ED%94%BC38.jpg',17,NULL,'2018-06-21 15:26:35','2018-07-05 16:48:33',NULL),(1131,'커피39.jpg','/samples/%EC%BB%A4%ED%94%BC39.jpg',17,NULL,'2018-06-21 15:26:36','2018-07-05 16:48:33',NULL),(1132,'커피4.jpg','/samples/%EC%BB%A4%ED%94%BC4.jpg',17,NULL,'2018-06-21 15:26:36','2018-07-05 16:48:33',NULL),(1133,'커피40.jpg','/samples/%EC%BB%A4%ED%94%BC40.jpg',17,NULL,'2018-06-21 15:26:36','2018-07-05 16:48:33',NULL),(1134,'커피41.jpg','/samples/%EC%BB%A4%ED%94%BC41.jpg',17,NULL,'2018-06-21 15:26:36','2018-07-05 16:48:33',NULL),(1135,'커피42.jpg','/samples/%EC%BB%A4%ED%94%BC42.jpg',17,NULL,'2018-06-21 15:26:36','2018-07-05 16:48:33',NULL),(1136,'커피43.jpg','/samples/%EC%BB%A4%ED%94%BC43.jpg',17,NULL,'2018-06-21 15:26:36','2018-07-05 16:48:33',NULL),(1137,'커피44.jpg','/samples/%EC%BB%A4%ED%94%BC44.jpg',17,NULL,'2018-06-21 15:26:36','2018-07-05 16:48:33',NULL),(1138,'커피45.jpg','/samples/%EC%BB%A4%ED%94%BC45.jpg',17,NULL,'2018-06-21 15:26:36','2018-07-05 16:48:33',NULL),(1139,'커피46.jpg','/samples/%EC%BB%A4%ED%94%BC46.jpg',17,NULL,'2018-06-21 15:26:36','2018-07-05 16:48:34',NULL),(1140,'커피47.jpg','/samples/%EC%BB%A4%ED%94%BC47.jpg',17,NULL,'2018-06-21 15:26:36','2018-07-05 16:48:34',NULL),(1141,'커피48.jpg','/samples/%EC%BB%A4%ED%94%BC48.jpg',17,NULL,'2018-06-21 15:26:36','2018-07-05 16:48:34',NULL),(1142,'커피49.jpg','/samples/%EC%BB%A4%ED%94%BC49.jpg',17,NULL,'2018-06-21 15:26:37','2018-07-05 16:48:34',NULL),(1143,'커피5.jpg','/samples/%EC%BB%A4%ED%94%BC5.jpg',17,NULL,'2018-06-21 15:26:37','2018-07-05 16:48:34',NULL),(1144,'커피6.jpg','/samples/%EC%BB%A4%ED%94%BC6.jpg',17,NULL,'2018-06-21 15:26:37','2018-07-05 16:48:34',NULL),(1145,'커피7.jpg','/samples/%EC%BB%A4%ED%94%BC7.jpg',17,NULL,'2018-06-21 15:26:37','2018-07-05 16:48:34',NULL),(1146,'커피8.jpg','/samples/%EC%BB%A4%ED%94%BC8.jpg',17,NULL,'2018-06-21 15:26:37','2018-07-05 16:48:34',NULL),(1147,'커피9.jpg','/samples/%EC%BB%A4%ED%94%BC9.jpg',17,NULL,'2018-06-21 15:26:37','2018-07-05 16:48:34',NULL),(1148,'탕1.jpg','/samples/%ED%83%951.jpg',18,NULL,'2018-06-21 15:27:07','2018-07-05 16:48:34',NULL),(1149,'탕10.jpg','/samples/%ED%83%9510.jpg',18,NULL,'2018-06-21 15:27:07','2018-07-05 16:48:34',NULL),(1150,'탕11.jpg','/samples/%ED%83%9511.jpg',18,NULL,'2018-06-21 15:27:07','2018-07-05 16:48:34',NULL),(1151,'탕12.jpg','/samples/%ED%83%9512.jpg',18,NULL,'2018-06-21 15:27:07','2018-07-05 16:48:34',NULL),(1152,'탕13.jpg','/samples/%ED%83%9513.jpg',18,NULL,'2018-06-21 15:27:07','2018-07-05 16:48:34',NULL),(1153,'탕14.jpg','/samples/%ED%83%9514.jpg',18,NULL,'2018-06-21 15:27:07','2018-07-05 16:48:34',NULL),(1154,'탕15.jpg','/samples/%ED%83%9515.jpg',18,NULL,'2018-06-21 15:27:08','2018-07-05 16:48:34',NULL),(1155,'탕16.jpg','/samples/%ED%83%9516.jpg',18,NULL,'2018-06-21 15:27:08','2018-07-05 16:48:34',NULL),(1156,'탕17.jpg','/samples/%ED%83%9517.jpg',18,NULL,'2018-06-21 15:27:08','2018-07-05 16:48:34',NULL),(1157,'탕18.jpg','/samples/%ED%83%9518.jpg',18,NULL,'2018-06-21 15:27:08','2018-07-05 16:48:34',NULL),(1158,'탕19.jpg','/samples/%ED%83%9519.jpg',18,NULL,'2018-06-21 15:27:08','2018-07-05 16:48:34',NULL),(1159,'탕2.jpg','/samples/%ED%83%952.jpg',18,NULL,'2018-06-21 15:27:08','2018-07-05 16:48:34',NULL),(1160,'탕20.jpg','/samples/%ED%83%9520.jpg',18,NULL,'2018-06-21 15:27:08','2018-07-05 16:48:34',NULL),(1161,'탕21.jpg','/samples/%ED%83%9521.jpg',18,NULL,'2018-06-21 15:27:08','2018-07-05 16:48:34',NULL),(1162,'탕22.jpg','/samples/%ED%83%9522.jpg',18,NULL,'2018-06-21 15:27:08','2018-07-05 16:48:34',NULL),(1163,'탕23.jpg','/samples/%ED%83%9523.jpg',18,NULL,'2018-06-21 15:27:09','2018-07-05 16:48:34',NULL),(1164,'탕24.jpg','/samples/%ED%83%9524.jpg',18,NULL,'2018-06-21 15:27:09','2018-07-05 16:48:34',NULL),(1165,'탕25.jpg','/samples/%ED%83%9525.jpg',18,NULL,'2018-06-21 15:27:09','2018-07-05 16:48:34',NULL),(1166,'탕26.jpg','/samples/%ED%83%9526.jpg',18,NULL,'2018-06-21 15:27:09','2018-07-05 16:48:34',NULL),(1167,'탕27.jpg','/samples/%ED%83%9527.jpg',18,NULL,'2018-06-21 15:27:09','2018-07-05 16:48:34',NULL),(1168,'탕28.jpg','/samples/%ED%83%9528.jpg',18,NULL,'2018-06-21 15:27:09','2018-07-05 16:48:34',NULL),(1169,'탕29.jpg','/samples/%ED%83%9529.jpg',18,NULL,'2018-06-21 15:27:09','2018-07-05 16:48:34',NULL),(1170,'탕3.jpg','/samples/%ED%83%953.jpg',18,NULL,'2018-06-21 15:27:09','2018-07-05 16:48:34',NULL),(1171,'탕30.jpg','/samples/%ED%83%9530.jpg',18,NULL,'2018-06-21 15:27:09','2018-07-05 16:48:34',NULL),(1172,'탕31.jpg','/samples/%ED%83%9531.jpg',18,NULL,'2018-06-21 15:27:09','2018-07-05 16:48:34',NULL),(1173,'탕32.jpg','/samples/%ED%83%9532.jpg',18,NULL,'2018-06-21 15:27:09','2018-07-05 16:48:34',NULL),(1174,'탕33.jpg','/samples/%ED%83%9533.jpg',18,NULL,'2018-06-21 15:27:10','2018-07-05 16:48:34',NULL),(1175,'탕34.jpg','/samples/%ED%83%9534.jpg',18,NULL,'2018-06-21 15:27:10','2018-07-05 16:48:34',NULL),(1176,'탕35.jpg','/samples/%ED%83%9535.jpg',18,NULL,'2018-06-21 15:27:10','2018-07-05 16:48:34',NULL),(1177,'탕36.jpg','/samples/%ED%83%9536.jpg',18,NULL,'2018-06-21 15:27:10','2018-07-05 16:48:34',NULL),(1178,'탕37.jpg','/samples/%ED%83%9537.jpg',18,NULL,'2018-06-21 15:27:10','2018-07-05 16:48:34',NULL),(1179,'탕38.jpg','/samples/%ED%83%9538.jpg',18,NULL,'2018-06-21 15:27:10','2018-07-05 16:48:34',NULL),(1180,'탕39.jpg','/samples/%ED%83%9539.jpg',18,NULL,'2018-06-21 15:27:10','2018-07-05 16:48:34',NULL),(1181,'탕4.jpg','/samples/%ED%83%954.jpg',18,NULL,'2018-06-21 15:27:10','2018-07-05 16:48:34',NULL),(1182,'탕40.jpg','/samples/%ED%83%9540.jpg',18,NULL,'2018-06-21 15:27:10','2018-07-05 16:48:34',NULL),(1183,'탕41.jpg','/samples/%ED%83%9541.jpg',18,NULL,'2018-06-21 15:27:10','2018-07-05 16:48:34',NULL),(1184,'탕42.jpg','/samples/%ED%83%9542.jpg',18,NULL,'2018-06-21 15:27:11','2018-07-05 16:48:34',NULL),(1185,'탕43.jpg','/samples/%ED%83%9543.jpg',18,NULL,'2018-06-21 15:27:11','2018-07-05 16:48:34',NULL),(1186,'탕44.jpg','/samples/%ED%83%9544.jpg',18,NULL,'2018-06-21 15:27:11','2018-07-05 16:48:34',NULL),(1187,'탕45.jpg','/samples/%ED%83%9545.jpg',18,NULL,'2018-06-21 15:27:11','2018-07-05 16:48:34',NULL),(1188,'탕46.jpg','/samples/%ED%83%9546.jpg',18,NULL,'2018-06-21 15:27:11','2018-07-05 16:48:34',NULL),(1189,'탕47.jpg','/samples/%ED%83%9547.jpg',18,NULL,'2018-06-21 15:27:11','2018-07-05 16:48:34',NULL),(1190,'탕48.jpg','/samples/%ED%83%9548.jpg',18,NULL,'2018-06-21 15:27:11','2018-07-05 16:48:34',NULL),(1191,'탕49.jpg','/samples/%ED%83%9549.jpg',18,NULL,'2018-06-21 15:27:11','2018-07-05 16:48:34',NULL),(1192,'탕5.jpg','/samples/%ED%83%955.jpg',18,NULL,'2018-06-21 15:27:11','2018-07-05 16:48:34',NULL),(1193,'탕50.jpg','/samples/%ED%83%9550.jpg',18,NULL,'2018-06-21 15:27:11','2018-07-05 16:48:34',NULL),(1194,'탕51.jpg','/samples/%ED%83%9551.jpg',18,NULL,'2018-06-21 15:27:11','2018-07-05 16:48:34',NULL),(1195,'탕52.jpg','/samples/%ED%83%9552.jpg',18,NULL,'2018-06-21 15:27:12','2018-07-05 16:48:34',NULL),(1196,'탕53.jpg','/samples/%ED%83%9553.jpg',18,NULL,'2018-06-21 15:27:12','2018-07-05 16:48:34',NULL),(1197,'탕54.jpg','/samples/%ED%83%9554.jpg',18,NULL,'2018-06-21 15:27:12','2018-07-05 16:48:35',NULL),(1198,'탕55.jpg','/samples/%ED%83%9555.jpg',18,NULL,'2018-06-21 15:27:12','2018-07-05 16:48:35',NULL),(1199,'탕56.jpg','/samples/%ED%83%9556.jpg',18,NULL,'2018-06-21 15:27:12','2018-07-05 16:48:35',NULL),(1200,'탕57.jpg','/samples/%ED%83%9557.jpg',18,NULL,'2018-06-21 15:27:12','2018-07-05 16:48:35',NULL),(1201,'탕58.jpg','/samples/%ED%83%9558.jpg',18,NULL,'2018-06-21 15:27:12','2018-07-05 16:48:35',NULL),(1202,'탕59.jpg','/samples/%ED%83%9559.jpg',18,NULL,'2018-06-21 15:27:12','2018-07-05 16:48:35',NULL),(1203,'탕6.jpg','/samples/%ED%83%956.jpg',18,NULL,'2018-06-21 15:27:12','2018-07-05 16:48:35',NULL),(1204,'탕60.jpg','/samples/%ED%83%9560.jpg',18,NULL,'2018-06-21 15:27:12','2018-07-05 16:48:35',NULL),(1205,'탕61.jpg','/samples/%ED%83%9561.jpg',18,NULL,'2018-06-21 15:27:13','2018-07-05 16:48:35',NULL),(1206,'탕62.jpg','/samples/%ED%83%9562.jpg',18,NULL,'2018-06-21 15:27:13','2018-07-05 16:48:35',NULL),(1207,'탕63.jpg','/samples/%ED%83%9563.jpg',18,NULL,'2018-06-21 15:27:13','2018-07-05 16:48:35',NULL),(1208,'탕64.jpg','/samples/%ED%83%9564.jpg',18,NULL,'2018-06-21 15:27:13','2018-07-05 16:48:35',NULL),(1209,'탕65.jpg','/samples/%ED%83%9565.jpg',18,NULL,'2018-06-21 15:27:13','2018-07-05 16:48:35',NULL),(1210,'탕66.jpg','/samples/%ED%83%9566.jpg',18,NULL,'2018-06-21 15:27:13','2018-07-05 16:48:35',NULL),(1211,'탕67.jpg','/samples/%ED%83%9567.jpg',18,NULL,'2018-06-21 15:27:13','2018-07-05 16:48:35',NULL),(1212,'탕68.jpg','/samples/%ED%83%9568.jpg',18,NULL,'2018-06-21 15:27:13','2018-07-05 16:48:35',NULL),(1213,'탕69.jpg','/samples/%ED%83%9569.jpg',18,NULL,'2018-06-21 15:27:13','2018-07-05 16:48:35',NULL),(1214,'탕7.jpg','/samples/%ED%83%957.jpg',18,NULL,'2018-06-21 15:27:13','2018-07-05 16:48:35',NULL),(1215,'탕70.jpg','/samples/%ED%83%9570.jpg',18,NULL,'2018-06-21 15:27:14','2018-07-05 16:48:35',NULL),(1216,'탕71.jpg','/samples/%ED%83%9571.jpg',18,NULL,'2018-06-21 15:27:14','2018-07-05 16:48:35',NULL),(1217,'탕72.jpg','/samples/%ED%83%9572.jpg',18,NULL,'2018-06-21 15:27:14','2018-07-05 16:48:35',NULL),(1218,'탕73.jpg','/samples/%ED%83%9573.jpg',18,NULL,'2018-06-21 15:27:14','2018-07-05 16:48:35',NULL),(1219,'탕8.jpg','/samples/%ED%83%958.jpg',18,NULL,'2018-06-21 15:27:14','2018-07-05 16:48:35',NULL),(1220,'탕9.jpg','/samples/%ED%83%959.jpg',18,NULL,'2018-06-21 15:27:14','2018-07-05 16:48:35',NULL),(1221,'파스타1.jpg','/samples/%ED%8C%8C%EC%8A%A4%ED%83%801.jpg',19,NULL,'2018-06-21 15:27:43','2018-07-05 16:48:35',NULL),(1222,'파스타10.jpg','/samples/%ED%8C%8C%EC%8A%A4%ED%83%8010.jpg',19,NULL,'2018-06-21 15:27:43','2018-07-05 16:48:35',NULL),(1223,'파스타11.jpg','/samples/%ED%8C%8C%EC%8A%A4%ED%83%8011.jpg',19,NULL,'2018-06-21 15:27:43','2018-07-05 16:48:35',NULL),(1224,'파스타12.jpg','/samples/%ED%8C%8C%EC%8A%A4%ED%83%8012.jpg',19,NULL,'2018-06-21 15:27:43','2018-07-05 16:48:35',NULL),(1225,'파스타13.jpg','/samples/%ED%8C%8C%EC%8A%A4%ED%83%8013.jpg',19,NULL,'2018-06-21 15:27:43','2018-07-05 16:48:35',NULL),(1226,'파스타14.jpg','/samples/%ED%8C%8C%EC%8A%A4%ED%83%8014.jpg',19,NULL,'2018-06-21 15:27:43','2018-07-05 16:48:35',NULL),(1227,'파스타15.jpg','/samples/%ED%8C%8C%EC%8A%A4%ED%83%8015.jpg',19,NULL,'2018-06-21 15:27:43','2018-07-05 16:48:35',NULL),(1228,'파스타16.jpg','/samples/%ED%8C%8C%EC%8A%A4%ED%83%8016.jpg',19,NULL,'2018-06-21 15:27:43','2018-07-05 16:48:35',NULL),(1229,'파스타17.jpg','/samples/%ED%8C%8C%EC%8A%A4%ED%83%8017.jpg',19,NULL,'2018-06-21 15:27:43','2018-07-05 16:48:35',NULL),(1230,'파스타18.jpg','/samples/%ED%8C%8C%EC%8A%A4%ED%83%8018.jpg',19,NULL,'2018-06-21 15:27:43','2018-07-05 16:48:35',NULL),(1231,'파스타19.jpg','/samples/%ED%8C%8C%EC%8A%A4%ED%83%8019.jpg',19,NULL,'2018-06-21 15:27:43','2018-07-05 16:48:35',NULL),(1232,'파스타2.jpg','/samples/%ED%8C%8C%EC%8A%A4%ED%83%802.jpg',19,NULL,'2018-06-21 15:27:44','2018-07-05 16:48:35',NULL),(1233,'파스타20.jpg','/samples/%ED%8C%8C%EC%8A%A4%ED%83%8020.jpg',19,NULL,'2018-06-21 15:27:44','2018-07-05 16:48:35',NULL),(1234,'파스타21.jpg','/samples/%ED%8C%8C%EC%8A%A4%ED%83%8021.jpg',19,NULL,'2018-06-21 15:27:44','2018-07-05 16:48:35',NULL),(1235,'파스타22.jpg','/samples/%ED%8C%8C%EC%8A%A4%ED%83%8022.jpg',19,NULL,'2018-06-21 15:27:44','2018-07-05 16:48:35',NULL),(1236,'파스타23.jpg','/samples/%ED%8C%8C%EC%8A%A4%ED%83%8023.jpg',19,NULL,'2018-06-21 15:27:44','2018-07-05 16:48:35',NULL),(1237,'파스타24.jpg','/samples/%ED%8C%8C%EC%8A%A4%ED%83%8024.jpg',19,NULL,'2018-06-21 15:27:44','2018-07-05 16:48:35',NULL),(1238,'파스타25.jpg','/samples/%ED%8C%8C%EC%8A%A4%ED%83%8025.jpg',19,NULL,'2018-06-21 15:27:44','2018-07-05 16:48:35',NULL),(1239,'파스타26.jpg','/samples/%ED%8C%8C%EC%8A%A4%ED%83%8026.jpg',19,NULL,'2018-06-21 15:27:44','2018-07-05 16:48:35',NULL),(1240,'파스타27.jpg','/samples/%ED%8C%8C%EC%8A%A4%ED%83%8027.jpg',19,NULL,'2018-06-21 15:27:44','2018-07-05 16:48:35',NULL),(1241,'파스타28.jpg','/samples/%ED%8C%8C%EC%8A%A4%ED%83%8028.jpg',19,NULL,'2018-06-21 15:27:44','2018-07-05 16:48:35',NULL),(1242,'파스타29.jpg','/samples/%ED%8C%8C%EC%8A%A4%ED%83%8029.jpg',19,NULL,'2018-06-21 15:27:45','2018-07-05 16:48:35',NULL),(1243,'파스타3.jpg','/samples/%ED%8C%8C%EC%8A%A4%ED%83%803.jpg',19,NULL,'2018-06-21 15:27:45','2018-07-05 16:48:35',NULL),(1244,'파스타30.jpg','/samples/%ED%8C%8C%EC%8A%A4%ED%83%8030.jpg',19,NULL,'2018-06-21 15:27:45','2018-07-05 16:48:35',NULL),(1245,'파스타31.jpg','/samples/%ED%8C%8C%EC%8A%A4%ED%83%8031.jpg',19,NULL,'2018-06-21 15:27:45','2018-07-05 16:48:35',NULL),(1246,'파스타32.jpg','/samples/%ED%8C%8C%EC%8A%A4%ED%83%8032.jpg',19,NULL,'2018-06-21 15:27:45','2018-07-05 16:48:35',NULL),(1247,'파스타33.jpg','/samples/%ED%8C%8C%EC%8A%A4%ED%83%8033.jpg',19,NULL,'2018-06-21 15:27:45','2018-07-05 16:48:35',NULL),(1248,'파스타34.jpg','/samples/%ED%8C%8C%EC%8A%A4%ED%83%8034.jpg',19,NULL,'2018-06-21 15:27:45','2018-07-05 16:48:35',NULL),(1249,'파스타35.jpg','/samples/%ED%8C%8C%EC%8A%A4%ED%83%8035.jpg',19,NULL,'2018-06-21 15:27:45','2018-07-05 16:48:35',NULL),(1250,'파스타36.jpg','/samples/%ED%8C%8C%EC%8A%A4%ED%83%8036.jpg',19,NULL,'2018-06-21 15:27:45','2018-07-05 16:48:35',NULL),(1251,'파스타37.jpg','/samples/%ED%8C%8C%EC%8A%A4%ED%83%8037.jpg',19,NULL,'2018-06-21 15:27:45','2018-07-05 16:48:35',NULL),(1252,'파스타38.jpg','/samples/%ED%8C%8C%EC%8A%A4%ED%83%8038.jpg',19,NULL,'2018-06-21 15:27:45','2018-07-05 16:48:35',NULL),(1253,'파스타39.jpg','/samples/%ED%8C%8C%EC%8A%A4%ED%83%8039.jpg',19,NULL,'2018-06-21 15:27:45','2018-07-05 16:48:35',NULL),(1254,'파스타4.jpg','/samples/%ED%8C%8C%EC%8A%A4%ED%83%804.jpg',19,NULL,'2018-06-21 15:27:46','2018-07-05 16:48:36',NULL),(1255,'파스타40.jpg','/samples/%ED%8C%8C%EC%8A%A4%ED%83%8040.jpg',19,NULL,'2018-06-21 15:27:46','2018-07-05 16:48:36',NULL),(1256,'파스타41.jpg','/samples/%ED%8C%8C%EC%8A%A4%ED%83%8041.jpg',19,NULL,'2018-06-21 15:27:46','2018-07-05 16:48:36',NULL),(1257,'파스타42.jpg','/samples/%ED%8C%8C%EC%8A%A4%ED%83%8042.jpg',19,NULL,'2018-06-21 15:27:46','2018-07-05 16:48:36',NULL),(1258,'파스타43.jpg','/samples/%ED%8C%8C%EC%8A%A4%ED%83%8043.jpg',19,NULL,'2018-06-21 15:27:46','2018-07-05 16:48:36',NULL),(1259,'파스타44.jpg','/samples/%ED%8C%8C%EC%8A%A4%ED%83%8044.jpg',19,NULL,'2018-06-21 15:27:46','2018-07-05 16:48:36',NULL),(1260,'파스타45.jpg','/samples/%ED%8C%8C%EC%8A%A4%ED%83%8045.jpg',19,NULL,'2018-06-21 15:27:46','2018-07-05 16:48:36',NULL),(1261,'파스타46.jpg','/samples/%ED%8C%8C%EC%8A%A4%ED%83%8046.jpg',19,NULL,'2018-06-21 15:27:46','2018-07-05 16:48:36',NULL),(1262,'파스타47.jpg','/samples/%ED%8C%8C%EC%8A%A4%ED%83%8047.jpg',19,NULL,'2018-06-21 15:27:46','2018-07-05 16:48:36',NULL),(1263,'파스타5.jpg','/samples/%ED%8C%8C%EC%8A%A4%ED%83%805.jpg',19,NULL,'2018-06-21 15:27:47','2018-07-05 16:48:36',NULL),(1264,'파스타6.jpg','/samples/%ED%8C%8C%EC%8A%A4%ED%83%806.jpg',19,NULL,'2018-06-21 15:27:47','2018-07-05 16:48:36',NULL),(1265,'파스타7.jpg','/samples/%ED%8C%8C%EC%8A%A4%ED%83%807.jpg',19,NULL,'2018-06-21 15:27:47','2018-07-05 16:48:36',NULL),(1266,'파스타8.jpg','/samples/%ED%8C%8C%EC%8A%A4%ED%83%808.jpg',19,NULL,'2018-06-21 15:27:47','2018-07-05 16:48:36',NULL),(1267,'파스타9.jpg','/samples/%ED%8C%8C%EC%8A%A4%ED%83%809.jpg',19,NULL,'2018-06-21 15:27:47','2018-07-05 16:48:36',NULL),(1268,'피자1.jpg','/samples/%ED%94%BC%EC%9E%901.jpg',20,NULL,'2018-06-21 15:28:22','2018-07-05 16:48:36',NULL),(1269,'피자10.jpg','/samples/%ED%94%BC%EC%9E%9010.jpg',20,NULL,'2018-06-21 15:28:22','2018-07-05 16:48:36',NULL),(1270,'피자11.jpg','/samples/%ED%94%BC%EC%9E%9011.jpg',20,NULL,'2018-06-21 15:28:22','2018-07-05 16:48:36',NULL),(1271,'피자12.jpg','/samples/%ED%94%BC%EC%9E%9012.jpg',20,NULL,'2018-06-21 15:28:22','2018-07-05 16:48:36',NULL),(1272,'피자13.jpg','/samples/%ED%94%BC%EC%9E%9013.jpg',20,NULL,'2018-06-21 15:28:22','2018-07-05 16:48:36',NULL),(1273,'피자14.jpg','/samples/%ED%94%BC%EC%9E%9014.jpg',20,NULL,'2018-06-21 15:28:22','2018-07-05 16:48:36',NULL),(1274,'피자15.jpg','/samples/%ED%94%BC%EC%9E%9015.jpg',20,NULL,'2018-06-21 15:28:22','2018-07-05 16:48:36',NULL),(1275,'피자16.jpg','/samples/%ED%94%BC%EC%9E%9016.jpg',20,NULL,'2018-06-21 15:28:22','2018-07-05 16:48:36',NULL),(1276,'피자17.jpg','/samples/%ED%94%BC%EC%9E%9017.jpg',20,NULL,'2018-06-21 15:28:23','2018-07-05 16:48:36',NULL),(1277,'피자18.jpg','/samples/%ED%94%BC%EC%9E%9018.jpg',20,NULL,'2018-06-21 15:28:23','2018-07-05 16:48:36',NULL),(1278,'피자19.jpg','/samples/%ED%94%BC%EC%9E%9019.jpg',20,NULL,'2018-06-21 15:28:23','2018-07-05 16:48:36',NULL),(1279,'피자2.jpg','/samples/%ED%94%BC%EC%9E%902.jpg',20,NULL,'2018-06-21 15:28:23','2018-07-05 16:48:36',NULL),(1280,'피자20.jpg','/samples/%ED%94%BC%EC%9E%9020.jpg',20,NULL,'2018-06-21 15:28:23','2018-07-05 16:48:36',NULL),(1281,'피자21.jpg','/samples/%ED%94%BC%EC%9E%9021.jpg',20,NULL,'2018-06-21 15:28:23','2018-07-05 16:48:36',NULL),(1282,'피자22.jpg','/samples/%ED%94%BC%EC%9E%9022.jpg',20,NULL,'2018-06-21 15:28:23','2018-07-05 16:48:36',NULL),(1283,'피자23.jpg','/samples/%ED%94%BC%EC%9E%9023.jpg',20,NULL,'2018-06-21 15:28:23','2018-07-05 16:48:36',NULL),(1284,'피자24.jpg','/samples/%ED%94%BC%EC%9E%9024.jpg',20,NULL,'2018-06-21 15:28:23','2018-07-05 16:48:36',NULL),(1285,'피자25.jpg','/samples/%ED%94%BC%EC%9E%9025.jpg',20,NULL,'2018-06-21 15:28:23','2018-07-05 16:48:36',NULL),(1286,'피자26.jpg','/samples/%ED%94%BC%EC%9E%9026.jpg',20,NULL,'2018-06-21 15:28:23','2018-07-05 16:48:36',NULL),(1287,'피자27.jpg','/samples/%ED%94%BC%EC%9E%9027.jpg',20,NULL,'2018-06-21 15:28:23','2018-07-05 16:48:36',NULL),(1288,'피자28.jpg','/samples/%ED%94%BC%EC%9E%9028.jpg',20,NULL,'2018-06-21 15:28:24','2018-07-05 16:48:36',NULL),(1289,'피자29.jpg','/samples/%ED%94%BC%EC%9E%9029.jpg',20,NULL,'2018-06-21 15:28:24','2018-07-05 16:48:36',NULL),(1290,'피자3.jpg','/samples/%ED%94%BC%EC%9E%903.jpg',20,NULL,'2018-06-21 15:28:24','2018-07-05 16:48:36',NULL),(1291,'피자30.jpg','/samples/%ED%94%BC%EC%9E%9030.jpg',20,NULL,'2018-06-21 15:28:24','2018-07-05 16:48:36',NULL),(1292,'피자31.jpg','/samples/%ED%94%BC%EC%9E%9031.jpg',20,NULL,'2018-06-21 15:28:24','2018-07-05 16:48:36',NULL),(1293,'피자32.jpg','/samples/%ED%94%BC%EC%9E%9032.jpg',20,NULL,'2018-06-21 15:28:24','2018-07-05 16:48:36',NULL),(1294,'피자33.jpg','/samples/%ED%94%BC%EC%9E%9033.jpg',20,NULL,'2018-06-21 15:28:24','2018-07-05 16:48:36',NULL),(1295,'피자34.jpg','/samples/%ED%94%BC%EC%9E%9034.jpg',20,NULL,'2018-06-21 15:28:24','2018-07-05 16:48:36',NULL),(1296,'피자35.jpg','/samples/%ED%94%BC%EC%9E%9035.jpg',20,NULL,'2018-06-21 15:28:24','2018-07-05 16:48:36',NULL),(1297,'피자4.jpg','/samples/%ED%94%BC%EC%9E%904.jpg',20,NULL,'2018-06-21 15:28:24','2018-07-05 16:48:36',NULL),(1298,'피자5.jpg','/samples/%ED%94%BC%EC%9E%905.jpg',20,NULL,'2018-06-21 15:28:25','2018-07-05 16:48:36',NULL),(1299,'피자6.jpg','/samples/%ED%94%BC%EC%9E%906.jpg',20,NULL,'2018-06-21 15:28:25','2018-07-05 16:48:36',NULL),(1300,'피자7.jpg','/samples/%ED%94%BC%EC%9E%907.jpg',20,NULL,'2018-06-21 15:28:25','2018-07-05 16:48:36',NULL),(1301,'피자8.jpg','/samples/%ED%94%BC%EC%9E%908.jpg',20,NULL,'2018-06-21 15:28:25','2018-07-05 16:48:36',NULL),(1302,'피자9.jpg','/samples/%ED%94%BC%EC%9E%909.jpg',20,NULL,'2018-06-21 15:28:25','2018-07-05 16:48:36',NULL),(1303,'회1.jpg','/samples/%ED%9A%8C1.jpg',21,NULL,'2018-06-21 15:28:54','2018-07-05 16:48:36',NULL),(1304,'회10.jpg','/samples/%ED%9A%8C10.jpg',21,NULL,'2018-06-21 15:28:54','2018-07-05 16:48:36',NULL),(1305,'회11.jpg','/samples/%ED%9A%8C11.jpg',21,NULL,'2018-06-21 15:28:54','2018-07-05 16:48:36',NULL),(1306,'회12.jpg','/samples/%ED%9A%8C12.jpg',21,NULL,'2018-06-21 15:28:54','2018-07-05 16:48:36',NULL),(1307,'회13.jpg','/samples/%ED%9A%8C13.jpg',21,NULL,'2018-06-21 15:28:54','2018-07-05 16:48:36',NULL),(1308,'회14.jpg','/samples/%ED%9A%8C14.jpg',21,NULL,'2018-06-21 15:28:54','2018-07-05 16:48:36',NULL),(1309,'회15.jpg','/samples/%ED%9A%8C15.jpg',21,NULL,'2018-06-21 15:28:54','2018-07-05 16:48:36',NULL),(1310,'회16.jpg','/samples/%ED%9A%8C16.jpg',21,NULL,'2018-06-21 15:28:54','2018-07-05 16:48:37',NULL),(1311,'회2.jpg','/samples/%ED%9A%8C2.jpg',21,NULL,'2018-06-21 15:28:55','2018-07-05 16:48:37',NULL),(1312,'회3.jpg','/samples/%ED%9A%8C3.jpg',21,NULL,'2018-06-21 15:28:55','2018-07-05 16:48:37',NULL),(1313,'회4.jpg','/samples/%ED%9A%8C4.jpg',21,NULL,'2018-06-21 15:28:55','2018-07-05 16:48:37',NULL),(1314,'회5.jpg','/samples/%ED%9A%8C5.jpg',21,NULL,'2018-06-21 15:28:55','2018-07-05 16:48:37',NULL),(1315,'회6.jpg','/samples/%ED%9A%8C6.jpg',21,NULL,'2018-06-21 15:28:55','2018-07-05 16:48:37',NULL),(1316,'회7.jpg','/samples/%ED%9A%8C7.jpg',21,NULL,'2018-06-21 15:28:55','2018-07-05 16:48:37',NULL),(1317,'회8.jpg','/samples/%ED%9A%8C8.jpg',21,NULL,'2018-06-21 15:28:55','2018-07-05 16:48:37',NULL),(1318,'회9.jpg','/samples/%ED%9A%8C9.jpg',21,NULL,'2018-06-21 15:28:55','2018-07-05 16:48:37',NULL);
/*!40000 ALTER TABLE `store_menu_sample` ENABLE KEYS */;
UNLOCK TABLES;

--
-- Table structure for table `store_menu_set`
--

DROP TABLE IF EXISTS `store_menu_set`;
/*!40101 SET @saved_cs_client     = @@character_set_client */;
/*!40101 SET character_set_client = utf8 */;
CREATE TABLE `store_menu_set` (
  `id` int(11) NOT NULL AUTO_INCREMENT,
  `name` varchar(50) DEFAULT NULL COMMENT '세트이름',
  `contents` varchar(50) DEFAULT NULL COMMENT '세트설명',
  `price` int(11) DEFAULT NULL COMMENT '정상가',
  `discount` int(11) DEFAULT NULL COMMENT '할인가',
  `image_type` enum('sample','file') DEFAULT NULL,
  `image_path` varchar(255) DEFAULT NULL,
  `type` enum('single','multi') DEFAULT 'single' COMMENT '선택 옵션: 단일 or 다중',
  `use` enum('Y','N') DEFAULT NULL COMMENT '사용여부',
  `target_group_id` int(11) DEFAULT NULL COMMENT '세트 메뉴에 속하는 그룹 id',
  `sort` int(11) DEFAULT NULL,
  `created_at` datetime DEFAULT NULL,
  `updated_at` datetime DEFAULT NULL,
  `deleted_at` datetime DEFAULT NULL,
  PRIMARY KEY (`id`)
) ENGINE=InnoDB AUTO_INCREMENT=174 DEFAULT CHARSET=utf8mb4 COMMENT='세트메뉴 설정';
/*!40101 SET character_set_client = @saved_cs_client */;

--
-- Dumping data for table `store_menu_set`
--

LOCK TABLES `store_menu_set` WRITE;
/*!40000 ALTER TABLE `store_menu_set` DISABLE KEYS */;
INSERT INTO `store_menu_set` VALUES (127,'저녁메뉴','1',10000,10000,'file','/images/2019/02/13/1550035552688.jpg','single','Y',57,2,'2019-02-13 05:25:55','2019-02-13 05:25:55',NULL),(131,'세트1','1111',1,1,NULL,'/images/2019/02/13/1550044579382.jpg',NULL,'Y',61,1,'2019-02-13 07:56:20','2019-02-14 05:55:10',NULL),(132,'세트2','2번입니다.',25000,20000,NULL,'/images/2019/02/14/1550103129951.jpg',NULL,'Y',61,3,'2019-02-14 00:12:12','2019-02-19 00:43:43',NULL),(133,'프레즐세트','프레즐과음료',8000,7500,NULL,'/images/2019/02/14/1550122847049.jpg','single','N',61,2,'2019-02-14 05:40:47','2019-02-19 00:43:43',NULL),(134,'세트3','33',15000,1000,NULL,'/images/2019/02/19/1550537610943.jpg','single','Y',61,4,'2019-02-19 00:53:33','2019-02-19 00:53:33',NULL),(135,'세트3','33',15000,1000,NULL,'/images/2019/02/19/1550537616726.jpg','single','Y',61,5,'2019-02-19 00:53:37','2019-02-19 00:53:37',NULL),(136,'세트 5','5',5555,5555,NULL,'/images/2019/02/19/1550537726068.jpg','single','Y',61,6,'2019-02-19 00:55:26','2019-02-19 00:55:26',NULL),(137,'6','6',6666,6666,NULL,'/images/2019/02/19/1550538008128.jpg','single','Y',61,7,'2019-02-19 01:00:08','2019-02-19 01:00:08',NULL),(138,'ㄹㅇ','dd',5000,2500,'file','/images/2019/02/23/1550902659643.PNG','single','Y',57,3,'2019-02-23 06:17:40','2019-03-12 00:25:32',NULL),(142,'갈비탕+고기','갈비탕과 고기는 맛잇다',13000,13000,'file','/images/2019/03/20/1553052885197.jpg','single','Y',86,3,'2019-03-20 03:34:46','2019-04-03 06:37:54',NULL),(143,'갈비탕+고기',NULL,13000,13000,'file','/images/2019/03/20/1553052888997.jpg','single','Y',86,2,'2019-03-20 03:34:50','2019-03-20 03:35:59','2019-03-20 03:35:59'),(144,'갈비탕+고기','ㅇㅇ',13000,13000,'file','/images/2019/03/20/1553052897671.jpg','single','Y',86,3,'2019-03-20 03:34:58','2019-03-20 03:35:59','2019-03-20 03:35:59'),(145,'갈비탕+고기','ㅇㅇ',13000,13000,'file','/images/2019/03/20/1553052899242.jpg','single','Y',86,4,'2019-03-20 03:35:00','2019-03-20 03:35:59','2019-03-20 03:35:59'),(146,'ㅎㅊ','ㄱㅅ',3000,3000,'file','/images/2019/03/20/1553052990871.PNG','single','Y',86,1,'2019-03-20 03:36:31','2019-04-04 02:06:26','2019-04-04 02:06:26'),(147,'ㅎㅊ','ㄱㅅ',3000,3000,'file','/images/2019/03/20/1553053030744.PNG','single','Y',86,9,'2019-03-20 03:37:11','2019-04-04 02:06:27','2019-04-04 02:06:27'),(148,'ㅎㅍㅅ','ㅣㅣ',8000,8000,'file','/images/2019/03/21/1553141354339.PNG','single','Y',86,2,'2019-03-21 04:09:14','2019-04-04 02:06:26','2019-04-04 02:06:26'),(149,'ssss','ssss',10000,10000,'sample','/dist/store/img/main_menu_list16.png','single','Y',86,5,'2019-03-22 08:58:17','2019-03-22 08:58:17','2019-03-22 18:01:40'),(150,'ssss','ssss',10000,10000,'sample','/dist/store/img/main_menu_list16.png','single','Y',86,6,'2019-03-22 08:59:36','2019-03-22 08:59:36','2019-03-22 18:01:41'),(151,'ssss','ssss',10000,10000,'sample','/dist/store/img/main_menu_list16.png','single','Y',86,7,'2019-03-22 09:00:23','2019-03-22 09:00:23','2019-03-22 18:01:42'),(152,'ssss','ssss',10000,10000,'sample','/dist/store/img/main_menu_list16.png','single','Y',86,8,'2019-03-22 09:00:47','2019-03-22 09:00:47','2019-03-22 18:01:43'),(153,'ssss','ssss',10000,10000,'sample','/dist/store/img/main_menu_list16.png','single','Y',86,4,'2019-03-22 09:01:08','2019-04-04 02:06:26','2019-04-04 02:06:26'),(154,'테스트','설명',10000,10000,'sample','/dist/store/img/main_menu_list18.png','single','Y',86,11,'2019-03-25 08:03:08','2019-04-03 06:37:44',NULL),(155,'테스트','설명',10000,10000,'sample','/dist/store/img/main_menu_list18.png','single','Y',86,10,'2019-03-25 08:04:08','2019-04-04 06:59:14','2019-04-04 06:59:14'),(156,'테스트','설명',10000,10000,'sample','/dist/store/img/main_menu_list18.png','single','Y',86,12,'2019-03-25 08:04:12','2019-03-25 08:04:12',NULL),(157,'ad','ad',15000,15000,'file','/images/2019/03/25/1553501135761.jpg','single','Y',86,13,'2019-03-25 08:05:36','2019-03-25 08:05:36',NULL),(158,'ㅇ','ㅇ',100000,100000,'sample','/dist/store/img/main_menu_list11.png','single','Y',86,14,'2019-03-25 08:30:09','2019-03-25 08:30:09',NULL),(159,'ㅇ','ㅇ',100000,100000,'sample','/dist/store/img/main_menu_list11.png','single','Y',86,15,'2019-03-25 08:36:26','2019-03-25 08:36:26',NULL),(160,'메누ㅠ','12',12000,12000,'sample','/dist/store/img/main_menu_list06.png','single','Y',86,16,'2019-03-25 08:37:59','2019-03-25 08:37:59',NULL),(161,'메뉴','ㅁㅁ',16000,16000,'sample','/dist/store/img/main_menu_list17.png','single','Y',86,17,'2019-03-25 08:40:14','2019-03-25 08:40:14',NULL),(162,'1','1',1,1,'file','/images/2019/03/26/1553590947907.jpg','single','Y',92,1,'2019-03-26 09:02:28','2019-03-26 09:02:28',NULL),(163,'이름','test',10000,10000,'sample','/dist/store/img/main_menu_list02.png','single','Y',86,18,'2019-03-27 06:14:18','2019-04-04 02:06:27','2019-04-04 02:06:27'),(164,'dddd','메뉴',10000,10000,'sample','/dist/store/img/main_menu_list02.png','single','Y',86,19,'2019-03-27 06:50:24','2019-04-04 02:06:27','2019-04-04 02:06:27'),(165,'세트메뉴1','세트메뉴1',100000,100000,'sample','/dist/store/img/main_menu_list10.png','single','Y',86,20,'2019-03-28 07:31:35','2019-04-04 02:06:27','2019-04-04 02:06:27'),(166,NULL,NULL,NULL,NULL,NULL,NULL,'single','Y',86,21,'2019-04-03 00:43:36','2019-04-03 00:45:15','2019-04-03 00:45:15'),(167,NULL,NULL,NULL,NULL,NULL,NULL,'single','Y',93,1,'2019-04-03 00:44:21','2019-04-03 00:44:25','2019-04-03 00:44:25'),(168,NULL,NULL,NULL,NULL,NULL,NULL,'single','Y',86,22,'2019-04-03 00:45:05','2019-04-03 00:45:15','2019-04-03 00:45:15'),(169,NULL,NULL,NULL,NULL,NULL,NULL,'single','Y',86,21,'2019-04-03 00:45:29','2019-04-03 00:45:34','2019-04-03 00:45:34'),(170,NULL,NULL,NULL,NULL,NULL,NULL,'single','Y',86,21,'2019-04-03 00:53:55','2019-04-03 00:55:55','2019-04-03 00:55:55'),(173,'테스트',NULL,NULL,NULL,NULL,NULL,'single','Y',86,21,'2019-04-03 07:54:01','2019-04-04 02:06:27','2019-04-04 02:06:27');
/*!40000 ALTER TABLE `store_menu_set` ENABLE KEYS */;
UNLOCK TABLES;

--
-- Table structure for table `store_menu_set_list`
--

DROP TABLE IF EXISTS `store_menu_set_list`;
/*!40101 SET @saved_cs_client     = @@character_set_client */;
/*!40101 SET character_set_client = utf8 */;
CREATE TABLE `store_menu_set_list` (
  `id` int(11) NOT NULL AUTO_INCREMENT,
  `store_menu_set_id` int(11) DEFAULT NULL COMMENT '최상위 세트메뉴(ex: 피소세트)',
  `store_menu_set_list_group_id` int(11) DEFAULT NULL COMMENT '세트메뉴 내 메뉴 그룹(단일 / 다중)',
  `target_menu_id` int(11) DEFAULT NULL COMMENT '세트 메뉴에 속하는 단품메뉴 id',
  `add_price` int(11) DEFAULT NULL COMMENT '추가금액',
  `created_at` datetime DEFAULT NULL,
  `updated_at` datetime DEFAULT NULL,
  `deleted_at` datetime DEFAULT NULL,
  PRIMARY KEY (`id`)
) ENGINE=InnoDB AUTO_INCREMENT=325 DEFAULT CHARSET=utf8mb4 COMMENT='세트 메뉴에 속하는 그룹 내의 리스트';
/*!40101 SET character_set_client = @saved_cs_client */;

--
-- Dumping data for table `store_menu_set_list`
--

LOCK TABLES `store_menu_set_list` WRITE;
/*!40000 ALTER TABLE `store_menu_set_list` DISABLE KEYS */;
INSERT INTO `store_menu_set_list` VALUES (195,92,1,56,0,'2019-01-31 05:20:26','2019-01-31 05:20:26',NULL),(196,92,1,57,0,'2019-01-31 05:20:26','2019-01-31 05:20:26',NULL),(227,113,71,56,1,'2019-02-12 02:38:39','2019-02-12 02:38:39',NULL),(228,113,72,59,2,'2019-02-12 02:38:39','2019-02-12 02:38:39',NULL),(229,114,73,56,1,'2019-02-12 02:38:39','2019-02-12 02:38:39',NULL),(230,114,74,59,2,'2019-02-12 02:38:39','2019-02-12 02:38:39',NULL),(231,115,75,56,1,'2019-02-12 02:38:44','2019-02-12 02:38:44',NULL),(232,115,76,59,2,'2019-02-12 02:38:44','2019-02-12 02:38:44',NULL),(233,116,77,56,1,'2019-02-12 02:38:44','2019-02-12 02:38:44',NULL),(234,116,78,59,2,'2019-02-12 02:38:44','2019-02-12 02:38:44',NULL),(235,117,79,59,1,'2019-02-12 02:39:43','2019-02-12 02:39:43',NULL),(236,117,80,56,2,'2019-02-12 02:39:44','2019-02-12 02:39:44',NULL),(237,123,81,56,5,'2019-02-12 08:00:45','2019-02-12 08:00:45',NULL),(238,123,81,59,6,'2019-02-12 08:00:45','2019-02-12 08:00:45',NULL),(239,124,83,56,6,'2019-02-12 08:11:41','2019-02-12 08:11:41',NULL),(240,124,83,59,7,'2019-02-12 08:11:41','2019-02-12 08:11:41',NULL),(241,124,83,57,78,'2019-02-12 08:11:41','2019-02-12 08:11:41',NULL),(242,125,84,56,1500,'2019-02-12 08:28:38','2019-02-12 08:28:38',NULL),(243,125,84,59,1000,'2019-02-12 08:28:39','2019-02-12 08:28:39',NULL),(244,125,85,57,1500,'2019-02-12 08:28:39','2019-02-12 08:28:39',NULL),(268,131,105,56,1,'2019-02-13 08:07:15','2019-02-13 08:07:15',NULL),(269,131,105,59,50,'2019-02-13 08:07:16','2019-02-13 08:07:16',NULL),(270,131,106,57,1000,'2019-02-13 08:07:17','2019-02-13 08:07:17',NULL),(280,133,114,56,1500,'2019-02-19 00:46:12','2019-02-19 00:46:12',NULL),(281,133,115,57,0,'2019-02-19 00:46:21','2019-02-19 00:46:21',NULL),(282,132,117,56,1500,'2019-02-19 00:52:15','2019-02-19 00:52:15',NULL),(283,132,117,59,1000,'2019-02-19 00:52:16','2019-02-19 00:52:16',NULL),(284,132,117,61,0,'2019-02-19 00:52:18','2019-02-19 00:52:18',NULL),(285,132,118,57,5000,'2019-02-19 00:52:21','2019-02-19 00:52:21',NULL),(286,132,119,58,5000,'2019-02-19 00:52:24','2019-02-19 00:52:24',NULL),(287,134,120,56,5000,'2019-02-19 00:53:34','2019-02-19 00:53:34',NULL),(288,134,120,59,3000,'2019-02-19 00:53:35','2019-02-19 00:53:35',NULL),(291,135,128,56,5000,'2019-02-19 00:54:35','2019-02-19 00:54:35',NULL),(292,135,128,59,3000,'2019-02-19 00:54:36','2019-02-19 00:54:36',NULL),(293,136,132,56,55,'2019-02-19 00:55:27','2019-02-19 00:55:27',NULL),(294,136,132,59,555,'2019-02-19 00:55:27','2019-02-19 00:55:27',NULL),(295,137,136,56,6,'2019-02-19 01:00:09','2019-02-19 01:00:09',NULL),(296,137,136,59,6,'2019-02-19 01:00:10','2019-02-19 01:00:10',NULL),(297,127,137,56,2000,'2019-02-19 04:27:59','2019-02-19 04:27:59',NULL),(298,127,137,61,3000,'2019-02-19 04:27:59','2019-02-19 04:27:59',NULL),(299,127,138,58,100,'2019-02-19 04:27:59','2019-02-19 04:27:59',NULL),(300,138,139,81,2500,'2019-03-12 00:25:33','2019-03-12 00:25:33',NULL),(301,138,139,82,2500,'2019-03-12 00:25:33','2019-03-12 00:25:33',NULL),(302,138,140,79,400,'2019-03-12 00:25:34','2019-03-12 00:25:34',NULL),(310,154,145,70,0,'2019-03-25 08:04:06','2019-03-25 08:04:06',NULL),(311,156,147,70,0,'2019-03-25 08:04:13','2019-03-25 08:04:13',NULL),(312,157,150,81,0,'2019-03-25 08:05:38','2019-03-25 08:05:38',NULL),(313,157,151,71,0,'2019-03-25 08:05:40','2019-03-25 08:05:40',NULL),(314,157,152,96,0,'2019-03-25 08:05:41','2019-03-25 08:05:41',NULL),(315,157,152,94,0,'2019-03-25 08:05:41','2019-03-25 08:05:41',NULL),(316,158,156,81,1500,'2019-03-25 08:30:11','2019-03-25 08:30:11',NULL),(317,159,161,81,1500,'2019-03-25 08:36:28','2019-03-25 08:36:28',NULL),(318,160,163,70,1500,'2019-03-25 08:38:00','2019-03-25 08:38:00',NULL),(319,160,163,72,2000,'2019-03-25 08:38:00','2019-03-25 08:38:00',NULL),(320,161,164,70,0,'2019-03-25 08:40:14','2019-03-25 08:40:14',NULL),(321,162,165,70,111,'2019-03-26 09:02:28','2019-03-26 09:02:28',NULL),(322,162,165,72,222,'2019-03-26 09:02:28','2019-03-26 09:02:28',NULL),(323,162,166,81,5500,'2019-03-26 09:02:29','2019-03-26 09:02:29',NULL),(324,142,167,70,100,'2019-03-27 06:45:56','2019-03-27 06:45:56',NULL);
/*!40000 ALTER TABLE `store_menu_set_list` ENABLE KEYS */;
UNLOCK TABLES;

--
-- Table structure for table `store_menu_set_list_group`
--

DROP TABLE IF EXISTS `store_menu_set_list_group`;
/*!40101 SET @saved_cs_client     = @@character_set_client */;
/*!40101 SET character_set_client = utf8 */;
CREATE TABLE `store_menu_set_list_group` (
  `id` int(11) NOT NULL AUTO_INCREMENT,
  `store_menu_set_id` int(11) DEFAULT NULL,
  `store_menu_group_id` int(11) DEFAULT NULL,
  `type` enum('single','multi') DEFAULT NULL COMMENT '옵션형태 - single: 단일, multi: 다중선택',
  `sort` int(11) DEFAULT NULL,
  `created_at` datetime DEFAULT NULL,
  `updated_at` datetime DEFAULT NULL,
  `deleted_at` datetime DEFAULT NULL,
  PRIMARY KEY (`id`)
) ENGINE=InnoDB AUTO_INCREMENT=169 DEFAULT CHARSET=utf8mb4 COMMENT='옵션 설정 리스트';
/*!40101 SET character_set_client = @saved_cs_client */;

--
-- Dumping data for table `store_menu_set_list_group`
--

LOCK TABLES `store_menu_set_list_group` WRITE;
/*!40000 ALTER TABLE `store_menu_set_list_group` DISABLE KEYS */;
INSERT INTO `store_menu_set_list_group` VALUES (1,92,NULL,'single',2,'2019-02-11 17:09:24','2019-02-14 05:59:01',NULL),(82,124,55,'multi',NULL,'2019-02-12 08:11:41','2019-02-12 08:11:41',NULL),(83,124,56,'single',NULL,'2019-02-12 08:11:41','2019-02-12 08:11:41',NULL),(84,125,55,'single',NULL,'2019-02-12 08:28:38','2019-02-12 08:28:38',NULL),(85,125,56,'single',NULL,'2019-02-12 08:28:39','2019-02-12 08:28:39',NULL),(86,92,NULL,'single',1,'2019-02-13 04:29:52','2019-02-14 05:59:01',NULL),(87,126,55,'multi',NULL,'2019-02-13 05:24:52','2019-02-13 05:24:52',NULL),(88,126,58,'single',NULL,'2019-02-13 05:24:52','2019-02-13 05:24:52',NULL),(91,126,55,'single',NULL,'2019-02-13 05:27:40','2019-02-13 05:27:40',NULL),(92,128,55,'single',NULL,'2019-02-13 05:33:47','2019-02-13 05:33:47',NULL),(93,128,56,'multi',NULL,'2019-02-13 05:33:47','2019-02-13 05:33:47',NULL),(94,129,55,'single',NULL,'2019-02-13 05:53:22','2019-02-13 05:53:22',NULL),(95,129,56,'multi',NULL,'2019-02-13 05:53:23','2019-02-13 05:53:23',NULL),(97,129,94,'single',NULL,'2019-02-13 07:26:08','2019-02-13 07:26:08',NULL),(98,129,95,'multi',NULL,'2019-02-13 07:26:09','2019-02-13 07:26:09',NULL),(101,130,55,'single',NULL,'2019-02-13 07:40:51','2019-02-13 07:40:51',NULL),(102,130,56,'single',NULL,'2019-02-13 07:40:51','2019-02-13 07:40:51',NULL),(105,131,55,'single',NULL,'2019-02-13 08:07:15','2019-02-13 08:07:15',NULL),(106,131,56,'single',NULL,'2019-02-13 08:07:16','2019-02-13 08:07:16',NULL),(114,133,55,'single',1,'2019-02-19 00:46:04','2019-02-19 00:46:04',NULL),(115,133,56,'single',2,'2019-02-19 00:46:12','2019-02-19 00:46:12',NULL),(116,133,58,'single',3,'2019-02-19 00:46:21','2019-02-19 00:46:21',NULL),(117,132,55,'single',1,'2019-02-19 00:52:12','2019-02-19 00:52:12',NULL),(118,132,56,'multi',2,'2019-02-19 00:52:18','2019-02-19 00:52:18',NULL),(119,132,58,'single',3,'2019-02-19 00:52:21','2019-02-19 00:52:21',NULL),(120,134,55,'single',1,'2019-02-19 00:53:34','2019-02-19 00:53:34',NULL),(121,134,56,'multi',2,'2019-02-19 00:53:35','2019-02-19 00:53:35',NULL),(122,134,58,'single',3,'2019-02-19 00:53:35','2019-02-19 00:53:35',NULL),(123,134,71,'single',4,'2019-02-19 00:53:36','2019-02-19 00:53:36',NULL),(128,135,55,'single',1,'2019-02-19 00:54:35','2019-02-19 00:54:35',NULL),(129,135,56,'multi',2,'2019-02-19 00:54:36','2019-02-19 00:54:36',NULL),(130,135,58,'single',3,'2019-02-19 00:54:36','2019-02-19 00:54:36',NULL),(131,135,71,'single',4,'2019-02-19 00:54:37','2019-02-19 00:54:37',NULL),(132,136,55,'single',1,'2019-02-19 00:55:27','2019-02-19 00:55:27',NULL),(133,136,56,'multi',2,'2019-02-19 00:55:28','2019-02-19 00:55:28',NULL),(134,136,58,'single',3,'2019-02-19 00:55:28','2019-02-19 00:55:28',NULL),(135,136,71,'single',4,'2019-02-19 00:55:29','2019-02-19 00:55:29',NULL),(136,137,55,'single',1,'2019-02-19 01:00:09','2019-02-19 01:00:09',NULL),(137,127,55,'single',1,'2019-02-19 04:27:59','2019-02-19 04:27:59',NULL),(138,127,58,'single',2,'2019-02-19 04:27:59','2019-02-19 04:27:59',NULL),(139,138,82,'single',1,'2019-03-12 00:25:33','2019-03-12 00:25:33',NULL),(140,138,81,'multi',2,'2019-03-12 00:25:33','2019-03-12 00:25:33',NULL),(145,154,80,'single',1,'2019-03-25 08:03:09','2019-03-25 08:03:09',NULL),(146,155,80,'single',1,'2019-03-25 08:04:09','2019-03-25 08:04:09',NULL),(147,156,80,'single',1,'2019-03-25 08:04:12','2019-03-25 08:04:12',NULL),(148,157,85,'multi',1,'2019-03-25 08:05:37','2019-03-25 08:05:37',NULL),(149,157,88,'multi',2,'2019-03-25 08:05:38','2019-03-25 08:05:38',NULL),(150,157,82,'multi',3,'2019-03-25 08:05:38','2019-03-25 08:05:38',NULL),(151,157,80,'single',4,'2019-03-25 08:05:39','2019-03-25 08:05:39',NULL),(152,157,84,'multi',5,'2019-03-25 08:05:40','2019-03-25 08:05:40',NULL),(153,158,80,'single',1,'2019-03-25 08:30:10','2019-03-25 08:30:10',NULL),(154,158,85,'multi',2,'2019-03-25 08:30:10','2019-03-25 08:30:10',NULL),(155,158,88,'multi',3,'2019-03-25 08:30:10','2019-03-25 08:30:10',NULL),(156,158,82,'single',4,'2019-03-25 08:30:11','2019-03-25 08:30:11',NULL),(157,158,84,'multi',5,'2019-03-25 08:30:11','2019-03-25 08:30:11',NULL),(158,159,80,'single',1,'2019-03-25 08:36:26','2019-03-25 08:36:26',NULL),(159,159,85,'multi',2,'2019-03-25 08:36:27','2019-03-25 08:36:27',NULL),(160,159,88,'multi',3,'2019-03-25 08:36:27','2019-03-25 08:36:27',NULL),(161,159,82,'single',4,'2019-03-25 08:36:27','2019-03-25 08:36:27',NULL),(162,159,84,'multi',5,'2019-03-25 08:36:28','2019-03-25 08:36:28',NULL),(163,160,80,'single',1,'2019-03-25 08:37:59','2019-03-25 08:37:59',NULL),(164,161,80,'multi',1,'2019-03-25 08:40:14','2019-03-25 08:40:14',NULL),(165,162,80,'multi',2,'2019-03-26 09:02:28','2019-03-26 09:02:46',NULL),(166,162,82,'multi',1,'2019-03-26 09:02:29','2019-03-26 09:02:45',NULL),(167,142,80,'single',1,'2019-03-27 06:45:56','2019-03-27 06:45:56',NULL),(168,166,84,'multi',1,'2019-04-03 00:43:36','2019-04-03 00:43:36',NULL);
/*!40000 ALTER TABLE `store_menu_set_list_group` ENABLE KEYS */;
UNLOCK TABLES;

--
-- Table structure for table `store_users`
--

DROP TABLE IF EXISTS `store_users`;
/*!40101 SET @saved_cs_client     = @@character_set_client */;
/*!40101 SET character_set_client = utf8 */;
CREATE TABLE `store_users` (
  `id` int(10) unsigned NOT NULL AUTO_INCREMENT,
  `name` varchar(255) NOT NULL,
  `email` varchar(255) NOT NULL,
  `password` varchar(255) NOT NULL,
  `password_number` varchar(10) DEFAULT NULL COMMENT '비밀번호  4자리',
  `remember_token` varchar(100) DEFAULT NULL,
  `phone` varchar(25) DEFAULT NULL,
  `push_token` varchar(255) DEFAULT NULL COMMENT 'Push Token',
  `shop_token` varchar(255) DEFAULT NULL COMMENT '쇼핑몰 토큰',
  `message_alarm` enum('Y','N') DEFAULT 'N' COMMENT '메세지알림',
  `order_alarm` enum('Y','N') DEFAULT 'N' COMMENT '주문건 알림',
  `connected_at` datetime DEFAULT NULL COMMENT '최근 로그인 시간',
  `created_at` timestamp NULL DEFAULT NULL,
  `updated_at` timestamp NULL DEFAULT NULL,
  `deleted_at` timestamp NULL DEFAULT NULL,
  PRIMARY KEY (`id`)
) ENGINE=InnoDB AUTO_INCREMENT=20 DEFAULT CHARSET=utf8;
/*!40101 SET character_set_client = @saved_cs_client */;

--
-- Dumping data for table `store_users`
--

LOCK TABLES `store_users` WRITE;
/*!40000 ALTER TABLE `store_users` DISABLE KEYS */;
INSERT INTO `store_users` VALUES (1,'무파마','store@enjoyworks.co.kr','$2y$10$0394Tk.riz2QvJjHyl8Z1e7BcuTIMsV0D/4fNNnEwa9x5GhLN3e16','1234','j4IsvAIgdwhPV4ri8J3xmYQ5KO4Y9cCnoAPn0IQA2CZWyiRW91XasCJodBeq','010-999-9999',NULL,NULL,'N','N','2018-12-07 15:39:09','2018-12-08 00:39:09','2019-05-23 08:51:17',NULL),(2,'푸레디','winnie@enjoyworks.co.kr','$2y$10$y39PWKsrpVparqBH7M.Y0OpKcJpYgX4o9EGq5Dx0kWCzRFomCU.JK',NULL,'A288jH65Pe7tWycOuZv6YVBGpz7ERbc3M8IAyilpguORMz0KAVkpi0JMEmiR',NULL,NULL,NULL,'N','N',NULL,'2018-12-12 11:24:17','2018-12-12 11:24:17',NULL),(3,'1','3','$2y$10$O/QYcRMqcXkaiHoW4lMrHuMs8dHrDvOfksQKalWCCBHnQR5Jt3lSm',NULL,NULL,NULL,NULL,NULL,'N','N',NULL,'2018-12-12 11:25:07','2018-12-12 11:25:07',NULL),(4,'퀸','4','$2y$10$O/QYcRMqcXkaiHoW4lMrHuMs8dHrDvOfksQKalWCCBHnQR5Jt3lSm',NULL,NULL,NULL,NULL,NULL,'N','N',NULL,'2018-12-12 11:27:28','2018-12-12 11:27:28',NULL),(5,'랩소디','5','$2y$10$O/QYcRMqcXkaiHoW4lMrHuMs8dHrDvOfksQKalWCCBHnQR5Jt3lSm',NULL,NULL,'010-5050-4040',NULL,NULL,'N','N',NULL,'2018-12-12 11:29:12','2018-12-12 11:29:12',NULL),(8,'대표자','test0000@test.com','$2y$10$Dw38DmJNoL.cl7dC8W4nEuUHFWJk11fI7cX.5saty753f/xkX7HyK',NULL,NULL,'010-0000-0000',NULL,NULL,'N','N',NULL,'2019-01-07 13:44:46','2019-01-07 13:44:46',NULL),(9,'대표자','test0000@test.com','$2y$10$t0eMucIv06wJWCkxJFcFZuDS./ooY./WCN/rTKK0wHk3QSHOw1P8m',NULL,NULL,'010-999-9999',NULL,NULL,'N','N',NULL,'2019-01-08 11:42:31','2019-01-08 11:42:31',NULL),(10,'대표자','test1111@test.com','$2y$10$nmrOAvO0ya9i3B2ku1MGW.cDuzdcZ3r0uSz704/0W.U8UE9QmYosu',NULL,NULL,'010-9999-9999',NULL,NULL,'N','N',NULL,'2019-01-08 11:46:27','2019-01-08 11:46:27',NULL),(11,'대표자','sayyo1120@gmail.com','$2y$10$3CbfV0E/ANIrzBpHxZTIt.69GYU8hDicBk4S4dELiLDfPKQ2/K4/O',NULL,NULL,'010-9270-0650',NULL,NULL,'N','N',NULL,'2019-01-17 08:10:29','2019-01-17 08:10:29',NULL),(12,'이용인','ybyun79@enjoyworks.co.kr','$2y$10$DfLfXrtkJS7YVfwKLCns8O3ELt8DqUdxQx89RWeRYqvn9joCfwcCS',NULL,NULL,'010-4023-2501',NULL,NULL,'N','N',NULL,'2019-03-25 07:01:38','2019-03-25 07:01:38',NULL),(13,'대표자','store@linkonu.kr','$2y$10$6B6uF5hty5hl7sCMwwIid.UToVIRtyaV190kzQl1R93dwazvpYy.u',NULL,NULL,'010-0000-0000',NULL,NULL,'N','N',NULL,'2019-03-28 00:47:42','2019-03-28 00:47:42',NULL),(14,'윤완식','yws777zzang@naver.com','$2y$10$SK3iZeTZY6dMLcTce9Vn7OFjioBf0bbjHHGg5E3AzRATEXK0nVpoG',NULL,'1UyUtS94Y4i4sCmFPGmVNHivjrYEV9a8ciebBNsPpjvy22mR5JmdSJoJR7me','010-3080-9636',NULL,NULL,'N','N',NULL,'2019-04-04 09:09:26','2019-04-04 09:09:26',NULL),(15,'테스트대표','test1234@test.com','$2y$10$2RnINC4eJ86DrQRpuhfhIudah.YEMgrcTYyyWLyqIXnGURSaxb/5O',NULL,NULL,'010-000-0000',NULL,NULL,'N','N',NULL,'2019-04-05 01:24:19','2019-04-05 01:24:19',NULL),(16,'하이빅스비','hi@naver.com','$2y$10$lodF.JLsR4MXaWRXaNtoN.y6MH7y2KyW2DqFufG6uJPxf8pP1PEDS',NULL,'MRvBzDWia1dujozcYO7teUa9MP2NTPLuRgvmt1FfBkWsEftvkZIXi7tNTxop','010-3333-4444',NULL,NULL,'N','N',NULL,'2019-04-05 03:50:56','2019-04-05 03:50:56',NULL),(17,'옵티옵티','admin@enjoyworks.co.kr','$2y$10$1q6Nw1iuiAHnn0vtk80L9uTXPm8Y1aVveaqz2D7qjnQH5WvDwz61S',NULL,'yhrMVXKZwR2NmgWq0STJUuuziBK4hvsIF6UlOwwoKVN6xm238GdhYRAF7SJK','010-5050-4040',NULL,NULL,'N','N',NULL,'2019-04-12 06:19:55','2019-04-12 06:19:55',NULL),(18,'윤완식','softbeef@naver.com','$2y$10$x22uRSe7jgeMVAGcPxhwh.EVhudKk6HPNQ.pwNvfL.Sh5iB47/bw6',NULL,'tm87Llall18zhqR4krjeSrG0pKrSUf5gao0KqTlZMpDwT7QTjMGROibuDkyc','010-3080-9636',NULL,NULL,'N','N',NULL,'2019-05-22 06:26:29','2019-05-24 00:46:15',NULL),(19,'김용래','dpeka@naver.com','$2y$10$QmhGuFCnPySGuJMmpRWjzOBp7c4M/hhU2rzMG8ioBdqZ7GUCa9Cxm',NULL,'ztqOI7awofQC5HPavQFIrpegrTTTdBeFiw3bW54P99mxe0FZ7JqyiOj4qASP','010-3080-9636',NULL,NULL,'N','N',NULL,'2019-10-11 09:44:45','2019-10-11 09:44:45',NULL);
/*!40000 ALTER TABLE `store_users` ENABLE KEYS */;
UNLOCK TABLES;

--
-- Table structure for table `users`
--

DROP TABLE IF EXISTS `users`;
/*!40101 SET @saved_cs_client     = @@character_set_client */;
/*!40101 SET character_set_client = utf8 */;
CREATE TABLE `users` (
  `id` int(10) unsigned NOT NULL AUTO_INCREMENT,
  `phone` varchar(255) COLLATE utf8mb4_unicode_ci NOT NULL COMMENT '연락처',
  `remember_token` varchar(100) COLLATE utf8mb4_unicode_ci DEFAULT NULL,
  `push_token` varchar(255) COLLATE utf8mb4_unicode_ci DEFAULT NULL COMMENT 'Push Token',
  `push_notify` enum('ON','OFF') COLLATE utf8mb4_unicode_ci DEFAULT 'ON',
  `event_notify` enum('ON','OFF') COLLATE utf8mb4_unicode_ci DEFAULT 'ON',
  `certification` enum('Y','N') COLLATE utf8mb4_unicode_ci DEFAULT 'N',
  `created_at` datetime DEFAULT NULL,
  `updated_at` datetime DEFAULT NULL,
  `deleted_at` datetime DEFAULT NULL,
  PRIMARY KEY (`id`),
  UNIQUE KEY `users_email_unique` (`phone`)
) ENGINE=InnoDB AUTO_INCREMENT=10 DEFAULT CHARSET=utf8mb4 COLLATE=utf8mb4_unicode_ci;
/*!40101 SET character_set_client = @saved_cs_client */;

--
-- Dumping data for table `users`
--

LOCK TABLES `users` WRITE;
/*!40000 ALTER TABLE `users` DISABLE KEYS */;
INSERT INTO `users` VALUES (1,'01024271977',NULL,NULL,'ON','ON','N','2018-12-21 11:12:23',NULL,NULL),(2,'01050603153',NULL,NULL,'ON','ON','N','2018-12-26 06:53:40','2018-12-26 06:53:40',NULL),(3,'01050603150',NULL,NULL,'ON','ON','N','2018-12-26 08:50:26','2018-12-26 08:50:26',NULL),(4,'01025991398',NULL,NULL,'ON','ON','N','2018-12-27 02:05:55','2018-12-27 02:05:55',NULL),(5,'01025991399',NULL,NULL,'ON','ON','N','2019-01-14 02:14:51','2019-01-14 02:14:51',NULL),(6,'12',NULL,NULL,'ON','ON','N','2019-01-30 05:14:25','2019-01-30 05:14:25',NULL),(7,'01030809636',NULL,NULL,'ON','ON','N','2019-02-19 10:38:50','2019-02-19 10:38:50',NULL),(8,'01077122222',NULL,NULL,'ON','ON','N','2019-03-22 04:24:33','2019-03-22 04:24:33',NULL),(9,'01012341234',NULL,NULL,'ON','ON','N','2019-03-22 04:41:04','2019-03-22 04:41:04',NULL);
/*!40000 ALTER TABLE `users` ENABLE KEYS */;
UNLOCK TABLES;

--
-- Table structure for table `users_point`
--

DROP TABLE IF EXISTS `users_point`;
/*!40101 SET @saved_cs_client     = @@character_set_client */;
/*!40101 SET character_set_client = utf8 */;
CREATE TABLE `users_point` (
  `id` int(11) NOT NULL AUTO_INCREMENT,
  `users_id` int(11) DEFAULT NULL,
  `store_id` int(11) DEFAULT NULL,
  `order_id` int(11) DEFAULT NULL,
  `point` int(11) DEFAULT NULL COMMENT '사용또는적립포인트점수',
  `total_point` int(11) DEFAULT NULL COMMENT '잔여포인트',
  `status` enum('get','use') DEFAULT NULL COMMENT '상태 : 적립, 사용',
  `created_at` datetime DEFAULT NULL,
  `updated_at` datetime DEFAULT NULL,
  `deleted_at` datetime DEFAULT NULL,
  PRIMARY KEY (`id`)
) ENGINE=InnoDB AUTO_INCREMENT=51 DEFAULT CHARSET=utf8;
/*!40101 SET character_set_client = @saved_cs_client */;

--
-- Dumping data for table `users_point`
--

LOCK TABLES `users_point` WRITE;
/*!40000 ALTER TABLE `users_point` DISABLE KEYS */;
INSERT INTO `users_point` VALUES (1,1,1,187,1000,100000,'get','2018-12-21 14:07:37',NULL,NULL),(2,1,1,401,10000,90000,'use','2019-02-18 01:12:51','2019-02-18 01:12:51',NULL),(3,1,1,402,10000,80000,'use','2019-02-18 01:27:52','2019-02-18 01:27:52',NULL),(4,1,1,403,10000,70000,'use','2019-02-18 01:31:23','2019-02-18 01:31:23',NULL),(5,1,1,405,10000,60000,'use','2019-02-18 01:33:20','2019-02-18 01:33:20',NULL),(6,1,1,406,10000,70000,'get','2019-02-18 01:36:30','2019-02-18 01:36:30',NULL),(7,1,1,407,10000,80000,'get','2019-02-18 02:15:49','2019-02-18 02:15:49',NULL),(8,1,1,409,10000,90000,'get','2019-02-18 07:22:53','2019-02-18 07:22:53',NULL),(9,1,1,410,10000,100000,'get','2019-02-18 08:02:25','2019-02-18 08:02:25',NULL),(23,7,1,418,10,10,'get','2019-02-19 10:38:50','2019-02-19 10:38:50',NULL),(24,7,1,423,180,180,'get','2019-02-20 09:25:14','2019-02-20 09:25:14',NULL),(25,7,1,451,100,100,'get','2019-03-04 05:33:39','2019-03-04 05:33:39',NULL),(26,1,1,468,5500,94500,'use','2019-03-06 01:07:37','2019-03-06 01:07:37',NULL),(27,1,1,516,54000,40500,'use','2019-03-07 01:03:29','2019-03-07 01:03:29',NULL),(28,1,1,527,400,40100,'use','2019-03-07 02:32:40','2019-03-07 02:32:40',NULL),(29,1,1,531,5400,5400,'get','2019-03-07 04:46:15','2019-03-07 04:46:15',NULL),(30,4,1,532,40,100040,'get','2019-03-07 04:58:00','2019-03-07 04:58:00',NULL),(31,4,1,533,400,99640,'use','2019-03-07 04:59:11','2019-03-07 04:59:11',NULL),(32,1,1,534,5340,5340,'get','2019-03-07 05:18:50','2019-03-07 05:18:50',NULL),(33,1,1,535,40,40,'get','2019-03-07 05:20:04','2019-03-07 05:20:04',NULL),(34,1,1,537,40,40,'get','2019-03-07 05:25:53','2019-03-07 05:25:53',NULL),(35,1,1,538,40,80,'get','2019-03-07 05:30:17','2019-03-07 05:30:17',NULL),(36,1,1,539,5340,5420,'get','2019-03-07 05:31:38','2019-03-07 05:31:38',NULL),(37,1,1,540,100,5520,'get','2019-03-07 05:32:48','2019-03-07 05:32:48',NULL),(38,1,1,541,400,5120,'use','2019-03-07 05:33:30','2019-03-07 05:33:30',NULL),(39,1,1,552,800,500000000,'use','2019-03-07 06:32:24','2019-03-07 06:32:24',NULL),(40,4,1,553,400,99240,'use','2019-03-07 07:41:36','2019-03-07 07:41:36',NULL),(41,1,1,583,4500,499995500,'use','2019-03-14 08:04:15','2019-03-14 08:04:15',NULL),(42,7,1,588,300,400,'get','2019-03-14 09:02:17','2019-03-14 09:02:17',NULL),(43,7,1,600,360,760,'get','2019-03-14 11:53:15','2019-03-14 11:53:15',NULL),(44,1,1,678,500,499996000,'get','2019-03-25 07:08:18','2019-03-25 07:08:18',NULL),(45,1,1,680,500,499996500,'get','2019-03-25 07:09:42','2019-03-25 07:09:42',NULL),(46,7,1,743,500,1260,'get','2019-04-04 06:03:31','2019-04-04 06:03:31',NULL),(47,4,1,832,3600,95640,'use','2019-05-17 11:48:25','2019-05-17 11:48:25',NULL),(48,4,1,833,9000,86640,'use','2019-05-17 11:50:39','2019-05-17 11:50:39',NULL),(49,4,1,834,12000,74640,'use','2019-05-17 11:53:50','2019-05-17 11:53:50',NULL),(50,7,1,840,300,1560,'get','2019-05-22 05:05:21','2019-05-22 05:05:21',NULL);
/*!40000 ALTER TABLE `users_point` ENABLE KEYS */;
UNLOCK TABLES;

--
-- Table structure for table `users_prepayment`
--

DROP TABLE IF EXISTS `users_prepayment`;
/*!40101 SET @saved_cs_client     = @@character_set_client */;
/*!40101 SET character_set_client = utf8 */;
CREATE TABLE `users_prepayment` (
  `id` int(11) NOT NULL AUTO_INCREMENT,
  `users_id` int(11) DEFAULT NULL,
  `store_id` int(11) DEFAULT NULL,
  `order_id` int(11) DEFAULT NULL,
  `pre` int(11) DEFAULT NULL COMMENT '사용또는적립포인트점수',
  `total_pre` int(11) DEFAULT NULL COMMENT '잔여포인트',
  `status` enum('get','use') DEFAULT NULL COMMENT '상태 : 적립, 사용',
  `created_at` datetime DEFAULT NULL,
  `updated_at` datetime DEFAULT NULL,
  `deleted_at` datetime DEFAULT NULL,
  PRIMARY KEY (`id`)
) ENGINE=InnoDB AUTO_INCREMENT=87 DEFAULT CHARSET=utf8;
/*!40101 SET character_set_client = @saved_cs_client */;

--
-- Dumping data for table `users_prepayment`
--

LOCK TABLES `users_prepayment` WRITE;
/*!40000 ALTER TABLE `users_prepayment` DISABLE KEYS */;
INSERT INTO `users_prepayment` VALUES (10,1,1,221,10000,10000,'get','2018-12-26 06:49:11','2018-12-26 06:49:11',NULL),(11,2,1,222,20000,20000,'get','2018-12-26 06:53:40','2018-12-26 06:53:40',NULL),(12,1,1,223,5000,15000,'get','2018-12-26 08:47:37','2018-12-26 08:47:37',NULL),(13,3,1,224,1000,1000,'get','2018-12-26 08:50:27','2018-12-26 08:50:27',NULL),(14,4,1,225,10,10,'get','2018-12-27 02:05:55','2018-12-27 02:05:55',NULL),(15,4,1,226,10,20,'get','2018-12-27 02:11:51','2018-12-27 02:11:51',NULL),(16,4,1,227,10,30,'get','2018-12-27 02:27:59','2018-12-27 02:27:59',NULL),(17,4,1,NULL,50000,50030,'get','2018-12-27 04:33:14','2018-12-27 04:33:14',NULL),(18,4,1,NULL,10000,60030,'get','2018-12-27 06:31:49','2018-12-27 06:31:49',NULL),(19,4,1,NULL,10000,70030,'get','2018-12-27 06:35:57','2018-12-27 06:35:57',NULL),(20,4,1,NULL,10000,80030,'get','2018-12-27 06:45:33','2018-12-27 06:45:33',NULL),(21,4,1,NULL,7500,72530,'use','2018-12-31 04:39:49','2018-12-31 04:39:49',NULL),(22,4,1,NULL,10000,62530,'use','2018-12-31 05:37:27','2018-12-31 05:37:27',NULL),(23,4,1,NULL,10000,52530,'use','2018-12-31 05:38:09','2018-12-31 05:38:09',NULL),(24,4,1,NULL,7500,45030,'use','2018-12-31 05:39:53','2018-12-31 05:39:53',NULL),(25,4,1,NULL,1000,44030,'use','2018-12-31 05:41:07','2018-12-31 05:41:07',NULL),(26,4,1,NULL,1000,43030,'use','2018-12-31 05:42:21','2018-12-31 05:42:21',NULL),(27,4,1,NULL,1000,42030,'use','2018-12-31 05:43:30','2018-12-31 05:43:30',NULL),(28,4,1,NULL,1000,41030,'use','2018-12-31 05:46:45','2018-12-31 05:46:45',NULL),(29,4,1,240,1000,40030,'use','2018-12-31 05:47:31','2018-12-31 05:47:31',NULL),(30,4,1,242,1000,39030,'use','2018-12-31 05:48:18','2018-12-31 05:48:18',NULL),(31,4,1,253,8800,30230,'use','2019-01-08 02:13:57','2019-01-08 02:13:57',NULL),(32,4,1,254,8800,21430,'use','2019-01-08 02:32:30','2019-01-08 02:32:30',NULL),(33,4,1,331,1000,20430,'use','2019-01-11 08:00:59','2019-01-11 08:00:59',NULL),(34,4,1,332,1000,19430,'use','2019-01-11 08:01:22','2019-01-11 08:01:22',NULL),(35,4,1,333,1000,18430,'use','2019-01-11 08:05:10','2019-01-11 08:05:10',NULL),(36,4,1,339,15000,33430,'get','2019-01-14 02:00:00','2019-01-14 02:00:00',NULL),(37,4,1,340,15000,48430,'get','2019-01-14 02:08:50','2019-01-14 02:08:50',NULL),(38,4,1,340,15000,63430,'get','2019-01-14 02:08:59','2019-01-14 02:08:59',NULL),(39,4,1,341,15000,78430,'get','2019-01-14 02:14:20','2019-01-14 02:14:20',NULL),(40,4,1,343,15000,93430,'get','2019-01-14 02:36:24','2019-01-14 02:36:24',NULL),(41,4,1,360,1000,92430,'use','2019-01-18 01:06:38','2019-01-18 01:06:38',NULL),(42,4,1,364,1000,91430,'use','2019-01-18 02:31:17','2019-01-18 02:31:17',NULL),(43,4,1,364,1000,92430,'get','2019-01-18 04:36:39','2019-01-18 04:36:39',NULL),(44,4,1,367,4900,87530,'use','2019-01-18 06:52:05','2019-01-18 06:52:05',NULL),(45,4,1,367,4900,92430,'get','2019-01-18 06:57:08','2019-01-18 06:57:08',NULL),(46,4,1,368,1000,91430,'use','2019-01-22 09:12:47','2019-01-22 09:12:47',NULL),(47,4,1,368,1000,92430,'get','2019-01-25 02:36:00','2019-01-25 02:36:00',NULL),(48,4,1,368,1000,93430,'get','2019-01-25 02:39:53','2019-01-25 02:39:53',NULL),(49,4,1,368,1000,94430,'get','2019-01-25 02:44:21','2019-01-25 02:44:21',NULL),(50,4,1,372,1000,93430,'use','2019-01-31 04:18:51','2019-01-31 04:18:51',NULL),(51,4,1,372,1000,92430,'use','2019-01-31 04:21:12','2019-01-31 04:21:12',NULL),(52,4,1,373,1000,91430,'use','2019-01-31 04:22:08','2019-01-31 04:22:08',NULL),(53,1,1,379,10000,100000,'use','2019-02-15 08:16:07','2019-02-15 08:16:07',NULL),(54,1,1,382,28000,72000,'use','2019-02-15 08:19:12','2019-02-15 08:19:12',NULL),(55,1,1,406,10000,62000,'use','2019-02-18 01:36:29','2019-02-18 01:36:29',NULL),(56,1,1,407,10000,52000,'use','2019-02-18 02:15:49','2019-02-18 02:15:49',NULL),(57,1,1,408,1000,51000,'use','2019-02-18 07:20:34','2019-02-18 07:20:34',NULL),(58,1,1,409,10000,41000,'use','2019-02-18 07:22:53','2019-02-18 07:22:53',NULL),(59,1,1,410,10000,31000,'use','2019-02-18 08:02:25','2019-02-18 08:02:25',NULL),(60,1,1,411,10000,21000,'use','2019-02-18 08:17:43','2019-02-18 08:17:43',NULL),(61,1,1,412,10000,11000,'use','2019-02-18 08:23:10','2019-02-18 08:23:10',NULL),(62,1,1,415,1000,10000,'use','2019-02-18 08:51:32','2019-02-18 08:51:32',NULL),(63,1,1,537,400,9600,'use','2019-03-07 05:23:15','2019-03-07 05:23:15',NULL),(64,1,1,538,400,1000000,'use','2019-03-07 05:27:57','2019-03-07 05:27:57',NULL),(65,1,1,539,53400,946600,'use','2019-03-07 05:31:26','2019-03-07 05:31:26',NULL),(66,1,1,540,1000,945600,'use','2019-03-07 05:32:26','2019-03-07 05:32:26',NULL),(67,1,1,562,5500,940100,'use','2019-03-12 04:30:37','2019-03-12 04:30:37',NULL),(68,1,1,563,5900,934200,'use','2019-03-12 04:31:14','2019-03-12 04:31:14',NULL),(69,1,1,564,7500,926700,'use','2019-03-12 04:33:11','2019-03-12 04:33:11',NULL),(70,1,1,565,3900,922800,'use','2019-03-12 04:33:31','2019-03-12 04:33:31',NULL),(71,1,1,579,60000,862800,'use','2019-03-14 07:33:59','2019-03-14 07:33:59',NULL),(72,4,1,609,8400,83030,'use','2019-03-18 09:05:06','2019-03-18 09:05:06',NULL),(73,4,1,617,5000,78030,'use','2019-03-19 00:42:51','2019-03-19 00:42:51',NULL),(74,4,1,619,3600,74430,'use','2019-03-19 00:46:06','2019-03-19 00:46:06',NULL),(75,4,1,620,6000,68430,'use','2019-03-19 00:59:13','2019-03-19 00:59:13',NULL),(76,4,1,621,7000,61430,'use','2019-03-19 01:07:09','2019-03-19 01:07:09',NULL),(77,4,1,620,6000,55430,'use','2019-03-19 01:10:41','2019-03-19 01:10:41',NULL),(78,4,1,622,7000,48430,'use','2019-03-19 01:11:59','2019-03-19 01:11:59',NULL),(79,4,1,623,7000,41430,'use','2019-03-19 01:21:38','2019-03-19 01:21:38',NULL),(80,4,1,624,7000,34430,'use','2019-03-19 08:37:52','2019-03-19 08:37:52',NULL),(81,4,1,668,50000,84430,'get','2019-03-22 01:54:44','2019-03-22 01:54:44',NULL),(82,4,1,669,5000,89430,'get','2019-03-22 01:59:10','2019-03-22 01:59:10',NULL),(83,4,1,674,5000,94430,'get','2019-03-22 04:42:46','2019-03-22 04:42:46',NULL),(84,4,1,675,1000,95430,'get','2019-03-22 04:45:04','2019-03-22 04:45:04',NULL),(85,1,1,678,5000,857800,'use','2019-03-25 07:08:09','2019-03-25 07:08:09',NULL),(86,1,1,679,5000,852800,'use','2019-03-25 07:08:59','2019-03-25 07:08:59',NULL);
/*!40000 ALTER TABLE `users_prepayment` ENABLE KEYS */;
UNLOCK TABLES;
/*!40103 SET TIME_ZONE=@OLD_TIME_ZONE */;

/*!40101 SET SQL_MODE=@OLD_SQL_MODE */;
/*!40014 SET FOREIGN_KEY_CHECKS=@OLD_FOREIGN_KEY_CHECKS */;
/*!40014 SET UNIQUE_CHECKS=@OLD_UNIQUE_CHECKS */;
/*!40101 SET CHARACTER_SET_CLIENT=@OLD_CHARACTER_SET_CLIENT */;
/*!40101 SET CHARACTER_SET_RESULTS=@OLD_CHARACTER_SET_RESULTS */;
/*!40101 SET COLLATION_CONNECTION=@OLD_COLLATION_CONNECTION */;
/*!40111 SET SQL_NOTES=@OLD_SQL_NOTES */;

-- Dump completed on 2019-10-13  6:30:01
